"<?xml version=\"1.0\" encoding=\"utf-8\"?>\n<gw:GWallInfo xsi:schemaLocation=\"http://glasswall.com/namespace/gwallInfo.xsd\" xmlns:xsi=\"http://www.w3.org/2001/XMLSchema-instance\" xmlns:gw=\"http://glasswall.com/namespace\">\n\t<gw:DocumentStatistics>\n\t\t<gw:DocumentSummary>\n\t\t\t<gw:TotalSizeInBytes>0</gw:TotalSizeInBytes>\n\t\t\t<gw:FileType>pdf</gw:FileType>\n\t\t\t<gw:Version>PDF-1.5</gw:Version>\n\t\t</gw:DocumentSummary>\n\t\t<gw:ContentManagementPolicy>\n\t\t\t<gw:Camera cameraName=\"pdfConfig\">\n\t\t\t\t<gw:ContentSwitch>\n\t\t\t\t\t<gw:ContentName>metadata</gw:ContentName>\n\t\t\t\t\t<gw:ContentValue>sanitise</gw:ContentValue>\n\t\t\t\t</gw:ContentSwitch>\n\t\t\t\t<gw:ContentSwitch>\n\t\t\t\t\t<gw:ContentName>javascript</gw:ContentName>\n\t\t\t\t\t<gw:ContentValue>sanitise</gw:ContentValue>\n\t\t\t\t</gw:ContentSwitch>\n\t\t\t\t<gw:ContentSwitch>\n\t\t\t\t\t<gw:ContentName>acroform</gw:ContentName>\n\t\t\t\t\t<gw:ContentValue>sanitise</gw:ContentValue>\n\t\t\t\t</gw:ContentSwitch>\n\t\t\t\t<gw:ContentSwitch>\n\t\t\t\t\t<gw:ContentName>actions_all</gw:ContentName>\n\t\t\t\t\t<gw:ContentValue>sanitise</gw:ContentValue>\n\t\t\t\t</gw:ContentSwitch>\n\t\t\t\t<gw:ContentSwitch>\n\t\t\t\t\t<gw:ContentName>embedded_files</gw:ContentName>\n\t\t\t\t\t<gw:ContentValue>sanitise</gw:ContentValue>\n\t\t\t\t</gw:ContentSwitch>\n\t\t\t\t<gw:ContentSwitch>\n\t\t\t\t\t<gw:ContentName>external_hyperlinks</gw:ContentName>\n\t\t\t\t\t<gw:ContentValue>sanitise</gw:ContentValue>\n\t\t\t\t</gw:ContentSwitch>\n\t\t\t\t<gw:ContentSwitch>\n\t\t\t\t\t<gw:ContentName>internal_hyperlinks</gw:ContentName>\n\t\t\t\t\t<gw:ContentValue>sanitise</gw:ContentValue>\n\t\t\t\t</gw:ContentSwitch>\n\t\t\t\t<gw:ContentSwitch>\n\t\t\t\t\t<gw:ContentName>embedded_images</gw:ContentName>\n\t\t\t\t\t<gw:ContentValue>sanitise</gw:ContentValue>\n\t\t\t\t</gw:ContentSwitch>\n\t\t\t</gw:Camera>\n\t\t\t<gw:Camera cameraName=\"wordConfig\">\n\t\t\t\t<gw:ContentSwitch>\n\t\t\t\t\t<gw:ContentName>metadata</gw:ContentName>\n\t\t\t\t\t<gw:ContentValue>sanitise</gw:ContentValue>\n\t\t\t\t</gw:ContentSwitch>\n\t\t\t\t<gw:ContentSwitch>\n\t\t\t\t\t<gw:ContentName>macros</gw:ContentName>\n\t\t\t\t\t<gw:ContentValue>sanitise</gw:ContentValue>\n\t\t\t\t</gw:ContentSwitch>\n\t\t\t\t<gw:ContentSwitch>\n\t\t\t\t\t<gw:ContentName>embedded_files</gw:ContentName>\n\t\t\t\t\t<gw:ContentValue>sanitise</gw:ContentValue>\n\t\t\t\t</gw:ContentSwitch>\n\t\t\t\t<gw:ContentSwitch>\n\t\t\t\t\t<gw:ContentName>review_comments</gw:ContentName>\n\t\t\t\t\t<gw:ContentValue>sanitise</gw:ContentValue>\n\t\t\t\t</gw:ContentSwitch>\n\t\t\t\t<gw:ContentSwitch>\n\t\t\t\t\t<gw:ContentName>internal_hyperlinks</gw:ContentName>\n\t\t\t\t\t<gw:ContentValue>sanitise</gw:ContentValue>\n\t\t\t\t</gw:ContentSwitch>\n\t\t\t\t<gw:ContentSwitch>\n\t\t\t\t\t<gw:ContentName>external_hyperlinks</gw:ContentName>\n\t\t\t\t\t<gw:ContentValue>sanitise</gw:ContentValue>\n\t\t\t\t</gw:ContentSwitch>\n\t\t\t\t<gw:ContentSwitch>\n\t\t\t\t\t<gw:ContentName>dynamic_data_exchange</gw:ContentName>\n\t\t\t\t\t<gw:ContentValue>sanitise</gw:ContentValue>\n\t\t\t\t</gw:ContentSwitch>\n\t\t\t\t<gw:ContentSwitch>\n\t\t\t\t\t<gw:ContentName>embedded_images</gw:ContentName>\n\t\t\t\t\t<gw:ContentValue>sanitise</gw:ContentValue>\n\t\t\t\t</gw:ContentSwitch>\n\t\t\t</gw:Camera>\n\t\t\t<gw:Camera cameraName=\"pptConfig\">\n\t\t\t\t<gw:ContentSwitch>\n\t\t\t\t\t<gw:ContentName>metadata</gw:ContentName>\n\t\t\t\t\t<gw:ContentValue>sanitise</gw:ContentValue>\n\t\t\t\t</gw:ContentSwitch>\n\t\t\t\t<gw:ContentSwitch>\n\t\t\t\t\t<gw:ContentName>macros</gw:ContentName>\n\t\t\t\t\t<gw:ContentValue>sanitise</gw:ContentValue>\n\t\t\t\t</gw:ContentSwitch>\n\t\t\t\t<gw:ContentSwitch>\n\t\t\t\t\t<gw:ContentName>embedded_files</gw:ContentName>\n\t\t\t\t\t<gw:ContentValue>sanitise</gw:ContentValue>\n\t\t\t\t</gw:ContentSwitch>\n\t\t\t\t<gw:ContentSwitch>\n\t\t\t\t\t<gw:ContentName>review_comments</gw:ContentName>\n\t\t\t\t\t<gw:ContentValue>sanitise</gw:ContentValue>\n\t\t\t\t</gw:ContentSwitch>\n\t\t\t\t<gw:ContentSwitch>\n\t\t\t\t\t<gw:ContentName>internal_hyperlinks</gw:ContentName>\n\t\t\t\t\t<gw:ContentValue>sanitise</gw:ContentValue>\n\t\t\t\t</gw:ContentSwitch>\n\t\t\t\t<gw:ContentSwitch>\n\t\t\t\t\t<gw:ContentName>external_hyperlinks</gw:ContentName>\n\t\t\t\t\t<gw:ContentValue>sanitise</gw:ContentValue>\n\t\t\t\t</gw:ContentSwitch>\n\t\t\t\t<gw:ContentSwitch>\n\t\t\t\t\t<gw:ContentName>embedded_images</gw:ContentName>\n\t\t\t\t\t<gw:ContentValue>sanitise</gw:ContentValue>\n\t\t\t\t</gw:ContentSwitch>\n\t\t\t</gw:Camera>\n\t\t\t<gw:Camera cameraName=\"xlsConfig\">\n\t\t\t\t<gw:ContentSwitch>\n\t\t\t\t\t<gw:ContentName>metadata</gw:ContentName>\n\t\t\t\t\t<gw:ContentValue>sanitise</gw:ContentValue>\n\t\t\t\t</gw:ContentSwitch>\n\t\t\t\t<gw:ContentSwitch>\n\t\t\t\t\t<gw:ContentName>macros</gw:ContentName>\n\t\t\t\t\t<gw:ContentValue>sanitise</gw:ContentValue>\n\t\t\t\t</gw:ContentSwitch>\n\t\t\t\t<gw:ContentSwitch>\n\t\t\t\t\t<gw:ContentName>embedded_files</gw:ContentName>\n\t\t\t\t\t<gw:ContentValue>sanitise</gw:ContentValue>\n\t\t\t\t</gw:ContentSwitch>\n\t\t\t\t<gw:ContentSwitch>\n\t\t\t\t\t<gw:ContentName>internal_hyperlinks</gw:ContentName>\n\t\t\t\t\t<gw:ContentValue>sanitise</gw:ContentValue>\n\t\t\t\t</gw:ContentSwitch>\n\t\t\t\t<gw:ContentSwitch>\n\t\t\t\t\t<gw:ContentName>external_hyperlinks</gw:ContentName>\n\t\t\t\t\t<gw:ContentValue>sanitise</gw:ContentValue>\n\t\t\t\t</gw:ContentSwitch>\n\t\t\t\t<gw:ContentSwitch>\n\t\t\t\t\t<gw:ContentName>review_comments</gw:ContentName>\n\t\t\t\t\t<gw:ContentValue>sanitise</gw:ContentValue>\n\t\t\t\t</gw:ContentSwitch>\n\t\t\t\t<gw:ContentSwitch>\n\t\t\t\t\t<gw:ContentName>dynamic_data_exchange</gw:ContentName>\n\t\t\t\t\t<gw:ContentValue>sanitise</gw:ContentValue>\n\t\t\t\t</gw:ContentSwitch>\n\t\t\t\t<gw:ContentSwitch>\n\t\t\t\t\t<gw:ContentName>embedded_images</gw:ContentName>\n\t\t\t\t\t<gw:ContentValue>sanitise</gw:ContentValue>\n\t\t\t\t</gw:ContentSwitch>\n\t\t\t</gw:Camera>\n\t\t</gw:ContentManagementPolicy>\n\t\t<gw:ContentGroups groupCount=\"22\">\n\t\t\t<gw:ContentGroup>\n\t\t\t\t<gw:BriefDescription>PDF document has Basic File Section structure instances</gw:BriefDescription>\n\t\t\t\t<gw:ContentItems itemCount=\"5\">\n\t\t\t\t\t<gw:ContentItem>\n\t\t\t\t\t\t<gw:TechnicalDescription>PDF Cross Reference Table Instances</gw:TechnicalDescription>\n\t\t\t\t\t\t<gw:InstanceCount>2</gw:InstanceCount>\n\t\t\t\t\t\t<gw:TotalSizeInBytes>11584</gw:TotalSizeInBytes>\n\t\t\t\t\t\t<gw:AverageSizeInBytes>5792</gw:AverageSizeInBytes>\n\t\t\t\t\t\t<gw:MinSizeInBytes>11</gw:MinSizeInBytes>\n\t\t\t\t\t\t<gw:MaxSizeInBytes>11573</gw:MaxSizeInBytes>\n\t\t\t\t\t</gw:ContentItem>\n\t\t\t\t\t<gw:ContentItem>\n\t\t\t\t\t\t<gw:TechnicalDescription>PDF Header Instances</gw:TechnicalDescription>\n\t\t\t\t\t\t<gw:InstanceCount>1</gw:InstanceCount>\n\t\t\t\t\t\t<gw:TotalSizeInBytes>17</gw:TotalSizeInBytes>\n\t\t\t\t\t\t<gw:AverageSizeInBytes>17</gw:AverageSizeInBytes>\n\t\t\t\t\t\t<gw:MinSizeInBytes>17</gw:MinSizeInBytes>\n\t\t\t\t\t\t<gw:MaxSizeInBytes>17</gw:MaxSizeInBytes>\n\t\t\t\t\t</gw:ContentItem>\n\t\t\t\t\t<gw:ContentItem>\n\t\t\t\t\t\t<gw:TechnicalDescription>PDF Object Instances</gw:TechnicalDescription>\n\t\t\t\t\t\t<gw:InstanceCount>577</gw:InstanceCount>\n\t\t\t\t\t\t<gw:TotalSizeInBytes>3128113</gw:TotalSizeInBytes>\n\t\t\t\t\t\t<gw:AverageSizeInBytes>5421</gw:AverageSizeInBytes>\n\t\t\t\t\t\t<gw:MinSizeInBytes>28</gw:MinSizeInBytes>\n\t\t\t\t\t\t<gw:MaxSizeInBytes>99572</gw:MaxSizeInBytes>\n\t\t\t\t\t</gw:ContentItem>\n\t\t\t\t\t<gw:ContentItem>\n\t\t\t\t\t\t<gw:TechnicalDescription>PDF StartXref Section Instances</gw:TechnicalDescription>\n\t\t\t\t\t\t<gw:InstanceCount>2</gw:InstanceCount>\n\t\t\t\t\t\t<gw:TotalSizeInBytes>52</gw:TotalSizeInBytes>\n\t\t\t\t\t\t<gw:AverageSizeInBytes>26</gw:AverageSizeInBytes>\n\t\t\t\t\t\t<gw:MinSizeInBytes>25</gw:MinSizeInBytes>\n\t\t\t\t\t\t<gw:MaxSizeInBytes>27</gw:MaxSizeInBytes>\n\t\t\t\t\t</gw:ContentItem>\n\t\t\t\t\t<gw:ContentItem>\n\t\t\t\t\t\t<gw:TechnicalDescription>PDF Trailer Section Instances</gw:TechnicalDescription>\n\t\t\t\t\t\t<gw:InstanceCount>2</gw:InstanceCount>\n\t\t\t\t\t\t<gw:TotalSizeInBytes>269</gw:TotalSizeInBytes>\n\t\t\t\t\t\t<gw:AverageSizeInBytes>134</gw:AverageSizeInBytes>\n\t\t\t\t\t\t<gw:MinSizeInBytes>120</gw:MinSizeInBytes>\n\t\t\t\t\t\t<gw:MaxSizeInBytes>149</gw:MaxSizeInBytes>\n\t\t\t\t\t</gw:ContentItem>\n\t\t\t\t</gw:ContentItems>\n\t\t\t\t<gw:SanitisationItems itemCount=\"0\" />\n\t\t\t\t<gw:RemedyItems itemCount=\"3\">\n\t\t\t\t\t<gw:RemedyItem>\n\t\t\t\t\t\t<gw:TechnicalDescription>Pdf Object Instances Not Regenerated.</gw:TechnicalDescription>\n\t\t\t\t\t\t<gw:InstanceCount>1</gw:InstanceCount>\n\t\t\t\t\t</gw:RemedyItem>\n\t\t\t\t\t<gw:RemedyItem>\n\t\t\t\t\t\t<gw:TechnicalDescription>Recreate standard PDF section remedies.</gw:TechnicalDescription>\n\t\t\t\t\t\t<gw:InstanceCount>88</gw:InstanceCount>\n\t\t\t\t\t</gw:RemedyItem>\n\t\t\t\t\t<gw:RemedyItem>\n\t\t\t\t\t\t<gw:TechnicalDescription>Recreate standard PDF token remedies.</gw:TechnicalDescription>\n\t\t\t\t\t\t<gw:InstanceCount>88</gw:InstanceCount>\n\t\t\t\t\t</gw:RemedyItem>\n\t\t\t\t</gw:RemedyItems>\n\t\t\t\t<gw:IssueItems itemCount=\"0\" />\n\t\t\t</gw:ContentGroup>\n\t\t\t<gw:ContentGroup>\n\t\t\t\t<gw:BriefDescription>PDF document has Basic Object Structure instances</gw:BriefDescription>\n\t\t\t\t<gw:ContentItems itemCount=\"14\">\n\t\t\t\t\t<gw:ContentItem>\n\t\t\t\t\t\t<gw:TechnicalDescription>ARRAY</gw:TechnicalDescription>\n\t\t\t\t\t\t<gw:InstanceCount>6865</gw:InstanceCount>\n\t\t\t\t\t\t<gw:TotalSizeInBytes>6865</gw:TotalSizeInBytes>\n\t\t\t\t\t\t<gw:AverageSizeInBytes>1</gw:AverageSizeInBytes>\n\t\t\t\t\t\t<gw:MinSizeInBytes>1</gw:MinSizeInBytes>\n\t\t\t\t\t\t<gw:MaxSizeInBytes>1</gw:MaxSizeInBytes>\n\t\t\t\t\t</gw:ContentItem>\n\t\t\t\t\t<gw:ContentItem>\n\t\t\t\t\t\t<gw:TechnicalDescription>ARRAY_end</gw:TechnicalDescription>\n\t\t\t\t\t\t<gw:InstanceCount>6865</gw:InstanceCount>\n\t\t\t\t\t\t<gw:TotalSizeInBytes>6865</gw:TotalSizeInBytes>\n\t\t\t\t\t\t<gw:AverageSizeInBytes>1</gw:AverageSizeInBytes>\n\t\t\t\t\t\t<gw:MinSizeInBytes>1</gw:MinSizeInBytes>\n\t\t\t\t\t\t<gw:MaxSizeInBytes>1</gw:MaxSizeInBytes>\n\t\t\t\t\t</gw:ContentItem>\n\t\t\t\t\t<gw:ContentItem>\n\t\t\t\t\t\t<gw:TechnicalDescription>BOOLEAN</gw:TechnicalDescription>\n\t\t\t\t\t\t<gw:InstanceCount>72</gw:InstanceCount>\n\t\t\t\t\t\t<gw:TotalSizeInBytes>297</gw:TotalSizeInBytes>\n\t\t\t\t\t\t<gw:AverageSizeInBytes>4</gw:AverageSizeInBytes>\n\t\t\t\t\t\t<gw:MinSizeInBytes>4</gw:MinSizeInBytes>\n\t\t\t\t\t\t<gw:MaxSizeInBytes>5</gw:MaxSizeInBytes>\n\t\t\t\t\t</gw:ContentItem>\n\t\t\t\t\t<gw:ContentItem>\n\t\t\t\t\t\t<gw:TechnicalDescription>DICTIONARY</gw:TechnicalDescription>\n\t\t\t\t\t\t<gw:InstanceCount>1298</gw:InstanceCount>\n\t\t\t\t\t\t<gw:TotalSizeInBytes>2596</gw:TotalSizeInBytes>\n\t\t\t\t\t\t<gw:AverageSizeInBytes>2</gw:AverageSizeInBytes>\n\t\t\t\t\t\t<gw:MinSizeInBytes>2</gw:MinSizeInBytes>\n\t\t\t\t\t\t<gw:MaxSizeInBytes>2</gw:MaxSizeInBytes>\n\t\t\t\t\t</gw:ContentItem>\n\t\t\t\t\t<gw:ContentItem>\n\t\t\t\t\t\t<gw:TechnicalDescription>DICTIONARY_end</gw:TechnicalDescription>\n\t\t\t\t\t\t<gw:InstanceCount>1298</gw:InstanceCount>\n\t\t\t\t\t\t<gw:TotalSizeInBytes>2596</gw:TotalSizeInBytes>\n\t\t\t\t\t\t<gw:AverageSizeInBytes>2</gw:AverageSizeInBytes>\n\t\t\t\t\t\t<gw:MinSizeInBytes>2</gw:MinSizeInBytes>\n\t\t\t\t\t\t<gw:MaxSizeInBytes>2</gw:MaxSizeInBytes>\n\t\t\t\t\t</gw:ContentItem>\n\t\t\t\t\t<gw:ContentItem>\n\t\t\t\t\t\t<gw:TechnicalDescription>NAME</gw:TechnicalDescription>\n\t\t\t\t\t\t<gw:InstanceCount>9543</gw:InstanceCount>\n\t\t\t\t\t\t<gw:TotalSizeInBytes>56621</gw:TotalSizeInBytes>\n\t\t\t\t\t\t<gw:AverageSizeInBytes>5</gw:AverageSizeInBytes>\n\t\t\t\t\t\t<gw:MinSizeInBytes>2</gw:MinSizeInBytes>\n\t\t\t\t\t\t<gw:MaxSizeInBytes>35</gw:MaxSizeInBytes>\n\t\t\t\t\t</gw:ContentItem>\n\t\t\t\t\t<gw:ContentItem>\n\t\t\t\t\t\t<gw:TechnicalDescription>NUMERIC_INTEGER</gw:TechnicalDescription>\n\t\t\t\t\t\t<gw:InstanceCount>67568</gw:InstanceCount>\n\t\t\t\t\t\t<gw:TotalSizeInBytes>92455</gw:TotalSizeInBytes>\n\t\t\t\t\t\t<gw:AverageSizeInBytes>1</gw:AverageSizeInBytes>\n\t\t\t\t\t\t<gw:MinSizeInBytes>1</gw:MinSizeInBytes>\n\t\t\t\t\t\t<gw:MaxSizeInBytes>7</gw:MaxSizeInBytes>\n\t\t\t\t\t</gw:ContentItem>\n\t\t\t\t\t<gw:ContentItem>\n\t\t\t\t\t\t<gw:TechnicalDescription>NUMERIC_REAL</gw:TechnicalDescription>\n\t\t\t\t\t\t<gw:InstanceCount>192412</gw:InstanceCount>\n\t\t\t\t\t\t<gw:TotalSizeInBytes>1122445</gw:TotalSizeInBytes>\n\t\t\t\t\t\t<gw:AverageSizeInBytes>5</gw:AverageSizeInBytes>\n\t\t\t\t\t\t<gw:MinSizeInBytes>3</gw:MinSizeInBytes>\n\t\t\t\t\t\t<gw:MaxSizeInBytes>12</gw:MaxSizeInBytes>\n\t\t\t\t\t</gw:ContentItem>\n\t\t\t\t\t<gw:ContentItem>\n\t\t\t\t\t\t<gw:TechnicalDescription>REFERENCE</gw:TechnicalDescription>\n\t\t\t\t\t\t<gw:InstanceCount>1252</gw:InstanceCount>\n\t\t\t\t\t\t<gw:TotalSizeInBytes>7634</gw:TotalSizeInBytes>\n\t\t\t\t\t\t<gw:AverageSizeInBytes>6</gw:AverageSizeInBytes>\n\t\t\t\t\t\t<gw:MinSizeInBytes>5</gw:MinSizeInBytes>\n\t\t\t\t\t\t<gw:MaxSizeInBytes>7</gw:MaxSizeInBytes>\n\t\t\t\t\t</gw:ContentItem>\n\t\t\t\t\t<gw:ContentItem>\n\t\t\t\t\t\t<gw:TechnicalDescription>STREAM</gw:TechnicalDescription>\n\t\t\t\t\t\t<gw:InstanceCount>214</gw:InstanceCount>\n\t\t\t\t\t\t<gw:TotalSizeInBytes>3025349</gw:TotalSizeInBytes>\n\t\t\t\t\t\t<gw:AverageSizeInBytes>14137</gw:AverageSizeInBytes>\n\t\t\t\t\t\t<gw:MinSizeInBytes>12</gw:MinSizeInBytes>\n\t\t\t\t\t\t<gw:MaxSizeInBytes>99401</gw:MaxSizeInBytes>\n\t\t\t\t\t</gw:ContentItem>\n\t\t\t\t\t<gw:ContentItem>\n\t\t\t\t\t\t<gw:TechnicalDescription>STREAM_GRAPHICS_CMD</gw:TechnicalDescription>\n\t\t\t\t\t\t<gw:InstanceCount>74356</gw:InstanceCount>\n\t\t\t\t\t\t<gw:TotalSizeInBytes>116615</gw:TotalSizeInBytes>\n\t\t\t\t\t\t<gw:AverageSizeInBytes>1</gw:AverageSizeInBytes>\n\t\t\t\t\t\t<gw:MinSizeInBytes>1</gw:MinSizeInBytes>\n\t\t\t\t\t\t<gw:MaxSizeInBytes>2</gw:MaxSizeInBytes>\n\t\t\t\t\t</gw:ContentItem>\n\t\t\t\t\t<gw:ContentItem>\n\t\t\t\t\t\t<gw:TechnicalDescription>STREAM_end</gw:TechnicalDescription>\n\t\t\t\t\t\t<gw:InstanceCount>214</gw:InstanceCount>\n\t\t\t\t\t\t<gw:TotalSizeInBytes>1926</gw:TotalSizeInBytes>\n\t\t\t\t\t\t<gw:AverageSizeInBytes>9</gw:AverageSizeInBytes>\n\t\t\t\t\t\t<gw:MinSizeInBytes>9</gw:MinSizeInBytes>\n\t\t\t\t\t\t<gw:MaxSizeInBytes>9</gw:MaxSizeInBytes>\n\t\t\t\t\t</gw:ContentItem>\n\t\t\t\t\t<gw:ContentItem>\n\t\t\t\t\t\t<gw:TechnicalDescription>STRING_HEX</gw:TechnicalDescription>\n\t\t\t\t\t\t<gw:InstanceCount>981</gw:InstanceCount>\n\t\t\t\t\t\t<gw:TotalSizeInBytes>12306</gw:TotalSizeInBytes>\n\t\t\t\t\t\t<gw:AverageSizeInBytes>12</gw:AverageSizeInBytes>\n\t\t\t\t\t\t<gw:MinSizeInBytes>6</gw:MinSizeInBytes>\n\t\t\t\t\t\t<gw:MaxSizeInBytes>86</gw:MaxSizeInBytes>\n\t\t\t\t\t</gw:ContentItem>\n\t\t\t\t\t<gw:ContentItem>\n\t\t\t\t\t\t<gw:TechnicalDescription>STRING_LITERAL</gw:TechnicalDescription>\n\t\t\t\t\t\t<gw:InstanceCount>35078</gw:InstanceCount>\n\t\t\t\t\t\t<gw:TotalSizeInBytes>150063</gw:TotalSizeInBytes>\n\t\t\t\t\t\t<gw:AverageSizeInBytes>4</gw:AverageSizeInBytes>\n\t\t\t\t\t\t<gw:MinSizeInBytes>2</gw:MinSizeInBytes>\n\t\t\t\t\t\t<gw:MaxSizeInBytes>92</gw:MaxSizeInBytes>\n\t\t\t\t\t</gw:ContentItem>\n\t\t\t\t</gw:ContentItems>\n\t\t\t\t<gw:SanitisationItems itemCount=\"0\" />\n\t\t\t\t<gw:RemedyItems itemCount=\"3\">\n\t\t\t\t\t<gw:RemedyItem>\n\t\t\t\t\t\t<gw:TechnicalDescription>Regenerated PDF Stream Instances</gw:TechnicalDescription>\n\t\t\t\t\t\t<gw:InstanceCount>63</gw:InstanceCount>\n\t\t\t\t\t</gw:RemedyItem>\n\t\t\t\t\t<gw:RemedyItem>\n\t\t\t\t\t\t<gw:TechnicalDescription>Sanitized PDF Stream Length Instances</gw:TechnicalDescription>\n\t\t\t\t\t\t<gw:InstanceCount>63</gw:InstanceCount>\n\t\t\t\t\t</gw:RemedyItem>\n\t\t\t\t\t<gw:RemedyItem>\n\t\t\t\t\t\t<gw:TechnicalDescription>Token tree instances removed.</gw:TechnicalDescription>\n\t\t\t\t\t\t<gw:InstanceCount>1</gw:InstanceCount>\n\t\t\t\t\t</gw:RemedyItem>\n\t\t\t\t</gw:RemedyItems>\n\t\t\t\t<gw:IssueItems itemCount=\"0\" />\n\t\t\t</gw:ContentGroup>\n\t\t\t<gw:ContentGroup>\n\t\t\t\t<gw:BriefDescription>PDF document has Compressed Cross Reference Table instances</gw:BriefDescription>\n\t\t\t\t<gw:ContentItems itemCount=\"1\">\n\t\t\t\t\t<gw:ContentItem>\n\t\t\t\t\t\t<gw:TechnicalDescription>Compressed Cross Reference Table</gw:TechnicalDescription>\n\t\t\t\t\t\t<gw:InstanceCount>2</gw:InstanceCount>\n\t\t\t\t\t\t<gw:TotalSizeInBytes>4204</gw:TotalSizeInBytes>\n\t\t\t\t\t\t<gw:AverageSizeInBytes>2102</gw:AverageSizeInBytes>\n\t\t\t\t\t\t<gw:MinSizeInBytes>2102</gw:MinSizeInBytes>\n\t\t\t\t\t\t<gw:MaxSizeInBytes>2102</gw:MaxSizeInBytes>\n\t\t\t\t\t</gw:ContentItem>\n\t\t\t\t</gw:ContentItems>\n\t\t\t\t<gw:SanitisationItems itemCount=\"0\" />\n\t\t\t\t<gw:RemedyItems itemCount=\"0\" />\n\t\t\t\t<gw:IssueItems itemCount=\"0\" />\n\t\t\t</gw:ContentGroup>\n\t\t\t<gw:ContentGroup>\n\t\t\t\t<gw:BriefDescription>PDF document has Content Stream Structure instances</gw:BriefDescription>\n\t\t\t\t<gw:ContentItems itemCount=\"1\">\n\t\t\t\t\t<gw:ContentItem>\n\t\t\t\t\t\t<gw:TechnicalDescription>Content Stream Structure</gw:TechnicalDescription>\n\t\t\t\t\t\t<gw:InstanceCount>206</gw:InstanceCount>\n\t\t\t\t\t\t<gw:TotalSizeInBytes>1336063</gw:TotalSizeInBytes>\n\t\t\t\t\t\t<gw:AverageSizeInBytes>6485</gw:AverageSizeInBytes>\n\t\t\t\t\t\t<gw:MinSizeInBytes>56</gw:MinSizeInBytes>\n\t\t\t\t\t\t<gw:MaxSizeInBytes>10314</gw:MaxSizeInBytes>\n\t\t\t\t\t</gw:ContentItem>\n\t\t\t\t</gw:ContentItems>\n\t\t\t\t<gw:SanitisationItems itemCount=\"0\" />\n\t\t\t\t<gw:RemedyItems itemCount=\"0\" />\n\t\t\t\t<gw:IssueItems itemCount=\"0\" />\n\t\t\t</gw:ContentGroup>\n\t\t\t<gw:ContentGroup>\n\t\t\t\t<gw:BriefDescription>PDF document has Indirect Object Structure instances</gw:BriefDescription>\n\t\t\t\t<gw:ContentItems itemCount=\"1\">\n\t\t\t\t\t<gw:ContentItem>\n\t\t\t\t\t\t<gw:TechnicalDescription>Indirect Object</gw:TechnicalDescription>\n\t\t\t\t\t\t<gw:InstanceCount>2883</gw:InstanceCount>\n\t\t\t\t\t\t<gw:TotalSizeInBytes>0</gw:TotalSizeInBytes>\n\t\t\t\t\t\t<gw:AverageSizeInBytes>0</gw:AverageSizeInBytes>\n\t\t\t\t\t\t<gw:MinSizeInBytes>0</gw:MinSizeInBytes>\n\t\t\t\t\t\t<gw:MaxSizeInBytes>0</gw:MaxSizeInBytes>\n\t\t\t\t\t</gw:ContentItem>\n\t\t\t\t</gw:ContentItems>\n\t\t\t\t<gw:SanitisationItems itemCount=\"0\" />\n\t\t\t\t<gw:RemedyItems itemCount=\"0\" />\n\t\t\t\t<gw:IssueItems itemCount=\"0\" />\n\t\t\t</gw:ContentGroup>\n\t\t\t<gw:ContentGroup>\n\t\t\t\t<gw:BriefDescription>PDF document has embedded image DCT Filter Stream instances</gw:BriefDescription>\n\t\t\t\t<gw:ContentItems itemCount=\"1\">\n\t\t\t\t\t<gw:ContentItem>\n\t\t\t\t\t\t<gw:TechnicalDescription>DCT Filter Stream Instance</gw:TechnicalDescription>\n\t\t\t\t\t\t<gw:InstanceCount>126</gw:InstanceCount>\n\t\t\t\t\t\t<gw:TotalSizeInBytes>2979020</gw:TotalSizeInBytes>\n\t\t\t\t\t\t<gw:AverageSizeInBytes>23643</gw:AverageSizeInBytes>\n\t\t\t\t\t\t<gw:MinSizeInBytes>1841</gw:MinSizeInBytes>\n\t\t\t\t\t\t<gw:MaxSizeInBytes>99391</gw:MaxSizeInBytes>\n\t\t\t\t\t</gw:ContentItem>\n\t\t\t\t</gw:ContentItems>\n\t\t\t\t<gw:SanitisationItems itemCount=\"0\" />\n\t\t\t\t<gw:RemedyItems itemCount=\"1\">\n\t\t\t\t\t<gw:RemedyItem>\n\t\t\t\t\t\t<gw:TechnicalDescription>Remedial work carried out on image</gw:TechnicalDescription>\n\t\t\t\t\t\t<gw:InstanceCount>63</gw:InstanceCount>\n\t\t\t\t\t</gw:RemedyItem>\n\t\t\t\t</gw:RemedyItems>\n\t\t\t\t<gw:IssueItems itemCount=\"0\" />\n\t\t\t</gw:ContentGroup>\n\t\t\t<gw:ContentGroup>\n\t\t\t\t<gw:BriefDescription>PDF document has embedded Huffman Filter Stream instances</gw:BriefDescription>\n\t\t\t\t<gw:ContentItems itemCount=\"1\">\n\t\t\t\t\t<gw:ContentItem>\n\t\t\t\t\t\t<gw:TechnicalDescription>Embedded Huffman Filter Stream</gw:TechnicalDescription>\n\t\t\t\t\t\t<gw:InstanceCount>362</gw:InstanceCount>\n\t\t\t\t\t\t<gw:TotalSizeInBytes>2868930</gw:TotalSizeInBytes>\n\t\t\t\t\t\t<gw:AverageSizeInBytes>7925</gw:AverageSizeInBytes>\n\t\t\t\t\t\t<gw:MinSizeInBytes>47</gw:MinSizeInBytes>\n\t\t\t\t\t\t<gw:MaxSizeInBytes>85204</gw:MaxSizeInBytes>\n\t\t\t\t\t</gw:ContentItem>\n\t\t\t\t</gw:ContentItems>\n\t\t\t\t<gw:SanitisationItems itemCount=\"0\" />\n\t\t\t\t<gw:RemedyItems itemCount=\"0\" />\n\t\t\t\t<gw:IssueItems itemCount=\"0\" />\n\t\t\t</gw:ContentGroup>\n\t\t\t<gw:ContentGroup>\n\t\t\t\t<gw:BriefDescription>PDF document has Standard Font Data Instances</gw:BriefDescription>\n\t\t\t\t<gw:ContentItems itemCount=\"10\">\n\t\t\t\t\t<gw:ContentItem>\n\t\t\t\t\t\t<gw:TechnicalDescription>/Arial</gw:TechnicalDescription>\n\t\t\t\t\t\t<gw:InstanceCount>1</gw:InstanceCount>\n\t\t\t\t\t\t<gw:TotalSizeInBytes>154</gw:TotalSizeInBytes>\n\t\t\t\t\t\t<gw:AverageSizeInBytes>154</gw:AverageSizeInBytes>\n\t\t\t\t\t\t<gw:MinSizeInBytes>154</gw:MinSizeInBytes>\n\t\t\t\t\t\t<gw:MaxSizeInBytes>154</gw:MaxSizeInBytes>\n\t\t\t\t\t</gw:ContentItem>\n\t\t\t\t\t<gw:ContentItem>\n\t\t\t\t\t\t<gw:TechnicalDescription>/Arial,Bold</gw:TechnicalDescription>\n\t\t\t\t\t\t<gw:InstanceCount>1</gw:InstanceCount>\n\t\t\t\t\t\t<gw:TotalSizeInBytes>159</gw:TotalSizeInBytes>\n\t\t\t\t\t\t<gw:AverageSizeInBytes>159</gw:AverageSizeInBytes>\n\t\t\t\t\t\t<gw:MinSizeInBytes>159</gw:MinSizeInBytes>\n\t\t\t\t\t\t<gw:MaxSizeInBytes>159</gw:MaxSizeInBytes>\n\t\t\t\t\t</gw:ContentItem>\n\t\t\t\t\t<gw:ContentItem>\n\t\t\t\t\t\t<gw:TechnicalDescription>/Helvetica</gw:TechnicalDescription>\n\t\t\t\t\t\t<gw:InstanceCount>1</gw:InstanceCount>\n\t\t\t\t\t\t<gw:TotalSizeInBytes>380</gw:TotalSizeInBytes>\n\t\t\t\t\t\t<gw:AverageSizeInBytes>380</gw:AverageSizeInBytes>\n\t\t\t\t\t\t<gw:MinSizeInBytes>380</gw:MinSizeInBytes>\n\t\t\t\t\t\t<gw:MaxSizeInBytes>380</gw:MaxSizeInBytes>\n\t\t\t\t\t</gw:ContentItem>\n\t\t\t\t\t<gw:ContentItem>\n\t\t\t\t\t\t<gw:TechnicalDescription>CID Font Array Instances</gw:TechnicalDescription>\n\t\t\t\t\t\t<gw:InstanceCount>8</gw:InstanceCount>\n\t\t\t\t\t\t<gw:TotalSizeInBytes>1244</gw:TotalSizeInBytes>\n\t\t\t\t\t\t<gw:AverageSizeInBytes>155</gw:AverageSizeInBytes>\n\t\t\t\t\t\t<gw:MinSizeInBytes>149</gw:MinSizeInBytes>\n\t\t\t\t\t\t<gw:MaxSizeInBytes>160</gw:MaxSizeInBytes>\n\t\t\t\t\t</gw:ContentItem>\n\t\t\t\t\t<gw:ContentItem>\n\t\t\t\t\t\t<gw:TechnicalDescription>CID Font Instances</gw:TechnicalDescription>\n\t\t\t\t\t\t<gw:InstanceCount>8</gw:InstanceCount>\n\t\t\t\t\t\t<gw:TotalSizeInBytes>1244</gw:TotalSizeInBytes>\n\t\t\t\t\t\t<gw:AverageSizeInBytes>155</gw:AverageSizeInBytes>\n\t\t\t\t\t\t<gw:MinSizeInBytes>149</gw:MinSizeInBytes>\n\t\t\t\t\t\t<gw:MaxSizeInBytes>160</gw:MaxSizeInBytes>\n\t\t\t\t\t</gw:ContentItem>\n\t\t\t\t\t<gw:ContentItem>\n\t\t\t\t\t\t<gw:TechnicalDescription>Direct Font Instances</gw:TechnicalDescription>\n\t\t\t\t\t\t<gw:InstanceCount>38</gw:InstanceCount>\n\t\t\t\t\t\t<gw:TotalSizeInBytes>6231</gw:TotalSizeInBytes>\n\t\t\t\t\t\t<gw:AverageSizeInBytes>163</gw:AverageSizeInBytes>\n\t\t\t\t\t\t<gw:MinSizeInBytes>121</gw:MinSizeInBytes>\n\t\t\t\t\t\t<gw:MaxSizeInBytes>380</gw:MaxSizeInBytes>\n\t\t\t\t\t</gw:ContentItem>\n\t\t\t\t\t<gw:ContentItem>\n\t\t\t\t\t\t<gw:TechnicalDescription>Font Array Instances</gw:TechnicalDescription>\n\t\t\t\t\t\t<gw:InstanceCount>8</gw:InstanceCount>\n\t\t\t\t\t\t<gw:TotalSizeInBytes>1016</gw:TotalSizeInBytes>\n\t\t\t\t\t\t<gw:AverageSizeInBytes>127</gw:AverageSizeInBytes>\n\t\t\t\t\t\t<gw:MinSizeInBytes>121</gw:MinSizeInBytes>\n\t\t\t\t\t\t<gw:MaxSizeInBytes>131</gw:MaxSizeInBytes>\n\t\t\t\t\t</gw:ContentItem>\n\t\t\t\t\t<gw:ContentItem>\n\t\t\t\t\t\t<gw:TechnicalDescription>Type 0 Font Instances</gw:TechnicalDescription>\n\t\t\t\t\t\t<gw:InstanceCount>8</gw:InstanceCount>\n\t\t\t\t\t\t<gw:TotalSizeInBytes>1016</gw:TotalSizeInBytes>\n\t\t\t\t\t\t<gw:AverageSizeInBytes>127</gw:AverageSizeInBytes>\n\t\t\t\t\t\t<gw:MinSizeInBytes>121</gw:MinSizeInBytes>\n\t\t\t\t\t\t<gw:MaxSizeInBytes>131</gw:MaxSizeInBytes>\n\t\t\t\t\t</gw:ContentItem>\n\t\t\t\t\t<gw:ContentItem>\n\t\t\t\t\t\t<gw:TechnicalDescription>Type 1 Font Instances</gw:TechnicalDescription>\n\t\t\t\t\t\t<gw:InstanceCount>22</gw:InstanceCount>\n\t\t\t\t\t\t<gw:TotalSizeInBytes>3971</gw:TotalSizeInBytes>\n\t\t\t\t\t\t<gw:AverageSizeInBytes>180</gw:AverageSizeInBytes>\n\t\t\t\t\t\t<gw:MinSizeInBytes>154</gw:MinSizeInBytes>\n\t\t\t\t\t\t<gw:MaxSizeInBytes>380</gw:MaxSizeInBytes>\n\t\t\t\t\t</gw:ContentItem>\n\t\t\t\t\t<gw:ContentItem>\n\t\t\t\t\t\t<gw:TechnicalDescription>Unspecified Font Face Instances</gw:TechnicalDescription>\n\t\t\t\t\t\t<gw:InstanceCount>19</gw:InstanceCount>\n\t\t\t\t\t\t<gw:TotalSizeInBytes>3278</gw:TotalSizeInBytes>\n\t\t\t\t\t\t<gw:AverageSizeInBytes>172</gw:AverageSizeInBytes>\n\t\t\t\t\t\t<gw:MinSizeInBytes>162</gw:MinSizeInBytes>\n\t\t\t\t\t\t<gw:MaxSizeInBytes>184</gw:MaxSizeInBytes>\n\t\t\t\t\t</gw:ContentItem>\n\t\t\t\t</gw:ContentItems>\n\t\t\t\t<gw:SanitisationItems itemCount=\"0\" />\n\t\t\t\t<gw:RemedyItems itemCount=\"0\" />\n\t\t\t\t<gw:IssueItems itemCount=\"0\" />\n\t\t\t</gw:ContentGroup>\n\t\t\t<gw:ContentGroup>\n\t\t\t\t<gw:BriefDescription>PDF document has Resource Data Instances</gw:BriefDescription>\n\t\t\t\t<gw:ContentItems itemCount=\"3\">\n\t\t\t\t\t<gw:ContentItem>\n\t\t\t\t\t\t<gw:TechnicalDescription>Inheritable Resource Instances</gw:TechnicalDescription>\n\t\t\t\t\t\t<gw:InstanceCount>104</gw:InstanceCount>\n\t\t\t\t\t\t<gw:TotalSizeInBytes>33839</gw:TotalSizeInBytes>\n\t\t\t\t\t\t<gw:AverageSizeInBytes>325</gw:AverageSizeInBytes>\n\t\t\t\t\t\t<gw:MinSizeInBytes>245</gw:MinSizeInBytes>\n\t\t\t\t\t\t<gw:MaxSizeInBytes>733</gw:MaxSizeInBytes>\n\t\t\t\t\t</gw:ContentItem>\n\t\t\t\t\t<gw:ContentItem>\n\t\t\t\t\t\t<gw:TechnicalDescription>Inherited Resource Array Element Instances</gw:TechnicalDescription>\n\t\t\t\t\t\t<gw:InstanceCount>1054</gw:InstanceCount>\n\t\t\t\t\t\t<gw:TotalSizeInBytes>353145</gw:TotalSizeInBytes>\n\t\t\t\t\t\t<gw:AverageSizeInBytes>335</gw:AverageSizeInBytes>\n\t\t\t\t\t\t<gw:MinSizeInBytes>245</gw:MinSizeInBytes>\n\t\t\t\t\t\t<gw:MaxSizeInBytes>408</gw:MaxSizeInBytes>\n\t\t\t\t\t</gw:ContentItem>\n\t\t\t\t\t<gw:ContentItem>\n\t\t\t\t\t\t<gw:TechnicalDescription>Resource Dictionary Instances</gw:TechnicalDescription>\n\t\t\t\t\t\t<gw:InstanceCount>103</gw:InstanceCount>\n\t\t\t\t\t\t<gw:TotalSizeInBytes>33106</gw:TotalSizeInBytes>\n\t\t\t\t\t\t<gw:AverageSizeInBytes>321</gw:AverageSizeInBytes>\n\t\t\t\t\t\t<gw:MinSizeInBytes>245</gw:MinSizeInBytes>\n\t\t\t\t\t\t<gw:MaxSizeInBytes>408</gw:MaxSizeInBytes>\n\t\t\t\t\t</gw:ContentItem>\n\t\t\t\t</gw:ContentItems>\n\t\t\t\t<gw:SanitisationItems itemCount=\"0\" />\n\t\t\t\t<gw:RemedyItems itemCount=\"0\" />\n\t\t\t\t<gw:IssueItems itemCount=\"0\" />\n\t\t\t</gw:ContentGroup>\n\t\t\t<gw:ContentGroup>\n\t\t\t\t<gw:BriefDescription>PDF document has Graphic Content Stream Instances</gw:BriefDescription>\n\t\t\t\t<gw:ContentItems itemCount=\"3\">\n\t\t\t\t\t<gw:ContentItem>\n\t\t\t\t\t\t<gw:TechnicalDescription>Content Page or Form XObject Instances</gw:TechnicalDescription>\n\t\t\t\t\t\t<gw:InstanceCount>88</gw:InstanceCount>\n\t\t\t\t\t\t<gw:TotalSizeInBytes>29140</gw:TotalSizeInBytes>\n\t\t\t\t\t\t<gw:AverageSizeInBytes>331</gw:AverageSizeInBytes>\n\t\t\t\t\t\t<gw:MinSizeInBytes>268</gw:MinSizeInBytes>\n\t\t\t\t\t\t<gw:MaxSizeInBytes>408</gw:MaxSizeInBytes>\n\t\t\t\t\t</gw:ContentItem>\n\t\t\t\t\t<gw:ContentItem>\n\t\t\t\t\t\t<gw:TechnicalDescription>Content Stream Instances</gw:TechnicalDescription>\n\t\t\t\t\t\t<gw:InstanceCount>103</gw:InstanceCount>\n\t\t\t\t\t\t<gw:TotalSizeInBytes>675879</gw:TotalSizeInBytes>\n\t\t\t\t\t\t<gw:AverageSizeInBytes>6561</gw:AverageSizeInBytes>\n\t\t\t\t\t\t<gw:MinSizeInBytes>245</gw:MinSizeInBytes>\n\t\t\t\t\t\t<gw:MaxSizeInBytes>10356</gw:MaxSizeInBytes>\n\t\t\t\t\t</gw:ContentItem>\n\t\t\t\t\t<gw:ContentItem>\n\t\t\t\t\t\t<gw:TechnicalDescription>Content Stream Operator Instances</gw:TechnicalDescription>\n\t\t\t\t\t\t<gw:InstanceCount>74356</gw:InstanceCount>\n\t\t\t\t\t\t<gw:TotalSizeInBytes>116615</gw:TotalSizeInBytes>\n\t\t\t\t\t\t<gw:AverageSizeInBytes>1</gw:AverageSizeInBytes>\n\t\t\t\t\t\t<gw:MinSizeInBytes>1</gw:MinSizeInBytes>\n\t\t\t\t\t\t<gw:MaxSizeInBytes>2</gw:MaxSizeInBytes>\n\t\t\t\t\t</gw:ContentItem>\n\t\t\t\t</gw:ContentItems>\n\t\t\t\t<gw:SanitisationItems itemCount=\"0\" />\n\t\t\t\t<gw:RemedyItems itemCount=\"0\" />\n\t\t\t\t<gw:IssueItems itemCount=\"0\" />\n\t\t\t</gw:ContentGroup>\n\t\t\t<gw:ContentGroup>\n\t\t\t\t<gw:BriefDescription>PDF document has Page Tree Data Instances</gw:BriefDescription>\n\t\t\t\t<gw:ContentItems itemCount=\"4\">\n\t\t\t\t\t<gw:ContentItem>\n\t\t\t\t\t\t<gw:TechnicalDescription>Page Object Parent Instances</gw:TechnicalDescription>\n\t\t\t\t\t\t<gw:InstanceCount>88</gw:InstanceCount>\n\t\t\t\t\t\t<gw:TotalSizeInBytes>440</gw:TotalSizeInBytes>\n\t\t\t\t\t\t<gw:AverageSizeInBytes>5</gw:AverageSizeInBytes>\n\t\t\t\t\t\t<gw:MinSizeInBytes>5</gw:MinSizeInBytes>\n\t\t\t\t\t\t<gw:MaxSizeInBytes>5</gw:MaxSizeInBytes>\n\t\t\t\t\t</gw:ContentItem>\n\t\t\t\t\t<gw:ContentItem>\n\t\t\t\t\t\t<gw:TechnicalDescription>Page Tree Instances</gw:TechnicalDescription>\n\t\t\t\t\t\t<gw:InstanceCount>89</gw:InstanceCount>\n\t\t\t\t\t\t<gw:TotalSizeInBytes>178</gw:TotalSizeInBytes>\n\t\t\t\t\t\t<gw:AverageSizeInBytes>2</gw:AverageSizeInBytes>\n\t\t\t\t\t\t<gw:MinSizeInBytes>2</gw:MinSizeInBytes>\n\t\t\t\t\t\t<gw:MaxSizeInBytes>2</gw:MaxSizeInBytes>\n\t\t\t\t\t</gw:ContentItem>\n\t\t\t\t\t<gw:ContentItem>\n\t\t\t\t\t\t<gw:TechnicalDescription>Page Tree Kids Array Instances</gw:TechnicalDescription>\n\t\t\t\t\t\t<gw:InstanceCount>1</gw:InstanceCount>\n\t\t\t\t\t\t<gw:TotalSizeInBytes>733</gw:TotalSizeInBytes>\n\t\t\t\t\t\t<gw:AverageSizeInBytes>733</gw:AverageSizeInBytes>\n\t\t\t\t\t\t<gw:MinSizeInBytes>733</gw:MinSizeInBytes>\n\t\t\t\t\t\t<gw:MaxSizeInBytes>733</gw:MaxSizeInBytes>\n\t\t\t\t\t</gw:ContentItem>\n\t\t\t\t\t<gw:ContentItem>\n\t\t\t\t\t\t<gw:TechnicalDescription>Page Tree Node Instances</gw:TechnicalDescription>\n\t\t\t\t\t\t<gw:InstanceCount>1</gw:InstanceCount>\n\t\t\t\t\t\t<gw:TotalSizeInBytes>733</gw:TotalSizeInBytes>\n\t\t\t\t\t\t<gw:AverageSizeInBytes>733</gw:AverageSizeInBytes>\n\t\t\t\t\t\t<gw:MinSizeInBytes>733</gw:MinSizeInBytes>\n\t\t\t\t\t\t<gw:MaxSizeInBytes>733</gw:MaxSizeInBytes>\n\t\t\t\t\t</gw:ContentItem>\n\t\t\t\t</gw:ContentItems>\n\t\t\t\t<gw:SanitisationItems itemCount=\"0\" />\n\t\t\t\t<gw:RemedyItems itemCount=\"0\" />\n\t\t\t\t<gw:IssueItems itemCount=\"0\" />\n\t\t\t</gw:ContentGroup>\n\t\t\t<gw:ContentGroup>\n\t\t\t\t<gw:BriefDescription>PDF document has Annotations Data Instances</gw:BriefDescription>\n\t\t\t\t<gw:ContentItems itemCount=\"6\">\n\t\t\t\t\t<gw:ContentItem>\n\t\t\t\t\t\t<gw:TechnicalDescription>Action Instances in Link Annotations.</gw:TechnicalDescription>\n\t\t\t\t\t\t<gw:InstanceCount>159</gw:InstanceCount>\n\t\t\t\t\t\t<gw:TotalSizeInBytes>23711</gw:TotalSizeInBytes>\n\t\t\t\t\t\t<gw:AverageSizeInBytes>149</gw:AverageSizeInBytes>\n\t\t\t\t\t\t<gw:MinSizeInBytes>123</gw:MinSizeInBytes>\n\t\t\t\t\t\t<gw:MaxSizeInBytes>201</gw:MaxSizeInBytes>\n\t\t\t\t\t</gw:ContentItem>\n\t\t\t\t\t<gw:ContentItem>\n\t\t\t\t\t\t<gw:TechnicalDescription>Annotation Array Instances</gw:TechnicalDescription>\n\t\t\t\t\t\t<gw:InstanceCount>87</gw:InstanceCount>\n\t\t\t\t\t\t<gw:TotalSizeInBytes>28863</gw:TotalSizeInBytes>\n\t\t\t\t\t\t<gw:AverageSizeInBytes>331</gw:AverageSizeInBytes>\n\t\t\t\t\t\t<gw:MinSizeInBytes>268</gw:MinSizeInBytes>\n\t\t\t\t\t\t<gw:MaxSizeInBytes>408</gw:MaxSizeInBytes>\n\t\t\t\t\t</gw:ContentItem>\n\t\t\t\t\t<gw:ContentItem>\n\t\t\t\t\t\t<gw:TechnicalDescription>Annotation BorderStyle Instances</gw:TechnicalDescription>\n\t\t\t\t\t\t<gw:InstanceCount>159</gw:InstanceCount>\n\t\t\t\t\t\t<gw:TotalSizeInBytes>23711</gw:TotalSizeInBytes>\n\t\t\t\t\t\t<gw:AverageSizeInBytes>149</gw:AverageSizeInBytes>\n\t\t\t\t\t\t<gw:MinSizeInBytes>123</gw:MinSizeInBytes>\n\t\t\t\t\t\t<gw:MaxSizeInBytes>201</gw:MaxSizeInBytes>\n\t\t\t\t\t</gw:ContentItem>\n\t\t\t\t\t<gw:ContentItem>\n\t\t\t\t\t\t<gw:TechnicalDescription>Annotation Common Field Instances</gw:TechnicalDescription>\n\t\t\t\t\t\t<gw:InstanceCount>159</gw:InstanceCount>\n\t\t\t\t\t\t<gw:TotalSizeInBytes>23711</gw:TotalSizeInBytes>\n\t\t\t\t\t\t<gw:AverageSizeInBytes>149</gw:AverageSizeInBytes>\n\t\t\t\t\t\t<gw:MinSizeInBytes>123</gw:MinSizeInBytes>\n\t\t\t\t\t\t<gw:MaxSizeInBytes>201</gw:MaxSizeInBytes>\n\t\t\t\t\t</gw:ContentItem>\n\t\t\t\t\t<gw:ContentItem>\n\t\t\t\t\t\t<gw:TechnicalDescription>Annotation Dictionary Instances</gw:TechnicalDescription>\n\t\t\t\t\t\t<gw:InstanceCount>159</gw:InstanceCount>\n\t\t\t\t\t\t<gw:TotalSizeInBytes>54192</gw:TotalSizeInBytes>\n\t\t\t\t\t\t<gw:AverageSizeInBytes>340</gw:AverageSizeInBytes>\n\t\t\t\t\t\t<gw:MinSizeInBytes>268</gw:MinSizeInBytes>\n\t\t\t\t\t\t<gw:MaxSizeInBytes>408</gw:MaxSizeInBytes>\n\t\t\t\t\t</gw:ContentItem>\n\t\t\t\t\t<gw:ContentItem>\n\t\t\t\t\t\t<gw:TechnicalDescription>Link Annotation Dictionary Instances</gw:TechnicalDescription>\n\t\t\t\t\t\t<gw:InstanceCount>159</gw:InstanceCount>\n\t\t\t\t\t\t<gw:TotalSizeInBytes>23711</gw:TotalSizeInBytes>\n\t\t\t\t\t\t<gw:AverageSizeInBytes>149</gw:AverageSizeInBytes>\n\t\t\t\t\t\t<gw:MinSizeInBytes>123</gw:MinSizeInBytes>\n\t\t\t\t\t\t<gw:MaxSizeInBytes>201</gw:MaxSizeInBytes>\n\t\t\t\t\t</gw:ContentItem>\n\t\t\t\t</gw:ContentItems>\n\t\t\t\t<gw:SanitisationItems itemCount=\"1\">\n\t\t\t\t\t<gw:SanitisationItem>\n\t\t\t\t\t\t<gw:TechnicalDescription>Action of type /URI removed by content management policy.</gw:TechnicalDescription>\n\t\t\t\t\t\t<gw:SanitisationId>198508547</gw:SanitisationId>\n\t\t\t\t\t\t<gw:InstanceCount>159</gw:InstanceCount>\n\t\t\t\t\t\t<gw:TotalSizeInBytes>0</gw:TotalSizeInBytes>\n\t\t\t\t\t\t<gw:AverageSizeInBytes>0</gw:AverageSizeInBytes>\n\t\t\t\t\t\t<gw:MinSizeInBytes>0</gw:MinSizeInBytes>\n\t\t\t\t\t\t<gw:MaxSizeInBytes>0</gw:MaxSizeInBytes>\n\t\t\t\t\t</gw:SanitisationItem>\n\t\t\t\t</gw:SanitisationItems>\n\t\t\t\t<gw:RemedyItems itemCount=\"1\">\n\t\t\t\t\t<gw:RemedyItem>\n\t\t\t\t\t\t<gw:TechnicalDescription>Action associated with a link annotation was removed by content management.</gw:TechnicalDescription>\n\t\t\t\t\t\t<gw:InstanceCount>159</gw:InstanceCount>\n\t\t\t\t\t</gw:RemedyItem>\n\t\t\t\t</gw:RemedyItems>\n\t\t\t\t<gw:IssueItems itemCount=\"0\" />\n\t\t\t</gw:ContentGroup>\n\t\t\t<gw:ContentGroup>\n\t\t\t\t<gw:BriefDescription>PDF document has Colour Space Data Instances</gw:BriefDescription>\n\t\t\t\t<gw:ContentItems itemCount=\"3\">\n\t\t\t\t\t<gw:ContentItem>\n\t\t\t\t\t\t<gw:TechnicalDescription>Colour Space Instances</gw:TechnicalDescription>\n\t\t\t\t\t\t<gw:InstanceCount>176</gw:InstanceCount>\n\t\t\t\t\t\t<gw:TotalSizeInBytes>1541264</gw:TotalSizeInBytes>\n\t\t\t\t\t\t<gw:AverageSizeInBytes>8757</gw:AverageSizeInBytes>\n\t\t\t\t\t\t<gw:MinSizeInBytes>192</gw:MinSizeInBytes>\n\t\t\t\t\t\t<gw:MaxSizeInBytes>99563</gw:MaxSizeInBytes>\n\t\t\t\t\t</gw:ContentItem>\n\t\t\t\t\t<gw:ContentItem>\n\t\t\t\t\t\t<gw:TechnicalDescription>Direct Colour Space Instances</gw:TechnicalDescription>\n\t\t\t\t\t\t<gw:InstanceCount>176</gw:InstanceCount>\n\t\t\t\t\t\t<gw:TotalSizeInBytes>1541264</gw:TotalSizeInBytes>\n\t\t\t\t\t\t<gw:AverageSizeInBytes>8757</gw:AverageSizeInBytes>\n\t\t\t\t\t\t<gw:MinSizeInBytes>192</gw:MinSizeInBytes>\n\t\t\t\t\t\t<gw:MaxSizeInBytes>99563</gw:MaxSizeInBytes>\n\t\t\t\t\t</gw:ContentItem>\n\t\t\t\t\t<gw:ContentItem>\n\t\t\t\t\t\t<gw:TechnicalDescription>Indexed Colour Space Instances</gw:TechnicalDescription>\n\t\t\t\t\t\t<gw:InstanceCount>8</gw:InstanceCount>\n\t\t\t\t\t\t<gw:TotalSizeInBytes>1536</gw:TotalSizeInBytes>\n\t\t\t\t\t\t<gw:AverageSizeInBytes>192</gw:AverageSizeInBytes>\n\t\t\t\t\t\t<gw:MinSizeInBytes>192</gw:MinSizeInBytes>\n\t\t\t\t\t\t<gw:MaxSizeInBytes>192</gw:MaxSizeInBytes>\n\t\t\t\t\t</gw:ContentItem>\n\t\t\t\t</gw:ContentItems>\n\t\t\t\t<gw:SanitisationItems itemCount=\"0\" />\n\t\t\t\t<gw:RemedyItems itemCount=\"0\" />\n\t\t\t\t<gw:IssueItems itemCount=\"0\" />\n\t\t\t</gw:ContentGroup>\n\t\t\t<gw:ContentGroup>\n\t\t\t\t<gw:BriefDescription>PDF document has Graphic State Data Instances</gw:BriefDescription>\n\t\t\t\t<gw:ContentItems itemCount=\"3\">\n\t\t\t\t\t<gw:ContentItem>\n\t\t\t\t\t\t<gw:TechnicalDescription>Blend Mode Element Instances</gw:TechnicalDescription>\n\t\t\t\t\t\t<gw:InstanceCount>2</gw:InstanceCount>\n\t\t\t\t\t\t<gw:TotalSizeInBytes>98</gw:TotalSizeInBytes>\n\t\t\t\t\t\t<gw:AverageSizeInBytes>49</gw:AverageSizeInBytes>\n\t\t\t\t\t\t<gw:MinSizeInBytes>46</gw:MinSizeInBytes>\n\t\t\t\t\t\t<gw:MaxSizeInBytes>52</gw:MaxSizeInBytes>\n\t\t\t\t\t</gw:ContentItem>\n\t\t\t\t\t<gw:ContentItem>\n\t\t\t\t\t\t<gw:TechnicalDescription>Blend Mode Instances</gw:TechnicalDescription>\n\t\t\t\t\t\t<gw:InstanceCount>2</gw:InstanceCount>\n\t\t\t\t\t\t<gw:TotalSizeInBytes>98</gw:TotalSizeInBytes>\n\t\t\t\t\t\t<gw:AverageSizeInBytes>49</gw:AverageSizeInBytes>\n\t\t\t\t\t\t<gw:MinSizeInBytes>46</gw:MinSizeInBytes>\n\t\t\t\t\t\t<gw:MaxSizeInBytes>52</gw:MaxSizeInBytes>\n\t\t\t\t\t</gw:ContentItem>\n\t\t\t\t\t<gw:ContentItem>\n\t\t\t\t\t\t<gw:TechnicalDescription>Graphic State Parameter Dictionary Instances</gw:TechnicalDescription>\n\t\t\t\t\t\t<gw:InstanceCount>2</gw:InstanceCount>\n\t\t\t\t\t\t<gw:TotalSizeInBytes>98</gw:TotalSizeInBytes>\n\t\t\t\t\t\t<gw:AverageSizeInBytes>49</gw:AverageSizeInBytes>\n\t\t\t\t\t\t<gw:MinSizeInBytes>46</gw:MinSizeInBytes>\n\t\t\t\t\t\t<gw:MaxSizeInBytes>52</gw:MaxSizeInBytes>\n\t\t\t\t\t</gw:ContentItem>\n\t\t\t\t</gw:ContentItems>\n\t\t\t\t<gw:SanitisationItems itemCount=\"0\" />\n\t\t\t\t<gw:RemedyItems itemCount=\"0\" />\n\t\t\t\t<gw:IssueItems itemCount=\"0\" />\n\t\t\t</gw:ContentGroup>\n\t\t\t<gw:ContentGroup>\n\t\t\t\t<gw:BriefDescription>PDF document has Common Supporting Data Instances</gw:BriefDescription>\n\t\t\t\t<gw:ContentItems itemCount=\"9\">\n\t\t\t\t\t<gw:ContentItem>\n\t\t\t\t\t\t<gw:TechnicalDescription>BBOX Rectangle Instances</gw:TechnicalDescription>\n\t\t\t\t\t\t<gw:InstanceCount>15</gw:InstanceCount>\n\t\t\t\t\t\t<gw:TotalSizeInBytes>3966</gw:TotalSizeInBytes>\n\t\t\t\t\t\t<gw:AverageSizeInBytes>264</gw:AverageSizeInBytes>\n\t\t\t\t\t\t<gw:MinSizeInBytes>245</gw:MinSizeInBytes>\n\t\t\t\t\t\t<gw:MaxSizeInBytes>380</gw:MaxSizeInBytes>\n\t\t\t\t\t</gw:ContentItem>\n\t\t\t\t\t<gw:ContentItem>\n\t\t\t\t\t\t<gw:TechnicalDescription>Direct Dictionary Value</gw:TechnicalDescription>\n\t\t\t\t\t\t<gw:InstanceCount>7435</gw:InstanceCount>\n\t\t\t\t\t\t<gw:TotalSizeInBytes>38733</gw:TotalSizeInBytes>\n\t\t\t\t\t\t<gw:AverageSizeInBytes>5</gw:AverageSizeInBytes>\n\t\t\t\t\t\t<gw:MinSizeInBytes>1</gw:MinSizeInBytes>\n\t\t\t\t\t\t<gw:MaxSizeInBytes>92</gw:MaxSizeInBytes>\n\t\t\t\t\t</gw:ContentItem>\n\t\t\t\t\t<gw:ContentItem>\n\t\t\t\t\t\t<gw:TechnicalDescription>Glyph Rectangle Instances</gw:TechnicalDescription>\n\t\t\t\t\t\t<gw:InstanceCount>29</gw:InstanceCount>\n\t\t\t\t\t\t<gw:TotalSizeInBytes>6906</gw:TotalSizeInBytes>\n\t\t\t\t\t\t<gw:AverageSizeInBytes>238</gw:AverageSizeInBytes>\n\t\t\t\t\t\t<gw:MinSizeInBytes>217</gw:MinSizeInBytes>\n\t\t\t\t\t\t<gw:MaxSizeInBytes>253</gw:MaxSizeInBytes>\n\t\t\t\t\t</gw:ContentItem>\n\t\t\t\t\t<gw:ContentItem>\n\t\t\t\t\t\t<gw:TechnicalDescription>Group Attributes Dictionary Instances</gw:TechnicalDescription>\n\t\t\t\t\t\t<gw:InstanceCount>89</gw:InstanceCount>\n\t\t\t\t\t\t<gw:TotalSizeInBytes>29520</gw:TotalSizeInBytes>\n\t\t\t\t\t\t<gw:AverageSizeInBytes>331</gw:AverageSizeInBytes>\n\t\t\t\t\t\t<gw:MinSizeInBytes>268</gw:MinSizeInBytes>\n\t\t\t\t\t\t<gw:MaxSizeInBytes>408</gw:MaxSizeInBytes>\n\t\t\t\t\t</gw:ContentItem>\n\t\t\t\t\t<gw:ContentItem>\n\t\t\t\t\t\t<gw:TechnicalDescription>Known Dictionary</gw:TechnicalDescription>\n\t\t\t\t\t\t<gw:InstanceCount>1234</gw:InstanceCount>\n\t\t\t\t\t\t<gw:TotalSizeInBytes>3252469</gw:TotalSizeInBytes>\n\t\t\t\t\t\t<gw:AverageSizeInBytes>2635</gw:AverageSizeInBytes>\n\t\t\t\t\t\t<gw:MinSizeInBytes>0</gw:MinSizeInBytes>\n\t\t\t\t\t\t<gw:MaxSizeInBytes>99563</gw:MaxSizeInBytes>\n\t\t\t\t\t</gw:ContentItem>\n\t\t\t\t\t<gw:ContentItem>\n\t\t\t\t\t\t<gw:TechnicalDescription>Numeric Array Instances</gw:TechnicalDescription>\n\t\t\t\t\t\t<gw:InstanceCount>158</gw:InstanceCount>\n\t\t\t\t\t\t<gw:TotalSizeInBytes>53378</gw:TotalSizeInBytes>\n\t\t\t\t\t\t<gw:AverageSizeInBytes>337</gw:AverageSizeInBytes>\n\t\t\t\t\t\t<gw:MinSizeInBytes>18</gw:MinSizeInBytes>\n\t\t\t\t\t\t<gw:MaxSizeInBytes>1278</gw:MaxSizeInBytes>\n\t\t\t\t\t</gw:ContentItem>\n\t\t\t\t\t<gw:ContentItem>\n\t\t\t\t\t\t<gw:TechnicalDescription>Page Rectangle Instances</gw:TechnicalDescription>\n\t\t\t\t\t\t<gw:InstanceCount>247</gw:InstanceCount>\n\t\t\t\t\t\t<gw:TotalSizeInBytes>52851</gw:TotalSizeInBytes>\n\t\t\t\t\t\t<gw:AverageSizeInBytes>213</gw:AverageSizeInBytes>\n\t\t\t\t\t\t<gw:MinSizeInBytes>123</gw:MinSizeInBytes>\n\t\t\t\t\t\t<gw:MaxSizeInBytes>408</gw:MaxSizeInBytes>\n\t\t\t\t\t</gw:ContentItem>\n\t\t\t\t\t<gw:ContentItem>\n\t\t\t\t\t\t<gw:TechnicalDescription>Rectangle Instances</gw:TechnicalDescription>\n\t\t\t\t\t\t<gw:InstanceCount>291</gw:InstanceCount>\n\t\t\t\t\t\t<gw:TotalSizeInBytes>63723</gw:TotalSizeInBytes>\n\t\t\t\t\t\t<gw:AverageSizeInBytes>218</gw:AverageSizeInBytes>\n\t\t\t\t\t\t<gw:MinSizeInBytes>123</gw:MinSizeInBytes>\n\t\t\t\t\t\t<gw:MaxSizeInBytes>408</gw:MaxSizeInBytes>\n\t\t\t\t\t</gw:ContentItem>\n\t\t\t\t\t<gw:ContentItem>\n\t\t\t\t\t\t<gw:TechnicalDescription>Soft Mask Dictionary Instances</gw:TechnicalDescription>\n\t\t\t\t\t\t<gw:InstanceCount>9</gw:InstanceCount>\n\t\t\t\t\t\t<gw:TotalSizeInBytes>2878</gw:TotalSizeInBytes>\n\t\t\t\t\t\t<gw:AverageSizeInBytes>319</gw:AverageSizeInBytes>\n\t\t\t\t\t\t<gw:MinSizeInBytes>200</gw:MinSizeInBytes>\n\t\t\t\t\t\t<gw:MaxSizeInBytes>1278</gw:MaxSizeInBytes>\n\t\t\t\t\t</gw:ContentItem>\n\t\t\t\t</gw:ContentItems>\n\t\t\t\t<gw:SanitisationItems itemCount=\"0\" />\n\t\t\t\t<gw:RemedyItems itemCount=\"64\">\n\t\t\t\t\t<gw:RemedyItem>\n\t\t\t\t\t\t<gw:TechnicalDescription>/Group dictionary contained an unexpected key (/Type).</gw:TechnicalDescription>\n\t\t\t\t\t\t<gw:InstanceCount>88</gw:InstanceCount>\n\t\t\t\t\t</gw:RemedyItem>\n\t\t\t\t\t<gw:RemedyItem>\n\t\t\t\t\t\t<gw:TechnicalDescription>Length value (10619)in a stream dictionary was inconsistent with the amount of stream data (10637) - repairing.</gw:TechnicalDescription>\n\t\t\t\t\t\t<gw:InstanceCount>1</gw:InstanceCount>\n\t\t\t\t\t</gw:RemedyItem>\n\t\t\t\t\t<gw:RemedyItem>\n\t\t\t\t\t\t<gw:TechnicalDescription>Length value (10758)in a stream dictionary was inconsistent with the amount of stream data (10776) - repairing.</gw:TechnicalDescription>\n\t\t\t\t\t\t<gw:InstanceCount>1</gw:InstanceCount>\n\t\t\t\t\t</gw:RemedyItem>\n\t\t\t\t\t<gw:RemedyItem>\n\t\t\t\t\t\t<gw:TechnicalDescription>Length value (10862)in a stream dictionary was inconsistent with the amount of stream data (10880) - repairing.</gw:TechnicalDescription>\n\t\t\t\t\t\t<gw:InstanceCount>1</gw:InstanceCount>\n\t\t\t\t\t</gw:RemedyItem>\n\t\t\t\t\t<gw:RemedyItem>\n\t\t\t\t\t\t<gw:TechnicalDescription>Length value (10953)in a stream dictionary was inconsistent with the amount of stream data (10971) - repairing.</gw:TechnicalDescription>\n\t\t\t\t\t\t<gw:InstanceCount>1</gw:InstanceCount>\n\t\t\t\t\t</gw:RemedyItem>\n\t\t\t\t\t<gw:RemedyItem>\n\t\t\t\t\t\t<gw:TechnicalDescription>Length value (11047)in a stream dictionary was inconsistent with the amount of stream data (11065) - repairing.</gw:TechnicalDescription>\n\t\t\t\t\t\t<gw:InstanceCount>1</gw:InstanceCount>\n\t\t\t\t\t</gw:RemedyItem>\n\t\t\t\t\t<gw:RemedyItem>\n\t\t\t\t\t\t<gw:TechnicalDescription>Length value (11419)in a stream dictionary was inconsistent with the amount of stream data (11535) - repairing.</gw:TechnicalDescription>\n\t\t\t\t\t\t<gw:InstanceCount>1</gw:InstanceCount>\n\t\t\t\t\t</gw:RemedyItem>\n\t\t\t\t\t<gw:RemedyItem>\n\t\t\t\t\t\t<gw:TechnicalDescription>Length value (11640)in a stream dictionary was inconsistent with the amount of stream data (11658) - repairing.</gw:TechnicalDescription>\n\t\t\t\t\t\t<gw:InstanceCount>1</gw:InstanceCount>\n\t\t\t\t\t</gw:RemedyItem>\n\t\t\t\t\t<gw:RemedyItem>\n\t\t\t\t\t\t<gw:TechnicalDescription>Length value (12007)in a stream dictionary was inconsistent with the amount of stream data (12123) - repairing.</gw:TechnicalDescription>\n\t\t\t\t\t\t<gw:InstanceCount>1</gw:InstanceCount>\n\t\t\t\t\t</gw:RemedyItem>\n\t\t\t\t\t<gw:RemedyItem>\n\t\t\t\t\t\t<gw:TechnicalDescription>Length value (13272)in a stream dictionary was inconsistent with the amount of stream data (13290) - repairing.</gw:TechnicalDescription>\n\t\t\t\t\t\t<gw:InstanceCount>1</gw:InstanceCount>\n\t\t\t\t\t</gw:RemedyItem>\n\t\t\t\t\t<gw:RemedyItem>\n\t\t\t\t\t\t<gw:TechnicalDescription>Length value (13745)in a stream dictionary was inconsistent with the amount of stream data (13763) - repairing.</gw:TechnicalDescription>\n\t\t\t\t\t\t<gw:InstanceCount>1</gw:InstanceCount>\n\t\t\t\t\t</gw:RemedyItem>\n\t\t\t\t\t<gw:RemedyItem>\n\t\t\t\t\t\t<gw:TechnicalDescription>Length value (13767)in a stream dictionary was inconsistent with the amount of stream data (13785) - repairing.</gw:TechnicalDescription>\n\t\t\t\t\t\t<gw:InstanceCount>1</gw:InstanceCount>\n\t\t\t\t\t</gw:RemedyItem>\n\t\t\t\t\t<gw:RemedyItem>\n\t\t\t\t\t\t<gw:TechnicalDescription>Length value (14017)in a stream dictionary was inconsistent with the amount of stream data (14035) - repairing.</gw:TechnicalDescription>\n\t\t\t\t\t\t<gw:InstanceCount>1</gw:InstanceCount>\n\t\t\t\t\t</gw:RemedyItem>\n\t\t\t\t\t<gw:RemedyItem>\n\t\t\t\t\t\t<gw:TechnicalDescription>Length value (14188)in a stream dictionary was inconsistent with the amount of stream data (14262) - repairing.</gw:TechnicalDescription>\n\t\t\t\t\t\t<gw:InstanceCount>1</gw:InstanceCount>\n\t\t\t\t\t</gw:RemedyItem>\n\t\t\t\t\t<gw:RemedyItem>\n\t\t\t\t\t\t<gw:TechnicalDescription>Length value (14904)in a stream dictionary was inconsistent with the amount of stream data (14922) - repairing.</gw:TechnicalDescription>\n\t\t\t\t\t\t<gw:InstanceCount>1</gw:InstanceCount>\n\t\t\t\t\t</gw:RemedyItem>\n\t\t\t\t\t<gw:RemedyItem>\n\t\t\t\t\t\t<gw:TechnicalDescription>Length value (15116)in a stream dictionary was inconsistent with the amount of stream data (15232) - repairing.</gw:TechnicalDescription>\n\t\t\t\t\t\t<gw:InstanceCount>1</gw:InstanceCount>\n\t\t\t\t\t</gw:RemedyItem>\n\t\t\t\t\t<gw:RemedyItem>\n\t\t\t\t\t\t<gw:TechnicalDescription>Length value (15150)in a stream dictionary was inconsistent with the amount of stream data (15168) - repairing.</gw:TechnicalDescription>\n\t\t\t\t\t\t<gw:InstanceCount>1</gw:InstanceCount>\n\t\t\t\t\t</gw:RemedyItem>\n\t\t\t\t\t<gw:RemedyItem>\n\t\t\t\t\t\t<gw:TechnicalDescription>Length value (1841)in a stream dictionary was inconsistent with the amount of stream data (1859) - repairing.</gw:TechnicalDescription>\n\t\t\t\t\t\t<gw:InstanceCount>1</gw:InstanceCount>\n\t\t\t\t\t</gw:RemedyItem>\n\t\t\t\t\t<gw:RemedyItem>\n\t\t\t\t\t\t<gw:TechnicalDescription>Length value (18856)in a stream dictionary was inconsistent with the amount of stream data (18874) - repairing.</gw:TechnicalDescription>\n\t\t\t\t\t\t<gw:InstanceCount>1</gw:InstanceCount>\n\t\t\t\t\t</gw:RemedyItem>\n\t\t\t\t\t<gw:RemedyItem>\n\t\t\t\t\t\t<gw:TechnicalDescription>Length value (19963)in a stream dictionary was inconsistent with the amount of stream data (19981) - repairing.</gw:TechnicalDescription>\n\t\t\t\t\t\t<gw:InstanceCount>1</gw:InstanceCount>\n\t\t\t\t\t</gw:RemedyItem>\n\t\t\t\t\t<gw:RemedyItem>\n\t\t\t\t\t\t<gw:TechnicalDescription>Length value (19970)in a stream dictionary was inconsistent with the amount of stream data (19988) - repairing.</gw:TechnicalDescription>\n\t\t\t\t\t\t<gw:InstanceCount>1</gw:InstanceCount>\n\t\t\t\t\t</gw:RemedyItem>\n\t\t\t\t\t<gw:RemedyItem>\n\t\t\t\t\t\t<gw:TechnicalDescription>Length value (20560)in a stream dictionary was inconsistent with the amount of stream data (20634) - repairing.</gw:TechnicalDescription>\n\t\t\t\t\t\t<gw:InstanceCount>1</gw:InstanceCount>\n\t\t\t\t\t</gw:RemedyItem>\n\t\t\t\t\t<gw:RemedyItem>\n\t\t\t\t\t\t<gw:TechnicalDescription>Length value (21855)in a stream dictionary was inconsistent with the amount of stream data (21873) - repairing.</gw:TechnicalDescription>\n\t\t\t\t\t\t<gw:InstanceCount>1</gw:InstanceCount>\n\t\t\t\t\t</gw:RemedyItem>\n\t\t\t\t\t<gw:RemedyItem>\n\t\t\t\t\t\t<gw:TechnicalDescription>Length value (23839)in a stream dictionary was inconsistent with the amount of stream data (23913) - repairing.</gw:TechnicalDescription>\n\t\t\t\t\t\t<gw:InstanceCount>1</gw:InstanceCount>\n\t\t\t\t\t</gw:RemedyItem>\n\t\t\t\t\t<gw:RemedyItem>\n\t\t\t\t\t\t<gw:TechnicalDescription>Length value (23845)in a stream dictionary was inconsistent with the amount of stream data (23919) - repairing.</gw:TechnicalDescription>\n\t\t\t\t\t\t<gw:InstanceCount>1</gw:InstanceCount>\n\t\t\t\t\t</gw:RemedyItem>\n\t\t\t\t\t<gw:RemedyItem>\n\t\t\t\t\t\t<gw:TechnicalDescription>Length value (23911)in a stream dictionary was inconsistent with the amount of stream data (23985) - repairing.</gw:TechnicalDescription>\n\t\t\t\t\t\t<gw:InstanceCount>1</gw:InstanceCount>\n\t\t\t\t\t</gw:RemedyItem>\n\t\t\t\t\t<gw:RemedyItem>\n\t\t\t\t\t\t<gw:TechnicalDescription>Length value (25415)in a stream dictionary was inconsistent with the amount of stream data (25433) - repairing.</gw:TechnicalDescription>\n\t\t\t\t\t\t<gw:InstanceCount>1</gw:InstanceCount>\n\t\t\t\t\t</gw:RemedyItem>\n\t\t\t\t\t<gw:RemedyItem>\n\t\t\t\t\t\t<gw:TechnicalDescription>Length value (25570)in a stream dictionary was inconsistent with the amount of stream data (25644) - repairing.</gw:TechnicalDescription>\n\t\t\t\t\t\t<gw:InstanceCount>1</gw:InstanceCount>\n\t\t\t\t\t</gw:RemedyItem>\n\t\t\t\t\t<gw:RemedyItem>\n\t\t\t\t\t\t<gw:TechnicalDescription>Length value (25623)in a stream dictionary was inconsistent with the amount of stream data (25701) - repairing.</gw:TechnicalDescription>\n\t\t\t\t\t\t<gw:InstanceCount>1</gw:InstanceCount>\n\t\t\t\t\t</gw:RemedyItem>\n\t\t\t\t\t<gw:RemedyItem>\n\t\t\t\t\t\t<gw:TechnicalDescription>Length value (25722)in a stream dictionary was inconsistent with the amount of stream data (25740) - repairing.</gw:TechnicalDescription>\n\t\t\t\t\t\t<gw:InstanceCount>1</gw:InstanceCount>\n\t\t\t\t\t</gw:RemedyItem>\n\t\t\t\t\t<gw:RemedyItem>\n\t\t\t\t\t\t<gw:TechnicalDescription>Length value (25731)in a stream dictionary was inconsistent with the amount of stream data (25749) - repairing.</gw:TechnicalDescription>\n\t\t\t\t\t\t<gw:InstanceCount>1</gw:InstanceCount>\n\t\t\t\t\t</gw:RemedyItem>\n\t\t\t\t\t<gw:RemedyItem>\n\t\t\t\t\t\t<gw:TechnicalDescription>Length value (26082)in a stream dictionary was inconsistent with the amount of stream data (31612) - repairing.</gw:TechnicalDescription>\n\t\t\t\t\t\t<gw:InstanceCount>1</gw:InstanceCount>\n\t\t\t\t\t</gw:RemedyItem>\n\t\t\t\t\t<gw:RemedyItem>\n\t\t\t\t\t\t<gw:TechnicalDescription>Length value (26786)in a stream dictionary was inconsistent with the amount of stream data (26804) - repairing.</gw:TechnicalDescription>\n\t\t\t\t\t\t<gw:InstanceCount>1</gw:InstanceCount>\n\t\t\t\t\t</gw:RemedyItem>\n\t\t\t\t\t<gw:RemedyItem>\n\t\t\t\t\t\t<gw:TechnicalDescription>Length value (27173)in a stream dictionary was inconsistent with the amount of stream data (27247) - repairing.</gw:TechnicalDescription>\n\t\t\t\t\t\t<gw:InstanceCount>1</gw:InstanceCount>\n\t\t\t\t\t</gw:RemedyItem>\n\t\t\t\t\t<gw:RemedyItem>\n\t\t\t\t\t\t<gw:TechnicalDescription>Length value (27183)in a stream dictionary was inconsistent with the amount of stream data (27779) - repairing.</gw:TechnicalDescription>\n\t\t\t\t\t\t<gw:InstanceCount>1</gw:InstanceCount>\n\t\t\t\t\t</gw:RemedyItem>\n\t\t\t\t\t<gw:RemedyItem>\n\t\t\t\t\t\t<gw:TechnicalDescription>Length value (32737)in a stream dictionary was inconsistent with the amount of stream data (32811) - repairing.</gw:TechnicalDescription>\n\t\t\t\t\t\t<gw:InstanceCount>1</gw:InstanceCount>\n\t\t\t\t\t</gw:RemedyItem>\n\t\t\t\t\t<gw:RemedyItem>\n\t\t\t\t\t\t<gw:TechnicalDescription>Length value (3517)in a stream dictionary was inconsistent with the amount of stream data (3535) - repairing.</gw:TechnicalDescription>\n\t\t\t\t\t\t<gw:InstanceCount>1</gw:InstanceCount>\n\t\t\t\t\t</gw:RemedyItem>\n\t\t\t\t\t<gw:RemedyItem>\n\t\t\t\t\t\t<gw:TechnicalDescription>Length value (42353)in a stream dictionary was inconsistent with the amount of stream data (42371) - repairing.</gw:TechnicalDescription>\n\t\t\t\t\t\t<gw:InstanceCount>1</gw:InstanceCount>\n\t\t\t\t\t</gw:RemedyItem>\n\t\t\t\t\t<gw:RemedyItem>\n\t\t\t\t\t\t<gw:TechnicalDescription>Length value (43267)in a stream dictionary was inconsistent with the amount of stream data (43341) - repairing.</gw:TechnicalDescription>\n\t\t\t\t\t\t<gw:InstanceCount>1</gw:InstanceCount>\n\t\t\t\t\t</gw:RemedyItem>\n\t\t\t\t\t<gw:RemedyItem>\n\t\t\t\t\t\t<gw:TechnicalDescription>Length value (4414)in a stream dictionary was inconsistent with the amount of stream data (4432) - repairing.</gw:TechnicalDescription>\n\t\t\t\t\t\t<gw:InstanceCount>1</gw:InstanceCount>\n\t\t\t\t\t</gw:RemedyItem>\n\t\t\t\t\t<gw:RemedyItem>\n\t\t\t\t\t\t<gw:TechnicalDescription>Length value (45855)in a stream dictionary was inconsistent with the amount of stream data (45873) - repairing.</gw:TechnicalDescription>\n\t\t\t\t\t\t<gw:InstanceCount>1</gw:InstanceCount>\n\t\t\t\t\t</gw:RemedyItem>\n\t\t\t\t\t<gw:RemedyItem>\n\t\t\t\t\t\t<gw:TechnicalDescription>Length value (48109)in a stream dictionary was inconsistent with the amount of stream data (48183) - repairing.</gw:TechnicalDescription>\n\t\t\t\t\t\t<gw:InstanceCount>1</gw:InstanceCount>\n\t\t\t\t\t</gw:RemedyItem>\n\t\t\t\t\t<gw:RemedyItem>\n\t\t\t\t\t\t<gw:TechnicalDescription>Length value (5034)in a stream dictionary was inconsistent with the amount of stream data (5052) - repairing.</gw:TechnicalDescription>\n\t\t\t\t\t\t<gw:InstanceCount>1</gw:InstanceCount>\n\t\t\t\t\t</gw:RemedyItem>\n\t\t\t\t\t<gw:RemedyItem>\n\t\t\t\t\t\t<gw:TechnicalDescription>Length value (51355)in a stream dictionary was inconsistent with the amount of stream data (51373) - repairing.</gw:TechnicalDescription>\n\t\t\t\t\t\t<gw:InstanceCount>1</gw:InstanceCount>\n\t\t\t\t\t</gw:RemedyItem>\n\t\t\t\t\t<gw:RemedyItem>\n\t\t\t\t\t\t<gw:TechnicalDescription>Length value (5234)in a stream dictionary was inconsistent with the amount of stream data (5252) - repairing.</gw:TechnicalDescription>\n\t\t\t\t\t\t<gw:InstanceCount>1</gw:InstanceCount>\n\t\t\t\t\t</gw:RemedyItem>\n\t\t\t\t\t<gw:RemedyItem>\n\t\t\t\t\t\t<gw:TechnicalDescription>Length value (52419)in a stream dictionary was inconsistent with the amount of stream data (52437) - repairing.</gw:TechnicalDescription>\n\t\t\t\t\t\t<gw:InstanceCount>1</gw:InstanceCount>\n\t\t\t\t\t</gw:RemedyItem>\n\t\t\t\t\t<gw:RemedyItem>\n\t\t\t\t\t\t<gw:TechnicalDescription>Length value (53322)in a stream dictionary was inconsistent with the amount of stream data (53340) - repairing.</gw:TechnicalDescription>\n\t\t\t\t\t\t<gw:InstanceCount>1</gw:InstanceCount>\n\t\t\t\t\t</gw:RemedyItem>\n\t\t\t\t\t<gw:RemedyItem>\n\t\t\t\t\t\t<gw:TechnicalDescription>Length value (5393)in a stream dictionary was inconsistent with the amount of stream data (5467) - repairing.</gw:TechnicalDescription>\n\t\t\t\t\t\t<gw:InstanceCount>1</gw:InstanceCount>\n\t\t\t\t\t</gw:RemedyItem>\n\t\t\t\t\t<gw:RemedyItem>\n\t\t\t\t\t\t<gw:TechnicalDescription>Length value (56797)in a stream dictionary was inconsistent with the amount of stream data (56815) - repairing.</gw:TechnicalDescription>\n\t\t\t\t\t\t<gw:InstanceCount>1</gw:InstanceCount>\n\t\t\t\t\t</gw:RemedyItem>\n\t\t\t\t\t<gw:RemedyItem>\n\t\t\t\t\t\t<gw:TechnicalDescription>Length value (5889)in a stream dictionary was inconsistent with the amount of stream data (5963) - repairing.</gw:TechnicalDescription>\n\t\t\t\t\t\t<gw:InstanceCount>1</gw:InstanceCount>\n\t\t\t\t\t</gw:RemedyItem>\n\t\t\t\t\t<gw:RemedyItem>\n\t\t\t\t\t\t<gw:TechnicalDescription>Length value (59520)in a stream dictionary was inconsistent with the amount of stream data (59538) - repairing.</gw:TechnicalDescription>\n\t\t\t\t\t\t<gw:InstanceCount>1</gw:InstanceCount>\n\t\t\t\t\t</gw:RemedyItem>\n\t\t\t\t\t<gw:RemedyItem>\n\t\t\t\t\t\t<gw:TechnicalDescription>Length value (59899)in a stream dictionary was inconsistent with the amount of stream data (59917) - repairing.</gw:TechnicalDescription>\n\t\t\t\t\t\t<gw:InstanceCount>1</gw:InstanceCount>\n\t\t\t\t\t</gw:RemedyItem>\n\t\t\t\t\t<gw:RemedyItem>\n\t\t\t\t\t\t<gw:TechnicalDescription>Length value (6038)in a stream dictionary was inconsistent with the amount of stream data (6154) - repairing.</gw:TechnicalDescription>\n\t\t\t\t\t\t<gw:InstanceCount>1</gw:InstanceCount>\n\t\t\t\t\t</gw:RemedyItem>\n\t\t\t\t\t<gw:RemedyItem>\n\t\t\t\t\t\t<gw:TechnicalDescription>Length value (62094)in a stream dictionary was inconsistent with the amount of stream data (62112) - repairing.</gw:TechnicalDescription>\n\t\t\t\t\t\t<gw:InstanceCount>1</gw:InstanceCount>\n\t\t\t\t\t</gw:RemedyItem>\n\t\t\t\t\t<gw:RemedyItem>\n\t\t\t\t\t\t<gw:TechnicalDescription>Length value (62718)in a stream dictionary was inconsistent with the amount of stream data (62736) - repairing.</gw:TechnicalDescription>\n\t\t\t\t\t\t<gw:InstanceCount>1</gw:InstanceCount>\n\t\t\t\t\t</gw:RemedyItem>\n\t\t\t\t\t<gw:RemedyItem>\n\t\t\t\t\t\t<gw:TechnicalDescription>Length value (6286)in a stream dictionary was inconsistent with the amount of stream data (6304) - repairing.</gw:TechnicalDescription>\n\t\t\t\t\t\t<gw:InstanceCount>1</gw:InstanceCount>\n\t\t\t\t\t</gw:RemedyItem>\n\t\t\t\t\t<gw:RemedyItem>\n\t\t\t\t\t\t<gw:TechnicalDescription>Length value (7032)in a stream dictionary was inconsistent with the amount of stream data (7106) - repairing.</gw:TechnicalDescription>\n\t\t\t\t\t\t<gw:InstanceCount>1</gw:InstanceCount>\n\t\t\t\t\t</gw:RemedyItem>\n\t\t\t\t\t<gw:RemedyItem>\n\t\t\t\t\t\t<gw:TechnicalDescription>Length value (7803)in a stream dictionary was inconsistent with the amount of stream data (11081) - repairing.</gw:TechnicalDescription>\n\t\t\t\t\t\t<gw:InstanceCount>1</gw:InstanceCount>\n\t\t\t\t\t</gw:RemedyItem>\n\t\t\t\t\t<gw:RemedyItem>\n\t\t\t\t\t\t<gw:TechnicalDescription>Length value (7932)in a stream dictionary was inconsistent with the amount of stream data (7950) - repairing.</gw:TechnicalDescription>\n\t\t\t\t\t\t<gw:InstanceCount>1</gw:InstanceCount>\n\t\t\t\t\t</gw:RemedyItem>\n\t\t\t\t\t<gw:RemedyItem>\n\t\t\t\t\t\t<gw:TechnicalDescription>Length value (8170)in a stream dictionary was inconsistent with the amount of stream data (8188) - repairing.</gw:TechnicalDescription>\n\t\t\t\t\t\t<gw:InstanceCount>1</gw:InstanceCount>\n\t\t\t\t\t</gw:RemedyItem>\n\t\t\t\t\t<gw:RemedyItem>\n\t\t\t\t\t\t<gw:TechnicalDescription>Length value (8688)in a stream dictionary was inconsistent with the amount of stream data (8706) - repairing.</gw:TechnicalDescription>\n\t\t\t\t\t\t<gw:InstanceCount>1</gw:InstanceCount>\n\t\t\t\t\t</gw:RemedyItem>\n\t\t\t\t\t<gw:RemedyItem>\n\t\t\t\t\t\t<gw:TechnicalDescription>Length value (9319)in a stream dictionary was inconsistent with the amount of stream data (9337) - repairing.</gw:TechnicalDescription>\n\t\t\t\t\t\t<gw:InstanceCount>1</gw:InstanceCount>\n\t\t\t\t\t</gw:RemedyItem>\n\t\t\t\t\t<gw:RemedyItem>\n\t\t\t\t\t\t<gw:TechnicalDescription>Length value (9722)in a stream dictionary was inconsistent with the amount of stream data (9740) - repairing.</gw:TechnicalDescription>\n\t\t\t\t\t\t<gw:InstanceCount>1</gw:InstanceCount>\n\t\t\t\t\t</gw:RemedyItem>\n\t\t\t\t\t<gw:RemedyItem>\n\t\t\t\t\t\t<gw:TechnicalDescription>Length value (99373)in a stream dictionary was inconsistent with the amount of stream data (99391) - repairing.</gw:TechnicalDescription>\n\t\t\t\t\t\t<gw:InstanceCount>1</gw:InstanceCount>\n\t\t\t\t\t</gw:RemedyItem>\n\t\t\t\t</gw:RemedyItems>\n\t\t\t\t<gw:IssueItems itemCount=\"0\" />\n\t\t\t</gw:ContentGroup>\n\t\t\t<gw:ContentGroup>\n\t\t\t\t<gw:BriefDescription>PDF document has Trailer Data Instances</gw:BriefDescription>\n\t\t\t\t<gw:ContentItems itemCount=\"4\">\n\t\t\t\t\t<gw:ContentItem>\n\t\t\t\t\t\t<gw:TechnicalDescription>Document Information dictionary Instances</gw:TechnicalDescription>\n\t\t\t\t\t\t<gw:InstanceCount>1</gw:InstanceCount>\n\t\t\t\t\t\t<gw:TotalSizeInBytes>0</gw:TotalSizeInBytes>\n\t\t\t\t\t\t<gw:AverageSizeInBytes>0</gw:AverageSizeInBytes>\n\t\t\t\t\t\t<gw:MinSizeInBytes>0</gw:MinSizeInBytes>\n\t\t\t\t\t\t<gw:MaxSizeInBytes>0</gw:MaxSizeInBytes>\n\t\t\t\t\t</gw:ContentItem>\n\t\t\t\t\t<gw:ContentItem>\n\t\t\t\t\t\t<gw:TechnicalDescription>PDF Document trailer ID Array Instances</gw:TechnicalDescription>\n\t\t\t\t\t\t<gw:InstanceCount>1</gw:InstanceCount>\n\t\t\t\t\t\t<gw:TotalSizeInBytes>0</gw:TotalSizeInBytes>\n\t\t\t\t\t\t<gw:AverageSizeInBytes>0</gw:AverageSizeInBytes>\n\t\t\t\t\t\t<gw:MinSizeInBytes>0</gw:MinSizeInBytes>\n\t\t\t\t\t\t<gw:MaxSizeInBytes>0</gw:MaxSizeInBytes>\n\t\t\t\t\t</gw:ContentItem>\n\t\t\t\t\t<gw:ContentItem>\n\t\t\t\t\t\t<gw:TechnicalDescription>PDF Document trailer Instances</gw:TechnicalDescription>\n\t\t\t\t\t\t<gw:InstanceCount>1</gw:InstanceCount>\n\t\t\t\t\t\t<gw:TotalSizeInBytes>0</gw:TotalSizeInBytes>\n\t\t\t\t\t\t<gw:AverageSizeInBytes>0</gw:AverageSizeInBytes>\n\t\t\t\t\t\t<gw:MinSizeInBytes>0</gw:MinSizeInBytes>\n\t\t\t\t\t\t<gw:MaxSizeInBytes>0</gw:MaxSizeInBytes>\n\t\t\t\t\t</gw:ContentItem>\n\t\t\t\t\t<gw:ContentItem>\n\t\t\t\t\t\t<gw:TechnicalDescription>PDF Document trailer Size Instances</gw:TechnicalDescription>\n\t\t\t\t\t\t<gw:InstanceCount>1</gw:InstanceCount>\n\t\t\t\t\t\t<gw:TotalSizeInBytes>0</gw:TotalSizeInBytes>\n\t\t\t\t\t\t<gw:AverageSizeInBytes>0</gw:AverageSizeInBytes>\n\t\t\t\t\t\t<gw:MinSizeInBytes>0</gw:MinSizeInBytes>\n\t\t\t\t\t\t<gw:MaxSizeInBytes>0</gw:MaxSizeInBytes>\n\t\t\t\t\t</gw:ContentItem>\n\t\t\t\t</gw:ContentItems>\n\t\t\t\t<gw:SanitisationItems itemCount=\"1\">\n\t\t\t\t\t<gw:SanitisationItem>\n\t\t\t\t\t\t<gw:TechnicalDescription>Document contains metadata: Document information dictionary detected in a document trailer dictionary.</gw:TechnicalDescription>\n\t\t\t\t\t\t<gw:SanitisationId>198115357</gw:SanitisationId>\n\t\t\t\t\t\t<gw:InstanceCount>1</gw:InstanceCount>\n\t\t\t\t\t\t<gw:TotalSizeInBytes>0</gw:TotalSizeInBytes>\n\t\t\t\t\t\t<gw:AverageSizeInBytes>0</gw:AverageSizeInBytes>\n\t\t\t\t\t\t<gw:MinSizeInBytes>0</gw:MinSizeInBytes>\n\t\t\t\t\t\t<gw:MaxSizeInBytes>0</gw:MaxSizeInBytes>\n\t\t\t\t\t</gw:SanitisationItem>\n\t\t\t\t</gw:SanitisationItems>\n\t\t\t\t<gw:RemedyItems itemCount=\"1\">\n\t\t\t\t\t<gw:RemedyItem>\n\t\t\t\t\t\t<gw:TechnicalDescription>Trailer attribute /Size (578) should be the same as the Cross Reference Table maximum object number plus one (577).</gw:TechnicalDescription>\n\t\t\t\t\t\t<gw:InstanceCount>1</gw:InstanceCount>\n\t\t\t\t\t</gw:RemedyItem>\n\t\t\t\t</gw:RemedyItems>\n\t\t\t\t<gw:IssueItems itemCount=\"0\" />\n\t\t\t</gw:ContentGroup>\n\t\t\t<gw:ContentGroup>\n\t\t\t\t<gw:BriefDescription>PDF document has Catalog Data Instances</gw:BriefDescription>\n\t\t\t\t<gw:ContentItems itemCount=\"1\">\n\t\t\t\t\t<gw:ContentItem>\n\t\t\t\t\t\t<gw:TechnicalDescription>Catalog Data</gw:TechnicalDescription>\n\t\t\t\t\t\t<gw:InstanceCount>1</gw:InstanceCount>\n\t\t\t\t\t\t<gw:TotalSizeInBytes>54</gw:TotalSizeInBytes>\n\t\t\t\t\t\t<gw:AverageSizeInBytes>54</gw:AverageSizeInBytes>\n\t\t\t\t\t\t<gw:MinSizeInBytes>54</gw:MinSizeInBytes>\n\t\t\t\t\t\t<gw:MaxSizeInBytes>54</gw:MaxSizeInBytes>\n\t\t\t\t\t</gw:ContentItem>\n\t\t\t\t</gw:ContentItems>\n\t\t\t\t<gw:SanitisationItems itemCount=\"0\" />\n\t\t\t\t<gw:RemedyItems itemCount=\"0\" />\n\t\t\t\t<gw:IssueItems itemCount=\"0\" />\n\t\t\t</gw:ContentGroup>\n\t\t\t<gw:ContentGroup>\n\t\t\t\t<gw:BriefDescription>PDF document has XObject Data Instances</gw:BriefDescription>\n\t\t\t\t<gw:ContentItems itemCount=\"3\">\n\t\t\t\t\t<gw:ContentItem>\n\t\t\t\t\t\t<gw:TechnicalDescription>Direct Image Xobject Instances</gw:TechnicalDescription>\n\t\t\t\t\t\t<gw:InstanceCount>80</gw:InstanceCount>\n\t\t\t\t\t\t<gw:TotalSizeInBytes>1510588</gw:TotalSizeInBytes>\n\t\t\t\t\t\t<gw:AverageSizeInBytes>18882</gw:AverageSizeInBytes>\n\t\t\t\t\t\t<gw:MinSizeInBytes>192</gw:MinSizeInBytes>\n\t\t\t\t\t\t<gw:MaxSizeInBytes>99563</gw:MaxSizeInBytes>\n\t\t\t\t\t</gw:ContentItem>\n\t\t\t\t\t<gw:ContentItem>\n\t\t\t\t\t\t<gw:TechnicalDescription>Form Xobject Instances</gw:TechnicalDescription>\n\t\t\t\t\t\t<gw:InstanceCount>15</gw:InstanceCount>\n\t\t\t\t\t\t<gw:TotalSizeInBytes>3966</gw:TotalSizeInBytes>\n\t\t\t\t\t\t<gw:AverageSizeInBytes>264</gw:AverageSizeInBytes>\n\t\t\t\t\t\t<gw:MinSizeInBytes>245</gw:MinSizeInBytes>\n\t\t\t\t\t\t<gw:MaxSizeInBytes>380</gw:MaxSizeInBytes>\n\t\t\t\t\t</gw:ContentItem>\n\t\t\t\t\t<gw:ContentItem>\n\t\t\t\t\t\t<gw:TechnicalDescription>Xobject Instances</gw:TechnicalDescription>\n\t\t\t\t\t\t<gw:InstanceCount>95</gw:InstanceCount>\n\t\t\t\t\t\t<gw:TotalSizeInBytes>31558</gw:TotalSizeInBytes>\n\t\t\t\t\t\t<gw:AverageSizeInBytes>332</gw:AverageSizeInBytes>\n\t\t\t\t\t\t<gw:MinSizeInBytes>200</gw:MinSizeInBytes>\n\t\t\t\t\t\t<gw:MaxSizeInBytes>1278</gw:MaxSizeInBytes>\n\t\t\t\t\t</gw:ContentItem>\n\t\t\t\t</gw:ContentItems>\n\t\t\t\t<gw:SanitisationItems itemCount=\"0\" />\n\t\t\t\t<gw:RemedyItems itemCount=\"0\" />\n\t\t\t\t<gw:IssueItems itemCount=\"0\" />\n\t\t\t</gw:ContentGroup>\n\t\t\t<gw:ContentGroup>\n\t\t\t\t<gw:BriefDescription>PDF document has Actions Data Instances</gw:BriefDescription>\n\t\t\t\t<gw:ContentItems itemCount=\"3\">\n\t\t\t\t\t<gw:ContentItem>\n\t\t\t\t\t\t<gw:TechnicalDescription>PDF Document /URI Action Dictionary Instances</gw:TechnicalDescription>\n\t\t\t\t\t\t<gw:InstanceCount>159</gw:InstanceCount>\n\t\t\t\t\t\t<gw:TotalSizeInBytes>23711</gw:TotalSizeInBytes>\n\t\t\t\t\t\t<gw:AverageSizeInBytes>149</gw:AverageSizeInBytes>\n\t\t\t\t\t\t<gw:MinSizeInBytes>123</gw:MinSizeInBytes>\n\t\t\t\t\t\t<gw:MaxSizeInBytes>201</gw:MaxSizeInBytes>\n\t\t\t\t\t</gw:ContentItem>\n\t\t\t\t\t<gw:ContentItem>\n\t\t\t\t\t\t<gw:TechnicalDescription>PDF Document Action Instances</gw:TechnicalDescription>\n\t\t\t\t\t\t<gw:InstanceCount>159</gw:InstanceCount>\n\t\t\t\t\t\t<gw:TotalSizeInBytes>23711</gw:TotalSizeInBytes>\n\t\t\t\t\t\t<gw:AverageSizeInBytes>149</gw:AverageSizeInBytes>\n\t\t\t\t\t\t<gw:MinSizeInBytes>123</gw:MinSizeInBytes>\n\t\t\t\t\t\t<gw:MaxSizeInBytes>201</gw:MaxSizeInBytes>\n\t\t\t\t\t</gw:ContentItem>\n\t\t\t\t\t<gw:ContentItem>\n\t\t\t\t\t\t<gw:TechnicalDescription>Unidentified action Instances</gw:TechnicalDescription>\n\t\t\t\t\t\t<gw:InstanceCount>159</gw:InstanceCount>\n\t\t\t\t\t\t<gw:TotalSizeInBytes>0</gw:TotalSizeInBytes>\n\t\t\t\t\t\t<gw:AverageSizeInBytes>0</gw:AverageSizeInBytes>\n\t\t\t\t\t\t<gw:MinSizeInBytes>0</gw:MinSizeInBytes>\n\t\t\t\t\t\t<gw:MaxSizeInBytes>0</gw:MaxSizeInBytes>\n\t\t\t\t\t</gw:ContentItem>\n\t\t\t\t</gw:ContentItems>\n\t\t\t\t<gw:SanitisationItems itemCount=\"0\" />\n\t\t\t\t<gw:RemedyItems itemCount=\"0\" />\n\t\t\t\t<gw:IssueItems itemCount=\"0\" />\n\t\t\t</gw:ContentGroup>\n\t\t\t<gw:ContentGroup>\n\t\t\t\t<gw:BriefDescription>JPEG document has Marker Data Instances</gw:BriefDescription>\n\t\t\t\t<gw:ContentItems itemCount=\"7\">\n\t\t\t\t\t<gw:ContentItem>\n\t\t\t\t\t\t<gw:TechnicalDescription>APP0_Reserved_for_application_segments</gw:TechnicalDescription>\n\t\t\t\t\t\t<gw:InstanceCount>63</gw:InstanceCount>\n\t\t\t\t\t\t<gw:TotalSizeInBytes>1134</gw:TotalSizeInBytes>\n\t\t\t\t\t\t<gw:AverageSizeInBytes>18</gw:AverageSizeInBytes>\n\t\t\t\t\t\t<gw:MinSizeInBytes>18</gw:MinSizeInBytes>\n\t\t\t\t\t\t<gw:MaxSizeInBytes>18</gw:MaxSizeInBytes>\n\t\t\t\t\t</gw:ContentItem>\n\t\t\t\t\t<gw:ContentItem>\n\t\t\t\t\t\t<gw:TechnicalDescription>APP1_Reserved_for_application_segments</gw:TechnicalDescription>\n\t\t\t\t\t\t<gw:InstanceCount>20</gw:InstanceCount>\n\t\t\t\t\t\t<gw:TotalSizeInBytes>6790</gw:TotalSizeInBytes>\n\t\t\t\t\t\t<gw:AverageSizeInBytes>339</gw:AverageSizeInBytes>\n\t\t\t\t\t\t<gw:MinSizeInBytes>56</gw:MinSizeInBytes>\n\t\t\t\t\t\t<gw:MaxSizeInBytes>5512</gw:MaxSizeInBytes>\n\t\t\t\t\t</gw:ContentItem>\n\t\t\t\t\t<gw:ContentItem>\n\t\t\t\t\t\t<gw:TechnicalDescription>APP2_Reserved_for_application_segments</gw:TechnicalDescription>\n\t\t\t\t\t\t<gw:InstanceCount>2</gw:InstanceCount>\n\t\t\t\t\t\t<gw:TotalSizeInBytes>3740</gw:TotalSizeInBytes>\n\t\t\t\t\t\t<gw:AverageSizeInBytes>1870</gw:AverageSizeInBytes>\n\t\t\t\t\t\t<gw:MinSizeInBytes>578</gw:MinSizeInBytes>\n\t\t\t\t\t\t<gw:MaxSizeInBytes>3162</gw:MaxSizeInBytes>\n\t\t\t\t\t</gw:ContentItem>\n\t\t\t\t\t<gw:ContentItem>\n\t\t\t\t\t\t<gw:TechnicalDescription>DHT_Define_Huffman_tables</gw:TechnicalDescription>\n\t\t\t\t\t\t<gw:InstanceCount>252</gw:InstanceCount>\n\t\t\t\t\t\t<gw:TotalSizeInBytes>27216</gw:TotalSizeInBytes>\n\t\t\t\t\t\t<gw:AverageSizeInBytes>108</gw:AverageSizeInBytes>\n\t\t\t\t\t\t<gw:MinSizeInBytes>33</gw:MinSizeInBytes>\n\t\t\t\t\t\t<gw:MaxSizeInBytes>183</gw:MaxSizeInBytes>\n\t\t\t\t\t</gw:ContentItem>\n\t\t\t\t\t<gw:ContentItem>\n\t\t\t\t\t\t<gw:TechnicalDescription>DQT_Define_quantization_tables</gw:TechnicalDescription>\n\t\t\t\t\t\t<gw:InstanceCount>126</gw:InstanceCount>\n\t\t\t\t\t\t<gw:TotalSizeInBytes>8694</gw:TotalSizeInBytes>\n\t\t\t\t\t\t<gw:AverageSizeInBytes>69</gw:AverageSizeInBytes>\n\t\t\t\t\t\t<gw:MinSizeInBytes>69</gw:MinSizeInBytes>\n\t\t\t\t\t\t<gw:MaxSizeInBytes>69</gw:MaxSizeInBytes>\n\t\t\t\t\t</gw:ContentItem>\n\t\t\t\t\t<gw:ContentItem>\n\t\t\t\t\t\t<gw:TechnicalDescription>EOI_End_of_image</gw:TechnicalDescription>\n\t\t\t\t\t\t<gw:InstanceCount>63</gw:InstanceCount>\n\t\t\t\t\t\t<gw:TotalSizeInBytes>126</gw:TotalSizeInBytes>\n\t\t\t\t\t\t<gw:AverageSizeInBytes>2</gw:AverageSizeInBytes>\n\t\t\t\t\t\t<gw:MinSizeInBytes>2</gw:MinSizeInBytes>\n\t\t\t\t\t\t<gw:MaxSizeInBytes>2</gw:MaxSizeInBytes>\n\t\t\t\t\t</gw:ContentItem>\n\t\t\t\t\t<gw:ContentItem>\n\t\t\t\t\t\t<gw:TechnicalDescription>SOI_Start_of_image</gw:TechnicalDescription>\n\t\t\t\t\t\t<gw:InstanceCount>63</gw:InstanceCount>\n\t\t\t\t\t\t<gw:TotalSizeInBytes>126</gw:TotalSizeInBytes>\n\t\t\t\t\t\t<gw:AverageSizeInBytes>2</gw:AverageSizeInBytes>\n\t\t\t\t\t\t<gw:MinSizeInBytes>2</gw:MinSizeInBytes>\n\t\t\t\t\t\t<gw:MaxSizeInBytes>2</gw:MaxSizeInBytes>\n\t\t\t\t\t</gw:ContentItem>\n\t\t\t\t</gw:ContentItems>\n\t\t\t\t<gw:SanitisationItems itemCount=\"0\" />\n\t\t\t\t<gw:RemedyItems itemCount=\"1\">\n\t\t\t\t\t<gw:RemedyItem>\n\t\t\t\t\t\t<gw:TechnicalDescription>APP segment removed</gw:TechnicalDescription>\n\t\t\t\t\t\t<gw:InstanceCount>85</gw:InstanceCount>\n\t\t\t\t\t</gw:RemedyItem>\n\t\t\t\t</gw:RemedyItems>\n\t\t\t\t<gw:IssueItems itemCount=\"0\" />\n\t\t\t</gw:ContentGroup>\n\t\t\t<gw:ContentGroup>\n\t\t\t\t<gw:BriefDescription>JPEG document has Scan Data Instances</gw:BriefDescription>\n\t\t\t\t<gw:ContentItems itemCount=\"4\">\n\t\t\t\t\t<gw:ContentItem>\n\t\t\t\t\t\t<gw:TechnicalDescription>ECS Section Instances</gw:TechnicalDescription>\n\t\t\t\t\t\t<gw:InstanceCount>63</gw:InstanceCount>\n\t\t\t\t\t\t<gw:TotalSizeInBytes>1445437</gw:TotalSizeInBytes>\n\t\t\t\t\t\t<gw:AverageSizeInBytes>22943</gw:AverageSizeInBytes>\n\t\t\t\t\t\t<gw:MinSizeInBytes>1234</gw:MinSizeInBytes>\n\t\t\t\t\t\t<gw:MaxSizeInBytes>98766</gw:MaxSizeInBytes>\n\t\t\t\t\t</gw:ContentItem>\n\t\t\t\t\t<gw:ContentItem>\n\t\t\t\t\t\t<gw:TechnicalDescription>Scan Data Instances</gw:TechnicalDescription>\n\t\t\t\t\t\t<gw:InstanceCount>63</gw:InstanceCount>\n\t\t\t\t\t\t<gw:TotalSizeInBytes>0</gw:TotalSizeInBytes>\n\t\t\t\t\t\t<gw:AverageSizeInBytes>0</gw:AverageSizeInBytes>\n\t\t\t\t\t\t<gw:MinSizeInBytes>0</gw:MinSizeInBytes>\n\t\t\t\t\t\t<gw:MaxSizeInBytes>0</gw:MaxSizeInBytes>\n\t\t\t\t\t</gw:ContentItem>\n\t\t\t\t\t<gw:ContentItem>\n\t\t\t\t\t\t<gw:TechnicalDescription>Sequential Ecs Section Instances</gw:TechnicalDescription>\n\t\t\t\t\t\t<gw:InstanceCount>63</gw:InstanceCount>\n\t\t\t\t\t\t<gw:TotalSizeInBytes>1445437</gw:TotalSizeInBytes>\n\t\t\t\t\t\t<gw:AverageSizeInBytes>22943</gw:AverageSizeInBytes>\n\t\t\t\t\t\t<gw:MinSizeInBytes>1234</gw:MinSizeInBytes>\n\t\t\t\t\t\t<gw:MaxSizeInBytes>98766</gw:MaxSizeInBytes>\n\t\t\t\t\t</gw:ContentItem>\n\t\t\t\t\t<gw:ContentItem>\n\t\t\t\t\t\t<gw:TechnicalDescription>Start Of Scan Instances</gw:TechnicalDescription>\n\t\t\t\t\t\t<gw:InstanceCount>63</gw:InstanceCount>\n\t\t\t\t\t\t<gw:TotalSizeInBytes>252</gw:TotalSizeInBytes>\n\t\t\t\t\t\t<gw:AverageSizeInBytes>4</gw:AverageSizeInBytes>\n\t\t\t\t\t\t<gw:MinSizeInBytes>4</gw:MinSizeInBytes>\n\t\t\t\t\t\t<gw:MaxSizeInBytes>4</gw:MaxSizeInBytes>\n\t\t\t\t\t</gw:ContentItem>\n\t\t\t\t</gw:ContentItems>\n\t\t\t\t<gw:SanitisationItems itemCount=\"0\" />\n\t\t\t\t<gw:RemedyItems itemCount=\"0\" />\n\t\t\t\t<gw:IssueItems itemCount=\"0\" />\n\t\t\t</gw:ContentGroup>\n\t\t\t<gw:ContentGroup>\n\t\t\t\t<gw:BriefDescription>JPEG document has Frame Data Instances</gw:BriefDescription>\n\t\t\t\t<gw:ContentItems itemCount=\"4\">\n\t\t\t\t\t<gw:ContentItem>\n\t\t\t\t\t\t<gw:TechnicalDescription>Define Huffman Table Instances</gw:TechnicalDescription>\n\t\t\t\t\t\t<gw:InstanceCount>252</gw:InstanceCount>\n\t\t\t\t\t\t<gw:TotalSizeInBytes>27216</gw:TotalSizeInBytes>\n\t\t\t\t\t\t<gw:AverageSizeInBytes>108</gw:AverageSizeInBytes>\n\t\t\t\t\t\t<gw:MinSizeInBytes>33</gw:MinSizeInBytes>\n\t\t\t\t\t\t<gw:MaxSizeInBytes>183</gw:MaxSizeInBytes>\n\t\t\t\t\t</gw:ContentItem>\n\t\t\t\t\t<gw:ContentItem>\n\t\t\t\t\t\t<gw:TechnicalDescription>Define Quantization Table Instances</gw:TechnicalDescription>\n\t\t\t\t\t\t<gw:InstanceCount>126</gw:InstanceCount>\n\t\t\t\t\t\t<gw:TotalSizeInBytes>8694</gw:TotalSizeInBytes>\n\t\t\t\t\t\t<gw:AverageSizeInBytes>69</gw:AverageSizeInBytes>\n\t\t\t\t\t\t<gw:MinSizeInBytes>69</gw:MinSizeInBytes>\n\t\t\t\t\t\t<gw:MaxSizeInBytes>69</gw:MaxSizeInBytes>\n\t\t\t\t\t</gw:ContentItem>\n\t\t\t\t\t<gw:ContentItem>\n\t\t\t\t\t\t<gw:TechnicalDescription>Frame Data Instances</gw:TechnicalDescription>\n\t\t\t\t\t\t<gw:InstanceCount>63</gw:InstanceCount>\n\t\t\t\t\t\t<gw:TotalSizeInBytes>0</gw:TotalSizeInBytes>\n\t\t\t\t\t\t<gw:AverageSizeInBytes>0</gw:AverageSizeInBytes>\n\t\t\t\t\t\t<gw:MinSizeInBytes>0</gw:MinSizeInBytes>\n\t\t\t\t\t\t<gw:MaxSizeInBytes>0</gw:MaxSizeInBytes>\n\t\t\t\t\t</gw:ContentItem>\n\t\t\t\t\t<gw:ContentItem>\n\t\t\t\t\t\t<gw:TechnicalDescription>Frame Header Instances</gw:TechnicalDescription>\n\t\t\t\t\t\t<gw:InstanceCount>63</gw:InstanceCount>\n\t\t\t\t\t\t<gw:TotalSizeInBytes>1197</gw:TotalSizeInBytes>\n\t\t\t\t\t\t<gw:AverageSizeInBytes>19</gw:AverageSizeInBytes>\n\t\t\t\t\t\t<gw:MinSizeInBytes>19</gw:MinSizeInBytes>\n\t\t\t\t\t\t<gw:MaxSizeInBytes>19</gw:MaxSizeInBytes>\n\t\t\t\t\t</gw:ContentItem>\n\t\t\t\t</gw:ContentItems>\n\t\t\t\t<gw:SanitisationItems itemCount=\"0\" />\n\t\t\t\t<gw:RemedyItems itemCount=\"0\" />\n\t\t\t\t<gw:IssueItems itemCount=\"0\" />\n\t\t\t</gw:ContentGroup>\n\t\t</gw:ContentGroups>\n\t\t<gw:ExtractedItems itemCount=\"0\" />\n\t</gw:DocumentStatistics>\n</gw:GWallInfo>\n"