"<?xml version=\"1.0\" encoding=\"utf-8\"?>\n<gw:GWallInfo xsi:schemaLocation=\"http://glasswall.com/namespace/gwallInfo.xsd\" xmlns:xsi=\"http://www.w3.org/2001/XMLSchema-instance\" xmlns:gw=\"http://glasswall.com/namespace\">\n\t<gw:DocumentStatistics>\n\t\t<gw:DocumentSummary>\n\t\t\t<gw:TotalSizeInBytes>0</gw:TotalSizeInBytes>\n\t\t\t<gw:FileType>buff</gw:FileType>\n\t\t\t<gw:Version>Not Applicable</gw:Version>\n\t\t</gw:DocumentSummary>\n\t\t<gw:ContentManagementPolicy>\n\t\t\t<gw:Camera cameraName=\"pdfConfig\">\n\t\t\t\t<gw:ContentSwitch>\n\t\t\t\t\t<gw:ContentName>metadata</gw:ContentName>\n\t\t\t\t\t<gw:ContentValue>sanitise</gw:ContentValue>\n\t\t\t\t</gw:ContentSwitch>\n\t\t\t\t<gw:ContentSwitch>\n\t\t\t\t\t<gw:ContentName>javascript</gw:ContentName>\n\t\t\t\t\t<gw:ContentValue>sanitise</gw:ContentValue>\n\t\t\t\t</gw:ContentSwitch>\n\t\t\t\t<gw:ContentSwitch>\n\t\t\t\t\t<gw:ContentName>acroform</gw:ContentName>\n\t\t\t\t\t<gw:ContentValue>sanitise</gw:ContentValue>\n\t\t\t\t</gw:ContentSwitch>\n\t\t\t\t<gw:ContentSwitch>\n\t\t\t\t\t<gw:ContentName>actions_all</gw:ContentName>\n\t\t\t\t\t<gw:ContentValue>sanitise</gw:ContentValue>\n\t\t\t\t</gw:ContentSwitch>\n\t\t\t\t<gw:ContentSwitch>\n\t\t\t\t\t<gw:ContentName>embedded_files</gw:ContentName>\n\t\t\t\t\t<gw:ContentValue>sanitise</gw:ContentValue>\n\t\t\t\t</gw:ContentSwitch>\n\t\t\t\t<gw:ContentSwitch>\n\t\t\t\t\t<gw:ContentName>external_hyperlinks</gw:ContentName>\n\t\t\t\t\t<gw:ContentValue>sanitise</gw:ContentValue>\n\t\t\t\t</gw:ContentSwitch>\n\t\t\t\t<gw:ContentSwitch>\n\t\t\t\t\t<gw:ContentName>internal_hyperlinks</gw:ContentName>\n\t\t\t\t\t<gw:ContentValue>sanitise</gw:ContentValue>\n\t\t\t\t</gw:ContentSwitch>\n\t\t\t\t<gw:ContentSwitch>\n\t\t\t\t\t<gw:ContentName>embedded_images</gw:ContentName>\n\t\t\t\t\t<gw:ContentValue>sanitise</gw:ContentValue>\n\t\t\t\t</gw:ContentSwitch>\n\t\t\t</gw:Camera>\n\t\t\t<gw:Camera cameraName=\"wordConfig\">\n\t\t\t\t<gw:ContentSwitch>\n\t\t\t\t\t<gw:ContentName>metadata</gw:ContentName>\n\t\t\t\t\t<gw:ContentValue>sanitise</gw:ContentValue>\n\t\t\t\t</gw:ContentSwitch>\n\t\t\t\t<gw:ContentSwitch>\n\t\t\t\t\t<gw:ContentName>macros</gw:ContentName>\n\t\t\t\t\t<gw:ContentValue>sanitise</gw:ContentValue>\n\t\t\t\t</gw:ContentSwitch>\n\t\t\t\t<gw:ContentSwitch>\n\t\t\t\t\t<gw:ContentName>embedded_files</gw:ContentName>\n\t\t\t\t\t<gw:ContentValue>sanitise</gw:ContentValue>\n\t\t\t\t</gw:ContentSwitch>\n\t\t\t\t<gw:ContentSwitch>\n\t\t\t\t\t<gw:ContentName>review_comments</gw:ContentName>\n\t\t\t\t\t<gw:ContentValue>sanitise</gw:ContentValue>\n\t\t\t\t</gw:ContentSwitch>\n\t\t\t\t<gw:ContentSwitch>\n\t\t\t\t\t<gw:ContentName>internal_hyperlinks</gw:ContentName>\n\t\t\t\t\t<gw:ContentValue>sanitise</gw:ContentValue>\n\t\t\t\t</gw:ContentSwitch>\n\t\t\t\t<gw:ContentSwitch>\n\t\t\t\t\t<gw:ContentName>external_hyperlinks</gw:ContentName>\n\t\t\t\t\t<gw:ContentValue>sanitise</gw:ContentValue>\n\t\t\t\t</gw:ContentSwitch>\n\t\t\t\t<gw:ContentSwitch>\n\t\t\t\t\t<gw:ContentName>dynamic_data_exchange</gw:ContentName>\n\t\t\t\t\t<gw:ContentValue>sanitise</gw:ContentValue>\n\t\t\t\t</gw:ContentSwitch>\n\t\t\t\t<gw:ContentSwitch>\n\t\t\t\t\t<gw:ContentName>embedded_images</gw:ContentName>\n\t\t\t\t\t<gw:ContentValue>sanitise</gw:ContentValue>\n\t\t\t\t</gw:ContentSwitch>\n\t\t\t</gw:Camera>\n\t\t\t<gw:Camera cameraName=\"pptConfig\">\n\t\t\t\t<gw:ContentSwitch>\n\t\t\t\t\t<gw:ContentName>metadata</gw:ContentName>\n\t\t\t\t\t<gw:ContentValue>sanitise</gw:ContentValue>\n\t\t\t\t</gw:ContentSwitch>\n\t\t\t\t<gw:ContentSwitch>\n\t\t\t\t\t<gw:ContentName>macros</gw:ContentName>\n\t\t\t\t\t<gw:ContentValue>sanitise</gw:ContentValue>\n\t\t\t\t</gw:ContentSwitch>\n\t\t\t\t<gw:ContentSwitch>\n\t\t\t\t\t<gw:ContentName>embedded_files</gw:ContentName>\n\t\t\t\t\t<gw:ContentValue>sanitise</gw:ContentValue>\n\t\t\t\t</gw:ContentSwitch>\n\t\t\t\t<gw:ContentSwitch>\n\t\t\t\t\t<gw:ContentName>review_comments</gw:ContentName>\n\t\t\t\t\t<gw:ContentValue>sanitise</gw:ContentValue>\n\t\t\t\t</gw:ContentSwitch>\n\t\t\t\t<gw:ContentSwitch>\n\t\t\t\t\t<gw:ContentName>internal_hyperlinks</gw:ContentName>\n\t\t\t\t\t<gw:ContentValue>sanitise</gw:ContentValue>\n\t\t\t\t</gw:ContentSwitch>\n\t\t\t\t<gw:ContentSwitch>\n\t\t\t\t\t<gw:ContentName>external_hyperlinks</gw:ContentName>\n\t\t\t\t\t<gw:ContentValue>sanitise</gw:ContentValue>\n\t\t\t\t</gw:ContentSwitch>\n\t\t\t\t<gw:ContentSwitch>\n\t\t\t\t\t<gw:ContentName>embedded_images</gw:ContentName>\n\t\t\t\t\t<gw:ContentValue>sanitise</gw:ContentValue>\n\t\t\t\t</gw:ContentSwitch>\n\t\t\t</gw:Camera>\n\t\t\t<gw:Camera cameraName=\"xlsConfig\">\n\t\t\t\t<gw:ContentSwitch>\n\t\t\t\t\t<gw:ContentName>metadata</gw:ContentName>\n\t\t\t\t\t<gw:ContentValue>sanitise</gw:ContentValue>\n\t\t\t\t</gw:ContentSwitch>\n\t\t\t\t<gw:ContentSwitch>\n\t\t\t\t\t<gw:ContentName>macros</gw:ContentName>\n\t\t\t\t\t<gw:ContentValue>sanitise</gw:ContentValue>\n\t\t\t\t</gw:ContentSwitch>\n\t\t\t\t<gw:ContentSwitch>\n\t\t\t\t\t<gw:ContentName>embedded_files</gw:ContentName>\n\t\t\t\t\t<gw:ContentValue>sanitise</gw:ContentValue>\n\t\t\t\t</gw:ContentSwitch>\n\t\t\t\t<gw:ContentSwitch>\n\t\t\t\t\t<gw:ContentName>internal_hyperlinks</gw:ContentName>\n\t\t\t\t\t<gw:ContentValue>sanitise</gw:ContentValue>\n\t\t\t\t</gw:ContentSwitch>\n\t\t\t\t<gw:ContentSwitch>\n\t\t\t\t\t<gw:ContentName>external_hyperlinks</gw:ContentName>\n\t\t\t\t\t<gw:ContentValue>sanitise</gw:ContentValue>\n\t\t\t\t</gw:ContentSwitch>\n\t\t\t\t<gw:ContentSwitch>\n\t\t\t\t\t<gw:ContentName>review_comments</gw:ContentName>\n\t\t\t\t\t<gw:ContentValue>sanitise</gw:ContentValue>\n\t\t\t\t</gw:ContentSwitch>\n\t\t\t\t<gw:ContentSwitch>\n\t\t\t\t\t<gw:ContentName>dynamic_data_exchange</gw:ContentName>\n\t\t\t\t\t<gw:ContentValue>sanitise</gw:ContentValue>\n\t\t\t\t</gw:ContentSwitch>\n\t\t\t\t<gw:ContentSwitch>\n\t\t\t\t\t<gw:ContentName>embedded_images</gw:ContentName>\n\t\t\t\t\t<gw:ContentValue>sanitise</gw:ContentValue>\n\t\t\t\t</gw:ContentSwitch>\n\t\t\t</gw:Camera>\n\t\t</gw:ContentManagementPolicy>\n\t\t<gw:ContentGroups groupCount=\"1\">\n\t\t\t<gw:ContentGroup>\n\t\t\t\t<gw:BriefDescription>Document Processing Instances</gw:BriefDescription>\n\t\t\t\t<gw:ContentItems itemCount=\"0\" />\n\t\t\t\t<gw:SanitisationItems itemCount=\"0\" />\n\t\t\t\t<gw:RemedyItems itemCount=\"0\" />\n\t\t\t\t<gw:IssueItems itemCount=\"1\">\n\t\t\t\t\t<gw:IssueItem>\n\t\t\t\t\t\t<gw:TechnicalDescription> File size is zero</gw:TechnicalDescription>\n\t\t\t\t\t\t<gw:IssueId>96</gw:IssueId>\n\t\t\t\t\t\t<gw:InstanceCount>1</gw:InstanceCount>\n\t\t\t\t\t\t<gw:RiskLevel>Medium</gw:RiskLevel>\n\t\t\t\t\t</gw:IssueItem>\n\t\t\t\t</gw:IssueItems>\n\t\t\t</gw:ContentGroup>\n\t\t</gw:ContentGroups>\n\t\t<gw:ExtractedItems itemCount=\"0\" />\n\t</gw:DocumentStatistics>\n</gw:GWallInfo>\n"