"<?xml version=\"1.0\" encoding=\"utf-8\"?>\n<gw:GWallInfo xsi:schemaLocation=\"http://glasswall.com/namespace/gwallInfo.xsd\" xmlns:xsi=\"http://www.w3.org/2001/XMLSchema-instance\" xmlns:gw=\"http://glasswall.com/namespace\">\n\t<gw:DocumentStatistics>\n\t\t<gw:DocumentSummary>\n\t\t\t<gw:TotalSizeInBytes>0</gw:TotalSizeInBytes>\n\t\t\t<gw:FileType>pdf</gw:FileType>\n\t\t\t<gw:Version>PDF-1.7</gw:Version>\n\t\t</gw:DocumentSummary>\n\t\t<gw:ContentManagementPolicy>\n\t\t\t<gw:Camera cameraName=\"pdfConfig\">\n\t\t\t\t<gw:ContentSwitch>\n\t\t\t\t\t<gw:ContentName>metadata</gw:ContentName>\n\t\t\t\t\t<gw:ContentValue>sanitise</gw:ContentValue>\n\t\t\t\t</gw:ContentSwitch>\n\t\t\t\t<gw:ContentSwitch>\n\t\t\t\t\t<gw:ContentName>javascript</gw:ContentName>\n\t\t\t\t\t<gw:ContentValue>sanitise</gw:ContentValue>\n\t\t\t\t</gw:ContentSwitch>\n\t\t\t\t<gw:ContentSwitch>\n\t\t\t\t\t<gw:ContentName>acroform</gw:ContentName>\n\t\t\t\t\t<gw:ContentValue>sanitise</gw:ContentValue>\n\t\t\t\t</gw:ContentSwitch>\n\t\t\t\t<gw:ContentSwitch>\n\t\t\t\t\t<gw:ContentName>actions_all</gw:ContentName>\n\t\t\t\t\t<gw:ContentValue>sanitise</gw:ContentValue>\n\t\t\t\t</gw:ContentSwitch>\n\t\t\t\t<gw:ContentSwitch>\n\t\t\t\t\t<gw:ContentName>embedded_files</gw:ContentName>\n\t\t\t\t\t<gw:ContentValue>sanitise</gw:ContentValue>\n\t\t\t\t</gw:ContentSwitch>\n\t\t\t\t<gw:ContentSwitch>\n\t\t\t\t\t<gw:ContentName>external_hyperlinks</gw:ContentName>\n\t\t\t\t\t<gw:ContentValue>sanitise</gw:ContentValue>\n\t\t\t\t</gw:ContentSwitch>\n\t\t\t\t<gw:ContentSwitch>\n\t\t\t\t\t<gw:ContentName>internal_hyperlinks</gw:ContentName>\n\t\t\t\t\t<gw:ContentValue>sanitise</gw:ContentValue>\n\t\t\t\t</gw:ContentSwitch>\n\t\t\t\t<gw:ContentSwitch>\n\t\t\t\t\t<gw:ContentName>embedded_images</gw:ContentName>\n\t\t\t\t\t<gw:ContentValue>sanitise</gw:ContentValue>\n\t\t\t\t</gw:ContentSwitch>\n\t\t\t</gw:Camera>\n\t\t\t<gw:Camera cameraName=\"wordConfig\">\n\t\t\t\t<gw:ContentSwitch>\n\t\t\t\t\t<gw:ContentName>metadata</gw:ContentName>\n\t\t\t\t\t<gw:ContentValue>sanitise</gw:ContentValue>\n\t\t\t\t</gw:ContentSwitch>\n\t\t\t\t<gw:ContentSwitch>\n\t\t\t\t\t<gw:ContentName>macros</gw:ContentName>\n\t\t\t\t\t<gw:ContentValue>sanitise</gw:ContentValue>\n\t\t\t\t</gw:ContentSwitch>\n\t\t\t\t<gw:ContentSwitch>\n\t\t\t\t\t<gw:ContentName>embedded_files</gw:ContentName>\n\t\t\t\t\t<gw:ContentValue>sanitise</gw:ContentValue>\n\t\t\t\t</gw:ContentSwitch>\n\t\t\t\t<gw:ContentSwitch>\n\t\t\t\t\t<gw:ContentName>review_comments</gw:ContentName>\n\t\t\t\t\t<gw:ContentValue>sanitise</gw:ContentValue>\n\t\t\t\t</gw:ContentSwitch>\n\t\t\t\t<gw:ContentSwitch>\n\t\t\t\t\t<gw:ContentName>internal_hyperlinks</gw:ContentName>\n\t\t\t\t\t<gw:ContentValue>sanitise</gw:ContentValue>\n\t\t\t\t</gw:ContentSwitch>\n\t\t\t\t<gw:ContentSwitch>\n\t\t\t\t\t<gw:ContentName>external_hyperlinks</gw:ContentName>\n\t\t\t\t\t<gw:ContentValue>sanitise</gw:ContentValue>\n\t\t\t\t</gw:ContentSwitch>\n\t\t\t\t<gw:ContentSwitch>\n\t\t\t\t\t<gw:ContentName>dynamic_data_exchange</gw:ContentName>\n\t\t\t\t\t<gw:ContentValue>sanitise</gw:ContentValue>\n\t\t\t\t</gw:ContentSwitch>\n\t\t\t\t<gw:ContentSwitch>\n\t\t\t\t\t<gw:ContentName>embedded_images</gw:ContentName>\n\t\t\t\t\t<gw:ContentValue>sanitise</gw:ContentValue>\n\t\t\t\t</gw:ContentSwitch>\n\t\t\t</gw:Camera>\n\t\t\t<gw:Camera cameraName=\"pptConfig\">\n\t\t\t\t<gw:ContentSwitch>\n\t\t\t\t\t<gw:ContentName>metadata</gw:ContentName>\n\t\t\t\t\t<gw:ContentValue>sanitise</gw:ContentValue>\n\t\t\t\t</gw:ContentSwitch>\n\t\t\t\t<gw:ContentSwitch>\n\t\t\t\t\t<gw:ContentName>macros</gw:ContentName>\n\t\t\t\t\t<gw:ContentValue>sanitise</gw:ContentValue>\n\t\t\t\t</gw:ContentSwitch>\n\t\t\t\t<gw:ContentSwitch>\n\t\t\t\t\t<gw:ContentName>embedded_files</gw:ContentName>\n\t\t\t\t\t<gw:ContentValue>sanitise</gw:ContentValue>\n\t\t\t\t</gw:ContentSwitch>\n\t\t\t\t<gw:ContentSwitch>\n\t\t\t\t\t<gw:ContentName>review_comments</gw:ContentName>\n\t\t\t\t\t<gw:ContentValue>sanitise</gw:ContentValue>\n\t\t\t\t</gw:ContentSwitch>\n\t\t\t\t<gw:ContentSwitch>\n\t\t\t\t\t<gw:ContentName>internal_hyperlinks</gw:ContentName>\n\t\t\t\t\t<gw:ContentValue>sanitise</gw:ContentValue>\n\t\t\t\t</gw:ContentSwitch>\n\t\t\t\t<gw:ContentSwitch>\n\t\t\t\t\t<gw:ContentName>external_hyperlinks</gw:ContentName>\n\t\t\t\t\t<gw:ContentValue>sanitise</gw:ContentValue>\n\t\t\t\t</gw:ContentSwitch>\n\t\t\t\t<gw:ContentSwitch>\n\t\t\t\t\t<gw:ContentName>embedded_images</gw:ContentName>\n\t\t\t\t\t<gw:ContentValue>sanitise</gw:ContentValue>\n\t\t\t\t</gw:ContentSwitch>\n\t\t\t</gw:Camera>\n\t\t\t<gw:Camera cameraName=\"xlsConfig\">\n\t\t\t\t<gw:ContentSwitch>\n\t\t\t\t\t<gw:ContentName>metadata</gw:ContentName>\n\t\t\t\t\t<gw:ContentValue>sanitise</gw:ContentValue>\n\t\t\t\t</gw:ContentSwitch>\n\t\t\t\t<gw:ContentSwitch>\n\t\t\t\t\t<gw:ContentName>macros</gw:ContentName>\n\t\t\t\t\t<gw:ContentValue>sanitise</gw:ContentValue>\n\t\t\t\t</gw:ContentSwitch>\n\t\t\t\t<gw:ContentSwitch>\n\t\t\t\t\t<gw:ContentName>embedded_files</gw:ContentName>\n\t\t\t\t\t<gw:ContentValue>sanitise</gw:ContentValue>\n\t\t\t\t</gw:ContentSwitch>\n\t\t\t\t<gw:ContentSwitch>\n\t\t\t\t\t<gw:ContentName>internal_hyperlinks</gw:ContentName>\n\t\t\t\t\t<gw:ContentValue>sanitise</gw:ContentValue>\n\t\t\t\t</gw:ContentSwitch>\n\t\t\t\t<gw:ContentSwitch>\n\t\t\t\t\t<gw:ContentName>external_hyperlinks</gw:ContentName>\n\t\t\t\t\t<gw:ContentValue>sanitise</gw:ContentValue>\n\t\t\t\t</gw:ContentSwitch>\n\t\t\t\t<gw:ContentSwitch>\n\t\t\t\t\t<gw:ContentName>review_comments</gw:ContentName>\n\t\t\t\t\t<gw:ContentValue>sanitise</gw:ContentValue>\n\t\t\t\t</gw:ContentSwitch>\n\t\t\t\t<gw:ContentSwitch>\n\t\t\t\t\t<gw:ContentName>dynamic_data_exchange</gw:ContentName>\n\t\t\t\t\t<gw:ContentValue>sanitise</gw:ContentValue>\n\t\t\t\t</gw:ContentSwitch>\n\t\t\t\t<gw:ContentSwitch>\n\t\t\t\t\t<gw:ContentName>embedded_images</gw:ContentName>\n\t\t\t\t\t<gw:ContentValue>sanitise</gw:ContentValue>\n\t\t\t\t</gw:ContentSwitch>\n\t\t\t</gw:Camera>\n\t\t</gw:ContentManagementPolicy>\n\t\t<gw:ContentGroups groupCount=\"22\">\n\t\t\t<gw:ContentGroup>\n\t\t\t\t<gw:BriefDescription>PDF document has Basic File Section structure instances</gw:BriefDescription>\n\t\t\t\t<gw:ContentItems itemCount=\"5\">\n\t\t\t\t\t<gw:ContentItem>\n\t\t\t\t\t\t<gw:TechnicalDescription>PDF Cross Reference Table Instances</gw:TechnicalDescription>\n\t\t\t\t\t\t<gw:InstanceCount>1</gw:InstanceCount>\n\t\t\t\t\t\t<gw:TotalSizeInBytes>2251</gw:TotalSizeInBytes>\n\t\t\t\t\t\t<gw:AverageSizeInBytes>2251</gw:AverageSizeInBytes>\n\t\t\t\t\t\t<gw:MinSizeInBytes>2251</gw:MinSizeInBytes>\n\t\t\t\t\t\t<gw:MaxSizeInBytes>2251</gw:MaxSizeInBytes>\n\t\t\t\t\t</gw:ContentItem>\n\t\t\t\t\t<gw:ContentItem>\n\t\t\t\t\t\t<gw:TechnicalDescription>PDF Header Instances</gw:TechnicalDescription>\n\t\t\t\t\t\t<gw:InstanceCount>1</gw:InstanceCount>\n\t\t\t\t\t\t<gw:TotalSizeInBytes>16</gw:TotalSizeInBytes>\n\t\t\t\t\t\t<gw:AverageSizeInBytes>16</gw:AverageSizeInBytes>\n\t\t\t\t\t\t<gw:MinSizeInBytes>16</gw:MinSizeInBytes>\n\t\t\t\t\t\t<gw:MaxSizeInBytes>16</gw:MaxSizeInBytes>\n\t\t\t\t\t</gw:ContentItem>\n\t\t\t\t\t<gw:ContentItem>\n\t\t\t\t\t\t<gw:TechnicalDescription>PDF Object Instances</gw:TechnicalDescription>\n\t\t\t\t\t\t<gw:InstanceCount>92</gw:InstanceCount>\n\t\t\t\t\t\t<gw:TotalSizeInBytes>461456</gw:TotalSizeInBytes>\n\t\t\t\t\t\t<gw:AverageSizeInBytes>5015</gw:AverageSizeInBytes>\n\t\t\t\t\t\t<gw:MinSizeInBytes>25</gw:MinSizeInBytes>\n\t\t\t\t\t\t<gw:MaxSizeInBytes>59491</gw:MaxSizeInBytes>\n\t\t\t\t\t</gw:ContentItem>\n\t\t\t\t\t<gw:ContentItem>\n\t\t\t\t\t\t<gw:TechnicalDescription>PDF StartXref Section Instances</gw:TechnicalDescription>\n\t\t\t\t\t\t<gw:InstanceCount>1</gw:InstanceCount>\n\t\t\t\t\t\t<gw:TotalSizeInBytes>26</gw:TotalSizeInBytes>\n\t\t\t\t\t\t<gw:AverageSizeInBytes>26</gw:AverageSizeInBytes>\n\t\t\t\t\t\t<gw:MinSizeInBytes>26</gw:MinSizeInBytes>\n\t\t\t\t\t\t<gw:MaxSizeInBytes>26</gw:MaxSizeInBytes>\n\t\t\t\t\t</gw:ContentItem>\n\t\t\t\t\t<gw:ContentItem>\n\t\t\t\t\t\t<gw:TechnicalDescription>PDF Trailer Section Instances</gw:TechnicalDescription>\n\t\t\t\t\t\t<gw:InstanceCount>1</gw:InstanceCount>\n\t\t\t\t\t\t<gw:TotalSizeInBytes>107</gw:TotalSizeInBytes>\n\t\t\t\t\t\t<gw:AverageSizeInBytes>107</gw:AverageSizeInBytes>\n\t\t\t\t\t\t<gw:MinSizeInBytes>107</gw:MinSizeInBytes>\n\t\t\t\t\t\t<gw:MaxSizeInBytes>107</gw:MaxSizeInBytes>\n\t\t\t\t\t</gw:ContentItem>\n\t\t\t\t</gw:ContentItems>\n\t\t\t\t<gw:SanitisationItems itemCount=\"0\" />\n\t\t\t\t<gw:RemedyItems itemCount=\"0\" />\n\t\t\t\t<gw:IssueItems itemCount=\"0\" />\n\t\t\t</gw:ContentGroup>\n\t\t\t<gw:ContentGroup>\n\t\t\t\t<gw:BriefDescription>PDF document has Basic Object Structure instances</gw:BriefDescription>\n\t\t\t\t<gw:ContentItems itemCount=\"14\">\n\t\t\t\t\t<gw:ContentItem>\n\t\t\t\t\t\t<gw:TechnicalDescription>ARRAY</gw:TechnicalDescription>\n\t\t\t\t\t\t<gw:InstanceCount>224</gw:InstanceCount>\n\t\t\t\t\t\t<gw:TotalSizeInBytes>224</gw:TotalSizeInBytes>\n\t\t\t\t\t\t<gw:AverageSizeInBytes>1</gw:AverageSizeInBytes>\n\t\t\t\t\t\t<gw:MinSizeInBytes>1</gw:MinSizeInBytes>\n\t\t\t\t\t\t<gw:MaxSizeInBytes>1</gw:MaxSizeInBytes>\n\t\t\t\t\t</gw:ContentItem>\n\t\t\t\t\t<gw:ContentItem>\n\t\t\t\t\t\t<gw:TechnicalDescription>ARRAY_end</gw:TechnicalDescription>\n\t\t\t\t\t\t<gw:InstanceCount>224</gw:InstanceCount>\n\t\t\t\t\t\t<gw:TotalSizeInBytes>224</gw:TotalSizeInBytes>\n\t\t\t\t\t\t<gw:AverageSizeInBytes>1</gw:AverageSizeInBytes>\n\t\t\t\t\t\t<gw:MinSizeInBytes>1</gw:MinSizeInBytes>\n\t\t\t\t\t\t<gw:MaxSizeInBytes>1</gw:MaxSizeInBytes>\n\t\t\t\t\t</gw:ContentItem>\n\t\t\t\t\t<gw:ContentItem>\n\t\t\t\t\t\t<gw:TechnicalDescription>BOOLEAN</gw:TechnicalDescription>\n\t\t\t\t\t\t<gw:InstanceCount>22</gw:InstanceCount>\n\t\t\t\t\t\t<gw:TotalSizeInBytes>104</gw:TotalSizeInBytes>\n\t\t\t\t\t\t<gw:AverageSizeInBytes>4</gw:AverageSizeInBytes>\n\t\t\t\t\t\t<gw:MinSizeInBytes>4</gw:MinSizeInBytes>\n\t\t\t\t\t\t<gw:MaxSizeInBytes>5</gw:MaxSizeInBytes>\n\t\t\t\t\t</gw:ContentItem>\n\t\t\t\t\t<gw:ContentItem>\n\t\t\t\t\t\t<gw:TechnicalDescription>DICTIONARY</gw:TechnicalDescription>\n\t\t\t\t\t\t<gw:InstanceCount>116</gw:InstanceCount>\n\t\t\t\t\t\t<gw:TotalSizeInBytes>232</gw:TotalSizeInBytes>\n\t\t\t\t\t\t<gw:AverageSizeInBytes>2</gw:AverageSizeInBytes>\n\t\t\t\t\t\t<gw:MinSizeInBytes>2</gw:MinSizeInBytes>\n\t\t\t\t\t\t<gw:MaxSizeInBytes>2</gw:MaxSizeInBytes>\n\t\t\t\t\t</gw:ContentItem>\n\t\t\t\t\t<gw:ContentItem>\n\t\t\t\t\t\t<gw:TechnicalDescription>DICTIONARY_end</gw:TechnicalDescription>\n\t\t\t\t\t\t<gw:InstanceCount>116</gw:InstanceCount>\n\t\t\t\t\t\t<gw:TotalSizeInBytes>232</gw:TotalSizeInBytes>\n\t\t\t\t\t\t<gw:AverageSizeInBytes>2</gw:AverageSizeInBytes>\n\t\t\t\t\t\t<gw:MinSizeInBytes>2</gw:MinSizeInBytes>\n\t\t\t\t\t\t<gw:MaxSizeInBytes>2</gw:MaxSizeInBytes>\n\t\t\t\t\t</gw:ContentItem>\n\t\t\t\t\t<gw:ContentItem>\n\t\t\t\t\t\t<gw:TechnicalDescription>NAME</gw:TechnicalDescription>\n\t\t\t\t\t\t<gw:InstanceCount>979</gw:InstanceCount>\n\t\t\t\t\t\t<gw:TotalSizeInBytes>7848</gw:TotalSizeInBytes>\n\t\t\t\t\t\t<gw:AverageSizeInBytes>8</gw:AverageSizeInBytes>\n\t\t\t\t\t\t<gw:MinSizeInBytes>2</gw:MinSizeInBytes>\n\t\t\t\t\t\t<gw:MaxSizeInBytes>27</gw:MaxSizeInBytes>\n\t\t\t\t\t</gw:ContentItem>\n\t\t\t\t\t<gw:ContentItem>\n\t\t\t\t\t\t<gw:TechnicalDescription>NUMERIC_INTEGER</gw:TechnicalDescription>\n\t\t\t\t\t\t<gw:InstanceCount>2948</gw:InstanceCount>\n\t\t\t\t\t\t<gw:TotalSizeInBytes>4307</gw:TotalSizeInBytes>\n\t\t\t\t\t\t<gw:AverageSizeInBytes>1</gw:AverageSizeInBytes>\n\t\t\t\t\t\t<gw:MinSizeInBytes>1</gw:MinSizeInBytes>\n\t\t\t\t\t\t<gw:MaxSizeInBytes>5</gw:MaxSizeInBytes>\n\t\t\t\t\t</gw:ContentItem>\n\t\t\t\t\t<gw:ContentItem>\n\t\t\t\t\t\t<gw:TechnicalDescription>NUMERIC_REAL</gw:TechnicalDescription>\n\t\t\t\t\t\t<gw:InstanceCount>9625</gw:InstanceCount>\n\t\t\t\t\t\t<gw:TotalSizeInBytes>60168</gw:TotalSizeInBytes>\n\t\t\t\t\t\t<gw:AverageSizeInBytes>6</gw:AverageSizeInBytes>\n\t\t\t\t\t\t<gw:MinSizeInBytes>3</gw:MinSizeInBytes>\n\t\t\t\t\t\t<gw:MaxSizeInBytes>12</gw:MaxSizeInBytes>\n\t\t\t\t\t</gw:ContentItem>\n\t\t\t\t\t<gw:ContentItem>\n\t\t\t\t\t\t<gw:TechnicalDescription>REFERENCE</gw:TechnicalDescription>\n\t\t\t\t\t\t<gw:InstanceCount>126</gw:InstanceCount>\n\t\t\t\t\t\t<gw:TotalSizeInBytes>762</gw:TotalSizeInBytes>\n\t\t\t\t\t\t<gw:AverageSizeInBytes>6</gw:AverageSizeInBytes>\n\t\t\t\t\t\t<gw:MinSizeInBytes>5</gw:MinSizeInBytes>\n\t\t\t\t\t\t<gw:MaxSizeInBytes>7</gw:MaxSizeInBytes>\n\t\t\t\t\t</gw:ContentItem>\n\t\t\t\t\t<gw:ContentItem>\n\t\t\t\t\t\t<gw:TechnicalDescription>STREAM</gw:TechnicalDescription>\n\t\t\t\t\t\t<gw:InstanceCount>51</gw:InstanceCount>\n\t\t\t\t\t\t<gw:TotalSizeInBytes>446404</gw:TotalSizeInBytes>\n\t\t\t\t\t\t<gw:AverageSizeInBytes>8753</gw:AverageSizeInBytes>\n\t\t\t\t\t\t<gw:MinSizeInBytes>44</gw:MinSizeInBytes>\n\t\t\t\t\t\t<gw:MaxSizeInBytes>59296</gw:MaxSizeInBytes>\n\t\t\t\t\t</gw:ContentItem>\n\t\t\t\t\t<gw:ContentItem>\n\t\t\t\t\t\t<gw:TechnicalDescription>STREAM_GRAPHICS_CMD</gw:TechnicalDescription>\n\t\t\t\t\t\t<gw:InstanceCount>3983</gw:InstanceCount>\n\t\t\t\t\t\t<gw:TotalSizeInBytes>4832</gw:TotalSizeInBytes>\n\t\t\t\t\t\t<gw:AverageSizeInBytes>1</gw:AverageSizeInBytes>\n\t\t\t\t\t\t<gw:MinSizeInBytes>1</gw:MinSizeInBytes>\n\t\t\t\t\t\t<gw:MaxSizeInBytes>3</gw:MaxSizeInBytes>\n\t\t\t\t\t</gw:ContentItem>\n\t\t\t\t\t<gw:ContentItem>\n\t\t\t\t\t\t<gw:TechnicalDescription>STREAM_end</gw:TechnicalDescription>\n\t\t\t\t\t\t<gw:InstanceCount>51</gw:InstanceCount>\n\t\t\t\t\t\t<gw:TotalSizeInBytes>459</gw:TotalSizeInBytes>\n\t\t\t\t\t\t<gw:AverageSizeInBytes>9</gw:AverageSizeInBytes>\n\t\t\t\t\t\t<gw:MinSizeInBytes>9</gw:MinSizeInBytes>\n\t\t\t\t\t\t<gw:MaxSizeInBytes>9</gw:MaxSizeInBytes>\n\t\t\t\t\t</gw:ContentItem>\n\t\t\t\t\t<gw:ContentItem>\n\t\t\t\t\t\t<gw:TechnicalDescription>STRING_HEX</gw:TechnicalDescription>\n\t\t\t\t\t\t<gw:InstanceCount>414</gw:InstanceCount>\n\t\t\t\t\t\t<gw:TotalSizeInBytes>6216</gw:TotalSizeInBytes>\n\t\t\t\t\t\t<gw:AverageSizeInBytes>15</gw:AverageSizeInBytes>\n\t\t\t\t\t\t<gw:MinSizeInBytes>6</gw:MinSizeInBytes>\n\t\t\t\t\t\t<gw:MaxSizeInBytes>114</gw:MaxSizeInBytes>\n\t\t\t\t\t</gw:ContentItem>\n\t\t\t\t\t<gw:ContentItem>\n\t\t\t\t\t\t<gw:TechnicalDescription>STRING_LITERAL</gw:TechnicalDescription>\n\t\t\t\t\t\t<gw:InstanceCount>115</gw:InstanceCount>\n\t\t\t\t\t\t<gw:TotalSizeInBytes>920</gw:TotalSizeInBytes>\n\t\t\t\t\t\t<gw:AverageSizeInBytes>8</gw:AverageSizeInBytes>\n\t\t\t\t\t\t<gw:MinSizeInBytes>2</gw:MinSizeInBytes>\n\t\t\t\t\t\t<gw:MaxSizeInBytes>68</gw:MaxSizeInBytes>\n\t\t\t\t\t</gw:ContentItem>\n\t\t\t\t</gw:ContentItems>\n\t\t\t\t<gw:SanitisationItems itemCount=\"0\" />\n\t\t\t\t<gw:RemedyItems itemCount=\"0\" />\n\t\t\t\t<gw:IssueItems itemCount=\"0\" />\n\t\t\t</gw:ContentGroup>\n\t\t\t<gw:ContentGroup>\n\t\t\t\t<gw:BriefDescription>PDF document has Content Stream Structure instances</gw:BriefDescription>\n\t\t\t\t<gw:ContentItems itemCount=\"1\">\n\t\t\t\t\t<gw:ContentItem>\n\t\t\t\t\t\t<gw:TechnicalDescription>Content Stream Structure</gw:TechnicalDescription>\n\t\t\t\t\t\t<gw:InstanceCount>26</gw:InstanceCount>\n\t\t\t\t\t\t<gw:TotalSizeInBytes>60498</gw:TotalSizeInBytes>\n\t\t\t\t\t\t<gw:AverageSizeInBytes>2326</gw:AverageSizeInBytes>\n\t\t\t\t\t\t<gw:MinSizeInBytes>56</gw:MinSizeInBytes>\n\t\t\t\t\t\t<gw:MaxSizeInBytes>18335</gw:MaxSizeInBytes>\n\t\t\t\t\t</gw:ContentItem>\n\t\t\t\t</gw:ContentItems>\n\t\t\t\t<gw:SanitisationItems itemCount=\"0\" />\n\t\t\t\t<gw:RemedyItems itemCount=\"0\" />\n\t\t\t\t<gw:IssueItems itemCount=\"0\" />\n\t\t\t</gw:ContentGroup>\n\t\t\t<gw:ContentGroup>\n\t\t\t\t<gw:BriefDescription>PDF document has Indirect Object Structure instances</gw:BriefDescription>\n\t\t\t\t<gw:ContentItems itemCount=\"1\">\n\t\t\t\t\t<gw:ContentItem>\n\t\t\t\t\t\t<gw:TechnicalDescription>Indirect Object</gw:TechnicalDescription>\n\t\t\t\t\t\t<gw:InstanceCount>460</gw:InstanceCount>\n\t\t\t\t\t\t<gw:TotalSizeInBytes>0</gw:TotalSizeInBytes>\n\t\t\t\t\t\t<gw:AverageSizeInBytes>0</gw:AverageSizeInBytes>\n\t\t\t\t\t\t<gw:MinSizeInBytes>0</gw:MinSizeInBytes>\n\t\t\t\t\t\t<gw:MaxSizeInBytes>0</gw:MaxSizeInBytes>\n\t\t\t\t\t</gw:ContentItem>\n\t\t\t\t</gw:ContentItems>\n\t\t\t\t<gw:SanitisationItems itemCount=\"0\" />\n\t\t\t\t<gw:RemedyItems itemCount=\"0\" />\n\t\t\t\t<gw:IssueItems itemCount=\"0\" />\n\t\t\t</gw:ContentGroup>\n\t\t\t<gw:ContentGroup>\n\t\t\t\t<gw:BriefDescription>PDF document has embedded image DCT Filter Stream instances</gw:BriefDescription>\n\t\t\t\t<gw:ContentItems itemCount=\"1\">\n\t\t\t\t\t<gw:ContentItem>\n\t\t\t\t\t\t<gw:TechnicalDescription>DCT Filter Stream Instance</gw:TechnicalDescription>\n\t\t\t\t\t\t<gw:InstanceCount>34</gw:InstanceCount>\n\t\t\t\t\t\t<gw:TotalSizeInBytes>627844</gw:TotalSizeInBytes>\n\t\t\t\t\t\t<gw:AverageSizeInBytes>18466</gw:AverageSizeInBytes>\n\t\t\t\t\t\t<gw:MinSizeInBytes>2235</gw:MinSizeInBytes>\n\t\t\t\t\t\t<gw:MaxSizeInBytes>59286</gw:MaxSizeInBytes>\n\t\t\t\t\t</gw:ContentItem>\n\t\t\t\t</gw:ContentItems>\n\t\t\t\t<gw:SanitisationItems itemCount=\"0\" />\n\t\t\t\t<gw:RemedyItems itemCount=\"0\" />\n\t\t\t\t<gw:IssueItems itemCount=\"0\" />\n\t\t\t</gw:ContentGroup>\n\t\t\t<gw:ContentGroup>\n\t\t\t\t<gw:BriefDescription>PDF document has embedded ASCII85 Filter Stream instances</gw:BriefDescription>\n\t\t\t\t<gw:ContentItems itemCount=\"1\">\n\t\t\t\t\t<gw:ContentItem>\n\t\t\t\t\t\t<gw:TechnicalDescription>ASCII85 Filter Stream instance</gw:TechnicalDescription>\n\t\t\t\t\t\t<gw:InstanceCount>4</gw:InstanceCount>\n\t\t\t\t\t\t<gw:TotalSizeInBytes>3492</gw:TotalSizeInBytes>\n\t\t\t\t\t\t<gw:AverageSizeInBytes>873</gw:AverageSizeInBytes>\n\t\t\t\t\t\t<gw:MinSizeInBytes>428</gw:MinSizeInBytes>\n\t\t\t\t\t\t<gw:MaxSizeInBytes>1521</gw:MaxSizeInBytes>\n\t\t\t\t\t</gw:ContentItem>\n\t\t\t\t</gw:ContentItems>\n\t\t\t\t<gw:SanitisationItems itemCount=\"0\" />\n\t\t\t\t<gw:RemedyItems itemCount=\"0\" />\n\t\t\t\t<gw:IssueItems itemCount=\"0\" />\n\t\t\t</gw:ContentGroup>\n\t\t\t<gw:ContentGroup>\n\t\t\t\t<gw:BriefDescription>PDF document has embedded Huffman Filter Stream instances</gw:BriefDescription>\n\t\t\t\t<gw:ContentItems itemCount=\"1\">\n\t\t\t\t\t<gw:ContentItem>\n\t\t\t\t\t\t<gw:TechnicalDescription>Embedded Huffman Filter Stream</gw:TechnicalDescription>\n\t\t\t\t\t\t<gw:InstanceCount>59</gw:InstanceCount>\n\t\t\t\t\t\t<gw:TotalSizeInBytes>194598</gw:TotalSizeInBytes>\n\t\t\t\t\t\t<gw:AverageSizeInBytes>3298</gw:AverageSizeInBytes>\n\t\t\t\t\t\t<gw:MinSizeInBytes>34</gw:MinSizeInBytes>\n\t\t\t\t\t\t<gw:MaxSizeInBytes>18817</gw:MaxSizeInBytes>\n\t\t\t\t\t</gw:ContentItem>\n\t\t\t\t</gw:ContentItems>\n\t\t\t\t<gw:SanitisationItems itemCount=\"0\" />\n\t\t\t\t<gw:RemedyItems itemCount=\"0\" />\n\t\t\t\t<gw:IssueItems itemCount=\"0\" />\n\t\t\t</gw:ContentGroup>\n\t\t\t<gw:ContentGroup>\n\t\t\t\t<gw:BriefDescription>PDF document has Standard Font Data Instances</gw:BriefDescription>\n\t\t\t\t<gw:ContentItems itemCount=\"8\">\n\t\t\t\t\t<gw:ContentItem>\n\t\t\t\t\t\t<gw:TechnicalDescription>/Helvetica</gw:TechnicalDescription>\n\t\t\t\t\t\t<gw:InstanceCount>1</gw:InstanceCount>\n\t\t\t\t\t\t<gw:TotalSizeInBytes>383</gw:TotalSizeInBytes>\n\t\t\t\t\t\t<gw:AverageSizeInBytes>383</gw:AverageSizeInBytes>\n\t\t\t\t\t\t<gw:MinSizeInBytes>383</gw:MinSizeInBytes>\n\t\t\t\t\t\t<gw:MaxSizeInBytes>383</gw:MaxSizeInBytes>\n\t\t\t\t\t</gw:ContentItem>\n\t\t\t\t\t<gw:ContentItem>\n\t\t\t\t\t\t<gw:TechnicalDescription>CID Font Array Instances</gw:TechnicalDescription>\n\t\t\t\t\t\t<gw:InstanceCount>3</gw:InstanceCount>\n\t\t\t\t\t\t<gw:TotalSizeInBytes>1284</gw:TotalSizeInBytes>\n\t\t\t\t\t\t<gw:AverageSizeInBytes>428</gw:AverageSizeInBytes>\n\t\t\t\t\t\t<gw:MinSizeInBytes>268</gw:MinSizeInBytes>\n\t\t\t\t\t\t<gw:MaxSizeInBytes>552</gw:MaxSizeInBytes>\n\t\t\t\t\t</gw:ContentItem>\n\t\t\t\t\t<gw:ContentItem>\n\t\t\t\t\t\t<gw:TechnicalDescription>CID Font Instances</gw:TechnicalDescription>\n\t\t\t\t\t\t<gw:InstanceCount>3</gw:InstanceCount>\n\t\t\t\t\t\t<gw:TotalSizeInBytes>1284</gw:TotalSizeInBytes>\n\t\t\t\t\t\t<gw:AverageSizeInBytes>428</gw:AverageSizeInBytes>\n\t\t\t\t\t\t<gw:MinSizeInBytes>268</gw:MinSizeInBytes>\n\t\t\t\t\t\t<gw:MaxSizeInBytes>552</gw:MaxSizeInBytes>\n\t\t\t\t\t</gw:ContentItem>\n\t\t\t\t\t<gw:ContentItem>\n\t\t\t\t\t\t<gw:TechnicalDescription>Direct Font Instances</gw:TechnicalDescription>\n\t\t\t\t\t\t<gw:InstanceCount>12</gw:InstanceCount>\n\t\t\t\t\t\t<gw:TotalSizeInBytes>4040</gw:TotalSizeInBytes>\n\t\t\t\t\t\t<gw:AverageSizeInBytes>336</gw:AverageSizeInBytes>\n\t\t\t\t\t\t<gw:MinSizeInBytes>125</gw:MinSizeInBytes>\n\t\t\t\t\t\t<gw:MaxSizeInBytes>552</gw:MaxSizeInBytes>\n\t\t\t\t\t</gw:ContentItem>\n\t\t\t\t\t<gw:ContentItem>\n\t\t\t\t\t\t<gw:TechnicalDescription>Font Array Instances</gw:TechnicalDescription>\n\t\t\t\t\t\t<gw:InstanceCount>3</gw:InstanceCount>\n\t\t\t\t\t\t<gw:TotalSizeInBytes>382</gw:TotalSizeInBytes>\n\t\t\t\t\t\t<gw:AverageSizeInBytes>127</gw:AverageSizeInBytes>\n\t\t\t\t\t\t<gw:MinSizeInBytes>125</gw:MinSizeInBytes>\n\t\t\t\t\t\t<gw:MaxSizeInBytes>129</gw:MaxSizeInBytes>\n\t\t\t\t\t</gw:ContentItem>\n\t\t\t\t\t<gw:ContentItem>\n\t\t\t\t\t\t<gw:TechnicalDescription>Type 0 Font Instances</gw:TechnicalDescription>\n\t\t\t\t\t\t<gw:InstanceCount>3</gw:InstanceCount>\n\t\t\t\t\t\t<gw:TotalSizeInBytes>382</gw:TotalSizeInBytes>\n\t\t\t\t\t\t<gw:AverageSizeInBytes>127</gw:AverageSizeInBytes>\n\t\t\t\t\t\t<gw:MinSizeInBytes>125</gw:MinSizeInBytes>\n\t\t\t\t\t\t<gw:MaxSizeInBytes>129</gw:MaxSizeInBytes>\n\t\t\t\t\t</gw:ContentItem>\n\t\t\t\t\t<gw:ContentItem>\n\t\t\t\t\t\t<gw:TechnicalDescription>Type 1 Font Instances</gw:TechnicalDescription>\n\t\t\t\t\t\t<gw:InstanceCount>6</gw:InstanceCount>\n\t\t\t\t\t\t<gw:TotalSizeInBytes>2374</gw:TotalSizeInBytes>\n\t\t\t\t\t\t<gw:AverageSizeInBytes>395</gw:AverageSizeInBytes>\n\t\t\t\t\t\t<gw:MinSizeInBytes>172</gw:MinSizeInBytes>\n\t\t\t\t\t\t<gw:MaxSizeInBytes>510</gw:MaxSizeInBytes>\n\t\t\t\t\t</gw:ContentItem>\n\t\t\t\t\t<gw:ContentItem>\n\t\t\t\t\t\t<gw:TechnicalDescription>Unspecified Font Face Instances</gw:TechnicalDescription>\n\t\t\t\t\t\t<gw:InstanceCount>5</gw:InstanceCount>\n\t\t\t\t\t\t<gw:TotalSizeInBytes>1991</gw:TotalSizeInBytes>\n\t\t\t\t\t\t<gw:AverageSizeInBytes>398</gw:AverageSizeInBytes>\n\t\t\t\t\t\t<gw:MinSizeInBytes>172</gw:MinSizeInBytes>\n\t\t\t\t\t\t<gw:MaxSizeInBytes>510</gw:MaxSizeInBytes>\n\t\t\t\t\t</gw:ContentItem>\n\t\t\t\t</gw:ContentItems>\n\t\t\t\t<gw:SanitisationItems itemCount=\"0\" />\n\t\t\t\t<gw:RemedyItems itemCount=\"0\" />\n\t\t\t\t<gw:IssueItems itemCount=\"0\" />\n\t\t\t</gw:ContentGroup>\n\t\t\t<gw:ContentGroup>\n\t\t\t\t<gw:BriefDescription>PDF document has Resource Data Instances</gw:BriefDescription>\n\t\t\t\t<gw:ContentItems itemCount=\"3\">\n\t\t\t\t\t<gw:ContentItem>\n\t\t\t\t\t\t<gw:TechnicalDescription>Inheritable Resource Instances</gw:TechnicalDescription>\n\t\t\t\t\t\t<gw:InstanceCount>7</gw:InstanceCount>\n\t\t\t\t\t\t<gw:TotalSizeInBytes>2709</gw:TotalSizeInBytes>\n\t\t\t\t\t\t<gw:AverageSizeInBytes>387</gw:AverageSizeInBytes>\n\t\t\t\t\t\t<gw:MinSizeInBytes>53</gw:MinSizeInBytes>\n\t\t\t\t\t\t<gw:MaxSizeInBytes>638</gw:MaxSizeInBytes>\n\t\t\t\t\t</gw:ContentItem>\n\t\t\t\t\t<gw:ContentItem>\n\t\t\t\t\t\t<gw:TechnicalDescription>Inherited Resource Array Element Instances</gw:TechnicalDescription>\n\t\t\t\t\t\t<gw:InstanceCount>61</gw:InstanceCount>\n\t\t\t\t\t\t<gw:TotalSizeInBytes>33647</gw:TotalSizeInBytes>\n\t\t\t\t\t\t<gw:AverageSizeInBytes>551</gw:AverageSizeInBytes>\n\t\t\t\t\t\t<gw:MinSizeInBytes>339</gw:MinSizeInBytes>\n\t\t\t\t\t\t<gw:MaxSizeInBytes>638</gw:MaxSizeInBytes>\n\t\t\t\t\t</gw:ContentItem>\n\t\t\t\t\t<gw:ContentItem>\n\t\t\t\t\t\t<gw:TechnicalDescription>Resource Dictionary Instances</gw:TechnicalDescription>\n\t\t\t\t\t\t<gw:InstanceCount>6</gw:InstanceCount>\n\t\t\t\t\t\t<gw:TotalSizeInBytes>2656</gw:TotalSizeInBytes>\n\t\t\t\t\t\t<gw:AverageSizeInBytes>442</gw:AverageSizeInBytes>\n\t\t\t\t\t\t<gw:MinSizeInBytes>339</gw:MinSizeInBytes>\n\t\t\t\t\t\t<gw:MaxSizeInBytes>638</gw:MaxSizeInBytes>\n\t\t\t\t\t</gw:ContentItem>\n\t\t\t\t</gw:ContentItems>\n\t\t\t\t<gw:SanitisationItems itemCount=\"0\" />\n\t\t\t\t<gw:RemedyItems itemCount=\"0\" />\n\t\t\t\t<gw:IssueItems itemCount=\"0\" />\n\t\t\t</gw:ContentGroup>\n\t\t\t<gw:ContentGroup>\n\t\t\t\t<gw:BriefDescription>PDF document has Graphic Content Stream Instances</gw:BriefDescription>\n\t\t\t\t<gw:ContentItems itemCount=\"4\">\n\t\t\t\t\t<gw:ContentItem>\n\t\t\t\t\t\t<gw:TechnicalDescription>Content Page or Form XObject Instances</gw:TechnicalDescription>\n\t\t\t\t\t\t<gw:InstanceCount>2</gw:InstanceCount>\n\t\t\t\t\t\t<gw:TotalSizeInBytes>1187</gw:TotalSizeInBytes>\n\t\t\t\t\t\t<gw:AverageSizeInBytes>593</gw:AverageSizeInBytes>\n\t\t\t\t\t\t<gw:MinSizeInBytes>549</gw:MinSizeInBytes>\n\t\t\t\t\t\t<gw:MaxSizeInBytes>638</gw:MaxSizeInBytes>\n\t\t\t\t\t</gw:ContentItem>\n\t\t\t\t\t<gw:ContentItem>\n\t\t\t\t\t\t<gw:TechnicalDescription>Content Stream Array Instances</gw:TechnicalDescription>\n\t\t\t\t\t\t<gw:InstanceCount>1</gw:InstanceCount>\n\t\t\t\t\t\t<gw:TotalSizeInBytes>638</gw:TotalSizeInBytes>\n\t\t\t\t\t\t<gw:AverageSizeInBytes>638</gw:AverageSizeInBytes>\n\t\t\t\t\t\t<gw:MinSizeInBytes>638</gw:MinSizeInBytes>\n\t\t\t\t\t\t<gw:MaxSizeInBytes>638</gw:MaxSizeInBytes>\n\t\t\t\t\t</gw:ContentItem>\n\t\t\t\t\t<gw:ContentItem>\n\t\t\t\t\t\t<gw:TechnicalDescription>Content Stream Instances</gw:TechnicalDescription>\n\t\t\t\t\t\t<gw:InstanceCount>13</gw:InstanceCount>\n\t\t\t\t\t\t<gw:TotalSizeInBytes>31936</gw:TotalSizeInBytes>\n\t\t\t\t\t\t<gw:AverageSizeInBytes>2456</gw:AverageSizeInBytes>\n\t\t\t\t\t\t<gw:MinSizeInBytes>339</gw:MinSizeInBytes>\n\t\t\t\t\t\t<gw:MaxSizeInBytes>18403</gw:MaxSizeInBytes>\n\t\t\t\t\t</gw:ContentItem>\n\t\t\t\t\t<gw:ContentItem>\n\t\t\t\t\t\t<gw:TechnicalDescription>Content Stream Operator Instances</gw:TechnicalDescription>\n\t\t\t\t\t\t<gw:InstanceCount>3983</gw:InstanceCount>\n\t\t\t\t\t\t<gw:TotalSizeInBytes>4832</gw:TotalSizeInBytes>\n\t\t\t\t\t\t<gw:AverageSizeInBytes>1</gw:AverageSizeInBytes>\n\t\t\t\t\t\t<gw:MinSizeInBytes>1</gw:MinSizeInBytes>\n\t\t\t\t\t\t<gw:MaxSizeInBytes>3</gw:MaxSizeInBytes>\n\t\t\t\t\t</gw:ContentItem>\n\t\t\t\t</gw:ContentItems>\n\t\t\t\t<gw:SanitisationItems itemCount=\"0\" />\n\t\t\t\t<gw:RemedyItems itemCount=\"0\" />\n\t\t\t\t<gw:IssueItems itemCount=\"0\" />\n\t\t\t</gw:ContentGroup>\n\t\t\t<gw:ContentGroup>\n\t\t\t\t<gw:BriefDescription>PDF document has Page Tree Data Instances</gw:BriefDescription>\n\t\t\t\t<gw:ContentItems itemCount=\"7\">\n\t\t\t\t\t<gw:ContentItem>\n\t\t\t\t\t\t<gw:TechnicalDescription>Page Object Parent Instances</gw:TechnicalDescription>\n\t\t\t\t\t\t<gw:InstanceCount>2</gw:InstanceCount>\n\t\t\t\t\t\t<gw:TotalSizeInBytes>12</gw:TotalSizeInBytes>\n\t\t\t\t\t\t<gw:AverageSizeInBytes>6</gw:AverageSizeInBytes>\n\t\t\t\t\t\t<gw:MinSizeInBytes>6</gw:MinSizeInBytes>\n\t\t\t\t\t\t<gw:MaxSizeInBytes>6</gw:MaxSizeInBytes>\n\t\t\t\t\t</gw:ContentItem>\n\t\t\t\t\t<gw:ContentItem>\n\t\t\t\t\t\t<gw:TechnicalDescription>Page Tree Artbox Instances</gw:TechnicalDescription>\n\t\t\t\t\t\t<gw:InstanceCount>2</gw:InstanceCount>\n\t\t\t\t\t\t<gw:TotalSizeInBytes>1187</gw:TotalSizeInBytes>\n\t\t\t\t\t\t<gw:AverageSizeInBytes>593</gw:AverageSizeInBytes>\n\t\t\t\t\t\t<gw:MinSizeInBytes>549</gw:MinSizeInBytes>\n\t\t\t\t\t\t<gw:MaxSizeInBytes>638</gw:MaxSizeInBytes>\n\t\t\t\t\t</gw:ContentItem>\n\t\t\t\t\t<gw:ContentItem>\n\t\t\t\t\t\t<gw:TechnicalDescription>Page Tree Bleedbox Instances</gw:TechnicalDescription>\n\t\t\t\t\t\t<gw:InstanceCount>2</gw:InstanceCount>\n\t\t\t\t\t\t<gw:TotalSizeInBytes>1187</gw:TotalSizeInBytes>\n\t\t\t\t\t\t<gw:AverageSizeInBytes>593</gw:AverageSizeInBytes>\n\t\t\t\t\t\t<gw:MinSizeInBytes>549</gw:MinSizeInBytes>\n\t\t\t\t\t\t<gw:MaxSizeInBytes>638</gw:MaxSizeInBytes>\n\t\t\t\t\t</gw:ContentItem>\n\t\t\t\t\t<gw:ContentItem>\n\t\t\t\t\t\t<gw:TechnicalDescription>Page Tree Instances</gw:TechnicalDescription>\n\t\t\t\t\t\t<gw:InstanceCount>3</gw:InstanceCount>\n\t\t\t\t\t\t<gw:TotalSizeInBytes>6</gw:TotalSizeInBytes>\n\t\t\t\t\t\t<gw:AverageSizeInBytes>2</gw:AverageSizeInBytes>\n\t\t\t\t\t\t<gw:MinSizeInBytes>2</gw:MinSizeInBytes>\n\t\t\t\t\t\t<gw:MaxSizeInBytes>2</gw:MaxSizeInBytes>\n\t\t\t\t\t</gw:ContentItem>\n\t\t\t\t\t<gw:ContentItem>\n\t\t\t\t\t\t<gw:TechnicalDescription>Page Tree Kids Array Instances</gw:TechnicalDescription>\n\t\t\t\t\t\t<gw:InstanceCount>1</gw:InstanceCount>\n\t\t\t\t\t\t<gw:TotalSizeInBytes>53</gw:TotalSizeInBytes>\n\t\t\t\t\t\t<gw:AverageSizeInBytes>53</gw:AverageSizeInBytes>\n\t\t\t\t\t\t<gw:MinSizeInBytes>53</gw:MinSizeInBytes>\n\t\t\t\t\t\t<gw:MaxSizeInBytes>53</gw:MaxSizeInBytes>\n\t\t\t\t\t</gw:ContentItem>\n\t\t\t\t\t<gw:ContentItem>\n\t\t\t\t\t\t<gw:TechnicalDescription>Page Tree Node Instances</gw:TechnicalDescription>\n\t\t\t\t\t\t<gw:InstanceCount>1</gw:InstanceCount>\n\t\t\t\t\t\t<gw:TotalSizeInBytes>53</gw:TotalSizeInBytes>\n\t\t\t\t\t\t<gw:AverageSizeInBytes>53</gw:AverageSizeInBytes>\n\t\t\t\t\t\t<gw:MinSizeInBytes>53</gw:MinSizeInBytes>\n\t\t\t\t\t\t<gw:MaxSizeInBytes>53</gw:MaxSizeInBytes>\n\t\t\t\t\t</gw:ContentItem>\n\t\t\t\t\t<gw:ContentItem>\n\t\t\t\t\t\t<gw:TechnicalDescription>Page Tree Trimbox Instances</gw:TechnicalDescription>\n\t\t\t\t\t\t<gw:InstanceCount>2</gw:InstanceCount>\n\t\t\t\t\t\t<gw:TotalSizeInBytes>1187</gw:TotalSizeInBytes>\n\t\t\t\t\t\t<gw:AverageSizeInBytes>593</gw:AverageSizeInBytes>\n\t\t\t\t\t\t<gw:MinSizeInBytes>549</gw:MinSizeInBytes>\n\t\t\t\t\t\t<gw:MaxSizeInBytes>638</gw:MaxSizeInBytes>\n\t\t\t\t\t</gw:ContentItem>\n\t\t\t\t</gw:ContentItems>\n\t\t\t\t<gw:SanitisationItems itemCount=\"0\" />\n\t\t\t\t<gw:RemedyItems itemCount=\"0\" />\n\t\t\t\t<gw:IssueItems itemCount=\"0\" />\n\t\t\t</gw:ContentGroup>\n\t\t\t<gw:ContentGroup>\n\t\t\t\t<gw:BriefDescription>PDF document has Colour Space Data Instances</gw:BriefDescription>\n\t\t\t\t<gw:ContentItems itemCount=\"4\">\n\t\t\t\t\t<gw:ContentItem>\n\t\t\t\t\t\t<gw:TechnicalDescription>Colour Space Instances</gw:TechnicalDescription>\n\t\t\t\t\t\t<gw:InstanceCount>27</gw:InstanceCount>\n\t\t\t\t\t\t<gw:TotalSizeInBytes>321033</gw:TotalSizeInBytes>\n\t\t\t\t\t\t<gw:AverageSizeInBytes>11890</gw:AverageSizeInBytes>\n\t\t\t\t\t\t<gw:MinSizeInBytes>40</gw:MinSizeInBytes>\n\t\t\t\t\t\t<gw:MaxSizeInBytes>59483</gw:MaxSizeInBytes>\n\t\t\t\t\t</gw:ContentItem>\n\t\t\t\t\t<gw:ContentItem>\n\t\t\t\t\t\t<gw:TechnicalDescription>Direct Colour Space Instances</gw:TechnicalDescription>\n\t\t\t\t\t\t<gw:InstanceCount>27</gw:InstanceCount>\n\t\t\t\t\t\t<gw:TotalSizeInBytes>66197</gw:TotalSizeInBytes>\n\t\t\t\t\t\t<gw:AverageSizeInBytes>2451</gw:AverageSizeInBytes>\n\t\t\t\t\t\t<gw:MinSizeInBytes>29</gw:MinSizeInBytes>\n\t\t\t\t\t\t<gw:MaxSizeInBytes>11532</gw:MaxSizeInBytes>\n\t\t\t\t\t</gw:ContentItem>\n\t\t\t\t\t<gw:ContentItem>\n\t\t\t\t\t\t<gw:TechnicalDescription>ICC Based Colour Space Instances</gw:TechnicalDescription>\n\t\t\t\t\t\t<gw:InstanceCount>17</gw:InstanceCount>\n\t\t\t\t\t\t<gw:TotalSizeInBytes>493</gw:TotalSizeInBytes>\n\t\t\t\t\t\t<gw:AverageSizeInBytes>29</gw:AverageSizeInBytes>\n\t\t\t\t\t\t<gw:MinSizeInBytes>29</gw:MinSizeInBytes>\n\t\t\t\t\t\t<gw:MaxSizeInBytes>29</gw:MaxSizeInBytes>\n\t\t\t\t\t</gw:ContentItem>\n\t\t\t\t\t<gw:ContentItem>\n\t\t\t\t\t\t<gw:TechnicalDescription>Indexed Colour Space Instances</gw:TechnicalDescription>\n\t\t\t\t\t\t<gw:InstanceCount>2</gw:InstanceCount>\n\t\t\t\t\t\t<gw:TotalSizeInBytes>84</gw:TotalSizeInBytes>\n\t\t\t\t\t\t<gw:AverageSizeInBytes>42</gw:AverageSizeInBytes>\n\t\t\t\t\t\t<gw:MinSizeInBytes>42</gw:MinSizeInBytes>\n\t\t\t\t\t\t<gw:MaxSizeInBytes>42</gw:MaxSizeInBytes>\n\t\t\t\t\t</gw:ContentItem>\n\t\t\t\t</gw:ContentItems>\n\t\t\t\t<gw:SanitisationItems itemCount=\"0\" />\n\t\t\t\t<gw:RemedyItems itemCount=\"0\" />\n\t\t\t\t<gw:IssueItems itemCount=\"0\" />\n\t\t\t</gw:ContentGroup>\n\t\t\t<gw:ContentGroup>\n\t\t\t\t<gw:BriefDescription>PDF document has Graphic State Data Instances</gw:BriefDescription>\n\t\t\t\t<gw:ContentItems itemCount=\"3\">\n\t\t\t\t\t<gw:ContentItem>\n\t\t\t\t\t\t<gw:TechnicalDescription>Blend Mode Element Instances</gw:TechnicalDescription>\n\t\t\t\t\t\t<gw:InstanceCount>4</gw:InstanceCount>\n\t\t\t\t\t\t<gw:TotalSizeInBytes>438</gw:TotalSizeInBytes>\n\t\t\t\t\t\t<gw:AverageSizeInBytes>109</gw:AverageSizeInBytes>\n\t\t\t\t\t\t<gw:MinSizeInBytes>105</gw:MinSizeInBytes>\n\t\t\t\t\t\t<gw:MaxSizeInBytes>117</gw:MaxSizeInBytes>\n\t\t\t\t\t</gw:ContentItem>\n\t\t\t\t\t<gw:ContentItem>\n\t\t\t\t\t\t<gw:TechnicalDescription>Blend Mode Instances</gw:TechnicalDescription>\n\t\t\t\t\t\t<gw:InstanceCount>4</gw:InstanceCount>\n\t\t\t\t\t\t<gw:TotalSizeInBytes>438</gw:TotalSizeInBytes>\n\t\t\t\t\t\t<gw:AverageSizeInBytes>109</gw:AverageSizeInBytes>\n\t\t\t\t\t\t<gw:MinSizeInBytes>105</gw:MinSizeInBytes>\n\t\t\t\t\t\t<gw:MaxSizeInBytes>117</gw:MaxSizeInBytes>\n\t\t\t\t\t</gw:ContentItem>\n\t\t\t\t\t<gw:ContentItem>\n\t\t\t\t\t\t<gw:TechnicalDescription>Graphic State Parameter Dictionary Instances</gw:TechnicalDescription>\n\t\t\t\t\t\t<gw:InstanceCount>4</gw:InstanceCount>\n\t\t\t\t\t\t<gw:TotalSizeInBytes>438</gw:TotalSizeInBytes>\n\t\t\t\t\t\t<gw:AverageSizeInBytes>109</gw:AverageSizeInBytes>\n\t\t\t\t\t\t<gw:MinSizeInBytes>105</gw:MinSizeInBytes>\n\t\t\t\t\t\t<gw:MaxSizeInBytes>117</gw:MaxSizeInBytes>\n\t\t\t\t\t</gw:ContentItem>\n\t\t\t\t</gw:ContentItems>\n\t\t\t\t<gw:SanitisationItems itemCount=\"0\" />\n\t\t\t\t<gw:RemedyItems itemCount=\"0\" />\n\t\t\t\t<gw:IssueItems itemCount=\"0\" />\n\t\t\t</gw:ContentGroup>\n\t\t\t<gw:ContentGroup>\n\t\t\t\t<gw:BriefDescription>PDF document has Outline Data Instances</gw:BriefDescription>\n\t\t\t\t<gw:ContentItems itemCount=\"1\">\n\t\t\t\t\t<gw:ContentItem>\n\t\t\t\t\t\t<gw:TechnicalDescription>PDF Document Outline Tree Instances</gw:TechnicalDescription>\n\t\t\t\t\t\t<gw:InstanceCount>1</gw:InstanceCount>\n\t\t\t\t\t\t<gw:TotalSizeInBytes>37</gw:TotalSizeInBytes>\n\t\t\t\t\t\t<gw:AverageSizeInBytes>37</gw:AverageSizeInBytes>\n\t\t\t\t\t\t<gw:MinSizeInBytes>37</gw:MinSizeInBytes>\n\t\t\t\t\t\t<gw:MaxSizeInBytes>37</gw:MaxSizeInBytes>\n\t\t\t\t\t</gw:ContentItem>\n\t\t\t\t</gw:ContentItems>\n\t\t\t\t<gw:SanitisationItems itemCount=\"0\" />\n\t\t\t\t<gw:RemedyItems itemCount=\"0\" />\n\t\t\t\t<gw:IssueItems itemCount=\"0\" />\n\t\t\t</gw:ContentGroup>\n\t\t\t<gw:ContentGroup>\n\t\t\t\t<gw:BriefDescription>PDF document has Common Supporting Data Instances</gw:BriefDescription>\n\t\t\t\t<gw:ContentItems itemCount=\"11\">\n\t\t\t\t\t<gw:ContentItem>\n\t\t\t\t\t\t<gw:TechnicalDescription>BBOX Rectangle Instances</gw:TechnicalDescription>\n\t\t\t\t\t\t<gw:InstanceCount>4</gw:InstanceCount>\n\t\t\t\t\t\t<gw:TotalSizeInBytes>1469</gw:TotalSizeInBytes>\n\t\t\t\t\t\t<gw:AverageSizeInBytes>367</gw:AverageSizeInBytes>\n\t\t\t\t\t\t<gw:MinSizeInBytes>339</gw:MinSizeInBytes>\n\t\t\t\t\t\t<gw:MaxSizeInBytes>383</gw:MaxSizeInBytes>\n\t\t\t\t\t</gw:ContentItem>\n\t\t\t\t\t<gw:ContentItem>\n\t\t\t\t\t\t<gw:TechnicalDescription>Check Viewer Instances</gw:TechnicalDescription>\n\t\t\t\t\t\t<gw:InstanceCount>1</gw:InstanceCount>\n\t\t\t\t\t\t<gw:TotalSizeInBytes>127</gw:TotalSizeInBytes>\n\t\t\t\t\t\t<gw:AverageSizeInBytes>127</gw:AverageSizeInBytes>\n\t\t\t\t\t\t<gw:MinSizeInBytes>127</gw:MinSizeInBytes>\n\t\t\t\t\t\t<gw:MaxSizeInBytes>127</gw:MaxSizeInBytes>\n\t\t\t\t\t</gw:ContentItem>\n\t\t\t\t\t<gw:ContentItem>\n\t\t\t\t\t\t<gw:TechnicalDescription>Direct Dictionary Value</gw:TechnicalDescription>\n\t\t\t\t\t\t<gw:InstanceCount>857</gw:InstanceCount>\n\t\t\t\t\t\t<gw:TotalSizeInBytes>5335</gw:TotalSizeInBytes>\n\t\t\t\t\t\t<gw:AverageSizeInBytes>6</gw:AverageSizeInBytes>\n\t\t\t\t\t\t<gw:MinSizeInBytes>1</gw:MinSizeInBytes>\n\t\t\t\t\t\t<gw:MaxSizeInBytes>68</gw:MaxSizeInBytes>\n\t\t\t\t\t</gw:ContentItem>\n\t\t\t\t\t<gw:ContentItem>\n\t\t\t\t\t\t<gw:TechnicalDescription>Glyph Rectangle Instances</gw:TechnicalDescription>\n\t\t\t\t\t\t<gw:InstanceCount>8</gw:InstanceCount>\n\t\t\t\t\t\t<gw:TotalSizeInBytes>2205</gw:TotalSizeInBytes>\n\t\t\t\t\t\t<gw:AverageSizeInBytes>275</gw:AverageSizeInBytes>\n\t\t\t\t\t\t<gw:MinSizeInBytes>245</gw:MinSizeInBytes>\n\t\t\t\t\t\t<gw:MaxSizeInBytes>345</gw:MaxSizeInBytes>\n\t\t\t\t\t</gw:ContentItem>\n\t\t\t\t\t<gw:ContentItem>\n\t\t\t\t\t\t<gw:TechnicalDescription>Group Attributes Dictionary Instances</gw:TechnicalDescription>\n\t\t\t\t\t\t<gw:InstanceCount>6</gw:InstanceCount>\n\t\t\t\t\t\t<gw:TotalSizeInBytes>631</gw:TotalSizeInBytes>\n\t\t\t\t\t\t<gw:AverageSizeInBytes>105</gw:AverageSizeInBytes>\n\t\t\t\t\t\t<gw:MinSizeInBytes>40</gw:MinSizeInBytes>\n\t\t\t\t\t\t<gw:MaxSizeInBytes>383</gw:MaxSizeInBytes>\n\t\t\t\t\t</gw:ContentItem>\n\t\t\t\t\t<gw:ContentItem>\n\t\t\t\t\t\t<gw:TechnicalDescription>Known Dictionary</gw:TechnicalDescription>\n\t\t\t\t\t\t<gw:InstanceCount>121</gw:InstanceCount>\n\t\t\t\t\t\t<gw:TotalSizeInBytes>508593</gw:TotalSizeInBytes>\n\t\t\t\t\t\t<gw:AverageSizeInBytes>4203</gw:AverageSizeInBytes>\n\t\t\t\t\t\t<gw:MinSizeInBytes>0</gw:MinSizeInBytes>\n\t\t\t\t\t\t<gw:MaxSizeInBytes>59483</gw:MaxSizeInBytes>\n\t\t\t\t\t</gw:ContentItem>\n\t\t\t\t\t<gw:ContentItem>\n\t\t\t\t\t\t<gw:TechnicalDescription>Numeric Array Instances</gw:TechnicalDescription>\n\t\t\t\t\t\t<gw:InstanceCount>103</gw:InstanceCount>\n\t\t\t\t\t\t<gw:TotalSizeInBytes>48380</gw:TotalSizeInBytes>\n\t\t\t\t\t\t<gw:AverageSizeInBytes>469</gw:AverageSizeInBytes>\n\t\t\t\t\t\t<gw:MinSizeInBytes>172</gw:MinSizeInBytes>\n\t\t\t\t\t\t<gw:MaxSizeInBytes>552</gw:MaxSizeInBytes>\n\t\t\t\t\t</gw:ContentItem>\n\t\t\t\t\t<gw:ContentItem>\n\t\t\t\t\t\t<gw:TechnicalDescription>Page Layout Instances</gw:TechnicalDescription>\n\t\t\t\t\t\t<gw:InstanceCount>1</gw:InstanceCount>\n\t\t\t\t\t\t<gw:TotalSizeInBytes>127</gw:TotalSizeInBytes>\n\t\t\t\t\t\t<gw:AverageSizeInBytes>127</gw:AverageSizeInBytes>\n\t\t\t\t\t\t<gw:MinSizeInBytes>127</gw:MinSizeInBytes>\n\t\t\t\t\t\t<gw:MaxSizeInBytes>127</gw:MaxSizeInBytes>\n\t\t\t\t\t</gw:ContentItem>\n\t\t\t\t\t<gw:ContentItem>\n\t\t\t\t\t\t<gw:TechnicalDescription>Page Rectangle Instances</gw:TechnicalDescription>\n\t\t\t\t\t\t<gw:InstanceCount>16</gw:InstanceCount>\n\t\t\t\t\t\t<gw:TotalSizeInBytes>9496</gw:TotalSizeInBytes>\n\t\t\t\t\t\t<gw:AverageSizeInBytes>593</gw:AverageSizeInBytes>\n\t\t\t\t\t\t<gw:MinSizeInBytes>549</gw:MinSizeInBytes>\n\t\t\t\t\t\t<gw:MaxSizeInBytes>638</gw:MaxSizeInBytes>\n\t\t\t\t\t</gw:ContentItem>\n\t\t\t\t\t<gw:ContentItem>\n\t\t\t\t\t\t<gw:TechnicalDescription>Rectangle Instances</gw:TechnicalDescription>\n\t\t\t\t\t\t<gw:InstanceCount>28</gw:InstanceCount>\n\t\t\t\t\t\t<gw:TotalSizeInBytes>13170</gw:TotalSizeInBytes>\n\t\t\t\t\t\t<gw:AverageSizeInBytes>470</gw:AverageSizeInBytes>\n\t\t\t\t\t\t<gw:MinSizeInBytes>245</gw:MinSizeInBytes>\n\t\t\t\t\t\t<gw:MaxSizeInBytes>638</gw:MaxSizeInBytes>\n\t\t\t\t\t</gw:ContentItem>\n\t\t\t\t\t<gw:ContentItem>\n\t\t\t\t\t\t<gw:TechnicalDescription>Soft Mask Dictionary Instances</gw:TechnicalDescription>\n\t\t\t\t\t\t<gw:InstanceCount>10</gw:InstanceCount>\n\t\t\t\t\t\t<gw:TotalSizeInBytes>65974</gw:TotalSizeInBytes>\n\t\t\t\t\t\t<gw:AverageSizeInBytes>6597</gw:AverageSizeInBytes>\n\t\t\t\t\t\t<gw:MinSizeInBytes>105</gw:MinSizeInBytes>\n\t\t\t\t\t\t<gw:MaxSizeInBytes>11532</gw:MaxSizeInBytes>\n\t\t\t\t\t</gw:ContentItem>\n\t\t\t\t</gw:ContentItems>\n\t\t\t\t<gw:SanitisationItems itemCount=\"0\" />\n\t\t\t\t<gw:RemedyItems itemCount=\"0\" />\n\t\t\t\t<gw:IssueItems itemCount=\"0\" />\n\t\t\t</gw:ContentGroup>\n\t\t\t<gw:ContentGroup>\n\t\t\t\t<gw:BriefDescription>PDF document has Trailer Data Instances</gw:BriefDescription>\n\t\t\t\t<gw:ContentItems itemCount=\"3\">\n\t\t\t\t\t<gw:ContentItem>\n\t\t\t\t\t\t<gw:TechnicalDescription>PDF Document trailer ID Array Instances</gw:TechnicalDescription>\n\t\t\t\t\t\t<gw:InstanceCount>1</gw:InstanceCount>\n\t\t\t\t\t\t<gw:TotalSizeInBytes>0</gw:TotalSizeInBytes>\n\t\t\t\t\t\t<gw:AverageSizeInBytes>0</gw:AverageSizeInBytes>\n\t\t\t\t\t\t<gw:MinSizeInBytes>0</gw:MinSizeInBytes>\n\t\t\t\t\t\t<gw:MaxSizeInBytes>0</gw:MaxSizeInBytes>\n\t\t\t\t\t</gw:ContentItem>\n\t\t\t\t\t<gw:ContentItem>\n\t\t\t\t\t\t<gw:TechnicalDescription>PDF Document trailer Instances</gw:TechnicalDescription>\n\t\t\t\t\t\t<gw:InstanceCount>1</gw:InstanceCount>\n\t\t\t\t\t\t<gw:TotalSizeInBytes>0</gw:TotalSizeInBytes>\n\t\t\t\t\t\t<gw:AverageSizeInBytes>0</gw:AverageSizeInBytes>\n\t\t\t\t\t\t<gw:MinSizeInBytes>0</gw:MinSizeInBytes>\n\t\t\t\t\t\t<gw:MaxSizeInBytes>0</gw:MaxSizeInBytes>\n\t\t\t\t\t</gw:ContentItem>\n\t\t\t\t\t<gw:ContentItem>\n\t\t\t\t\t\t<gw:TechnicalDescription>PDF Document trailer Size Instances</gw:TechnicalDescription>\n\t\t\t\t\t\t<gw:InstanceCount>1</gw:InstanceCount>\n\t\t\t\t\t\t<gw:TotalSizeInBytes>0</gw:TotalSizeInBytes>\n\t\t\t\t\t\t<gw:AverageSizeInBytes>0</gw:AverageSizeInBytes>\n\t\t\t\t\t\t<gw:MinSizeInBytes>0</gw:MinSizeInBytes>\n\t\t\t\t\t\t<gw:MaxSizeInBytes>0</gw:MaxSizeInBytes>\n\t\t\t\t\t</gw:ContentItem>\n\t\t\t\t</gw:ContentItems>\n\t\t\t\t<gw:SanitisationItems itemCount=\"0\" />\n\t\t\t\t<gw:RemedyItems itemCount=\"0\" />\n\t\t\t\t<gw:IssueItems itemCount=\"0\" />\n\t\t\t</gw:ContentGroup>\n\t\t\t<gw:ContentGroup>\n\t\t\t\t<gw:BriefDescription>PDF document has Catalog Data Instances</gw:BriefDescription>\n\t\t\t\t<gw:ContentItems itemCount=\"1\">\n\t\t\t\t\t<gw:ContentItem>\n\t\t\t\t\t\t<gw:TechnicalDescription>Catalog Data</gw:TechnicalDescription>\n\t\t\t\t\t\t<gw:InstanceCount>1</gw:InstanceCount>\n\t\t\t\t\t\t<gw:TotalSizeInBytes>127</gw:TotalSizeInBytes>\n\t\t\t\t\t\t<gw:AverageSizeInBytes>127</gw:AverageSizeInBytes>\n\t\t\t\t\t\t<gw:MinSizeInBytes>127</gw:MinSizeInBytes>\n\t\t\t\t\t\t<gw:MaxSizeInBytes>127</gw:MaxSizeInBytes>\n\t\t\t\t\t</gw:ContentItem>\n\t\t\t\t</gw:ContentItems>\n\t\t\t\t<gw:SanitisationItems itemCount=\"0\" />\n\t\t\t\t<gw:RemedyItems itemCount=\"0\" />\n\t\t\t\t<gw:IssueItems itemCount=\"0\" />\n\t\t\t</gw:ContentGroup>\n\t\t\t<gw:ContentGroup>\n\t\t\t\t<gw:BriefDescription>PDF document has XObject Data Instances</gw:BriefDescription>\n\t\t\t\t<gw:ContentItems itemCount=\"4\">\n\t\t\t\t\t<gw:ContentItem>\n\t\t\t\t\t\t<gw:TechnicalDescription>Direct Image Xobject Instances</gw:TechnicalDescription>\n\t\t\t\t\t\t<gw:InstanceCount>17</gw:InstanceCount>\n\t\t\t\t\t\t<gw:TotalSizeInBytes>317151</gw:TotalSizeInBytes>\n\t\t\t\t\t\t<gw:AverageSizeInBytes>18655</gw:AverageSizeInBytes>\n\t\t\t\t\t\t<gw:MinSizeInBytes>2418</gw:MinSizeInBytes>\n\t\t\t\t\t\t<gw:MaxSizeInBytes>59483</gw:MaxSizeInBytes>\n\t\t\t\t\t</gw:ContentItem>\n\t\t\t\t\t<gw:ContentItem>\n\t\t\t\t\t\t<gw:TechnicalDescription>Form Xobject Instances</gw:TechnicalDescription>\n\t\t\t\t\t\t<gw:InstanceCount>4</gw:InstanceCount>\n\t\t\t\t\t\t<gw:TotalSizeInBytes>1469</gw:TotalSizeInBytes>\n\t\t\t\t\t\t<gw:AverageSizeInBytes>367</gw:AverageSizeInBytes>\n\t\t\t\t\t\t<gw:MinSizeInBytes>339</gw:MinSizeInBytes>\n\t\t\t\t\t\t<gw:MaxSizeInBytes>383</gw:MaxSizeInBytes>\n\t\t\t\t\t</gw:ContentItem>\n\t\t\t\t\t<gw:ContentItem>\n\t\t\t\t\t\t<gw:TechnicalDescription>Thumbnail Image dictionary Stream Instances</gw:TechnicalDescription>\n\t\t\t\t\t\t<gw:InstanceCount>2</gw:InstanceCount>\n\t\t\t\t\t\t<gw:TotalSizeInBytes>2912</gw:TotalSizeInBytes>\n\t\t\t\t\t\t<gw:AverageSizeInBytes>1456</gw:AverageSizeInBytes>\n\t\t\t\t\t\t<gw:MinSizeInBytes>1253</gw:MinSizeInBytes>\n\t\t\t\t\t\t<gw:MaxSizeInBytes>1659</gw:MaxSizeInBytes>\n\t\t\t\t\t</gw:ContentItem>\n\t\t\t\t\t<gw:ContentItem>\n\t\t\t\t\t\t<gw:TechnicalDescription>Xobject Instances</gw:TechnicalDescription>\n\t\t\t\t\t\t<gw:InstanceCount>21</gw:InstanceCount>\n\t\t\t\t\t\t<gw:TotalSizeInBytes>74399</gw:TotalSizeInBytes>\n\t\t\t\t\t\t<gw:AverageSizeInBytes>3542</gw:AverageSizeInBytes>\n\t\t\t\t\t\t<gw:MinSizeInBytes>372</gw:MinSizeInBytes>\n\t\t\t\t\t\t<gw:MaxSizeInBytes>11532</gw:MaxSizeInBytes>\n\t\t\t\t\t</gw:ContentItem>\n\t\t\t\t</gw:ContentItems>\n\t\t\t\t<gw:SanitisationItems itemCount=\"0\" />\n\t\t\t\t<gw:RemedyItems itemCount=\"0\" />\n\t\t\t\t<gw:IssueItems itemCount=\"0\" />\n\t\t\t</gw:ContentGroup>\n\t\t\t<gw:ContentGroup>\n\t\t\t\t<gw:BriefDescription>JPEG document has Marker Data Instances</gw:BriefDescription>\n\t\t\t\t<gw:ContentItems itemCount=\"7\">\n\t\t\t\t\t<gw:ContentItem>\n\t\t\t\t\t\t<gw:TechnicalDescription>APP14_Reserved_for_application_segments</gw:TechnicalDescription>\n\t\t\t\t\t\t<gw:InstanceCount>17</gw:InstanceCount>\n\t\t\t\t\t\t<gw:TotalSizeInBytes>272</gw:TotalSizeInBytes>\n\t\t\t\t\t\t<gw:AverageSizeInBytes>16</gw:AverageSizeInBytes>\n\t\t\t\t\t\t<gw:MinSizeInBytes>16</gw:MinSizeInBytes>\n\t\t\t\t\t\t<gw:MaxSizeInBytes>16</gw:MaxSizeInBytes>\n\t\t\t\t\t</gw:ContentItem>\n\t\t\t\t\t<gw:ContentItem>\n\t\t\t\t\t\t<gw:TechnicalDescription>Application 14 Section Instances</gw:TechnicalDescription>\n\t\t\t\t\t\t<gw:InstanceCount>17</gw:InstanceCount>\n\t\t\t\t\t\t<gw:TotalSizeInBytes>272</gw:TotalSizeInBytes>\n\t\t\t\t\t\t<gw:AverageSizeInBytes>16</gw:AverageSizeInBytes>\n\t\t\t\t\t\t<gw:MinSizeInBytes>16</gw:MinSizeInBytes>\n\t\t\t\t\t\t<gw:MaxSizeInBytes>16</gw:MaxSizeInBytes>\n\t\t\t\t\t</gw:ContentItem>\n\t\t\t\t\t<gw:ContentItem>\n\t\t\t\t\t\t<gw:TechnicalDescription>DHT_Define_Huffman_tables</gw:TechnicalDescription>\n\t\t\t\t\t\t<gw:InstanceCount>17</gw:InstanceCount>\n\t\t\t\t\t\t<gw:TotalSizeInBytes>5892</gw:TotalSizeInBytes>\n\t\t\t\t\t\t<gw:AverageSizeInBytes>346</gw:AverageSizeInBytes>\n\t\t\t\t\t\t<gw:MinSizeInBytes>212</gw:MinSizeInBytes>\n\t\t\t\t\t\t<gw:MaxSizeInBytes>420</gw:MaxSizeInBytes>\n\t\t\t\t\t</gw:ContentItem>\n\t\t\t\t\t<gw:ContentItem>\n\t\t\t\t\t\t<gw:TechnicalDescription>DQT_Define_quantization_tables</gw:TechnicalDescription>\n\t\t\t\t\t\t<gw:InstanceCount>17</gw:InstanceCount>\n\t\t\t\t\t\t<gw:TotalSizeInBytes>2603</gw:TotalSizeInBytes>\n\t\t\t\t\t\t<gw:AverageSizeInBytes>153</gw:AverageSizeInBytes>\n\t\t\t\t\t\t<gw:MinSizeInBytes>69</gw:MinSizeInBytes>\n\t\t\t\t\t\t<gw:MaxSizeInBytes>199</gw:MaxSizeInBytes>\n\t\t\t\t\t</gw:ContentItem>\n\t\t\t\t\t<gw:ContentItem>\n\t\t\t\t\t\t<gw:TechnicalDescription>DRI_Define_restart_interval</gw:TechnicalDescription>\n\t\t\t\t\t\t<gw:InstanceCount>17</gw:InstanceCount>\n\t\t\t\t\t\t<gw:TotalSizeInBytes>34</gw:TotalSizeInBytes>\n\t\t\t\t\t\t<gw:AverageSizeInBytes>2</gw:AverageSizeInBytes>\n\t\t\t\t\t\t<gw:MinSizeInBytes>2</gw:MinSizeInBytes>\n\t\t\t\t\t\t<gw:MaxSizeInBytes>2</gw:MaxSizeInBytes>\n\t\t\t\t\t</gw:ContentItem>\n\t\t\t\t\t<gw:ContentItem>\n\t\t\t\t\t\t<gw:TechnicalDescription>EOI_End_of_image</gw:TechnicalDescription>\n\t\t\t\t\t\t<gw:InstanceCount>17</gw:InstanceCount>\n\t\t\t\t\t\t<gw:TotalSizeInBytes>34</gw:TotalSizeInBytes>\n\t\t\t\t\t\t<gw:AverageSizeInBytes>2</gw:AverageSizeInBytes>\n\t\t\t\t\t\t<gw:MinSizeInBytes>2</gw:MinSizeInBytes>\n\t\t\t\t\t\t<gw:MaxSizeInBytes>2</gw:MaxSizeInBytes>\n\t\t\t\t\t</gw:ContentItem>\n\t\t\t\t\t<gw:ContentItem>\n\t\t\t\t\t\t<gw:TechnicalDescription>SOI_Start_of_image</gw:TechnicalDescription>\n\t\t\t\t\t\t<gw:InstanceCount>17</gw:InstanceCount>\n\t\t\t\t\t\t<gw:TotalSizeInBytes>34</gw:TotalSizeInBytes>\n\t\t\t\t\t\t<gw:AverageSizeInBytes>2</gw:AverageSizeInBytes>\n\t\t\t\t\t\t<gw:MinSizeInBytes>2</gw:MinSizeInBytes>\n\t\t\t\t\t\t<gw:MaxSizeInBytes>2</gw:MaxSizeInBytes>\n\t\t\t\t\t</gw:ContentItem>\n\t\t\t\t</gw:ContentItems>\n\t\t\t\t<gw:SanitisationItems itemCount=\"0\" />\n\t\t\t\t<gw:RemedyItems itemCount=\"0\" />\n\t\t\t\t<gw:IssueItems itemCount=\"0\" />\n\t\t\t</gw:ContentGroup>\n\t\t\t<gw:ContentGroup>\n\t\t\t\t<gw:BriefDescription>JPEG document has Scan Data Instances</gw:BriefDescription>\n\t\t\t\t<gw:ContentItems itemCount=\"5\">\n\t\t\t\t\t<gw:ContentItem>\n\t\t\t\t\t\t<gw:TechnicalDescription>Define Restart Interval Instances</gw:TechnicalDescription>\n\t\t\t\t\t\t<gw:InstanceCount>17</gw:InstanceCount>\n\t\t\t\t\t\t<gw:TotalSizeInBytes>102</gw:TotalSizeInBytes>\n\t\t\t\t\t\t<gw:AverageSizeInBytes>6</gw:AverageSizeInBytes>\n\t\t\t\t\t\t<gw:MinSizeInBytes>6</gw:MinSizeInBytes>\n\t\t\t\t\t\t<gw:MaxSizeInBytes>6</gw:MaxSizeInBytes>\n\t\t\t\t\t</gw:ContentItem>\n\t\t\t\t\t<gw:ContentItem>\n\t\t\t\t\t\t<gw:TechnicalDescription>ECS Section Instances</gw:TechnicalDescription>\n\t\t\t\t\t\t<gw:InstanceCount>17</gw:InstanceCount>\n\t\t\t\t\t\t<gw:TotalSizeInBytes>304484</gw:TotalSizeInBytes>\n\t\t\t\t\t\t<gw:AverageSizeInBytes>17910</gw:AverageSizeInBytes>\n\t\t\t\t\t\t<gw:MinSizeInBytes>1557</gw:MinSizeInBytes>\n\t\t\t\t\t\t<gw:MaxSizeInBytes>58608</gw:MaxSizeInBytes>\n\t\t\t\t\t</gw:ContentItem>\n\t\t\t\t\t<gw:ContentItem>\n\t\t\t\t\t\t<gw:TechnicalDescription>Scan Data Instances</gw:TechnicalDescription>\n\t\t\t\t\t\t<gw:InstanceCount>17</gw:InstanceCount>\n\t\t\t\t\t\t<gw:TotalSizeInBytes>0</gw:TotalSizeInBytes>\n\t\t\t\t\t\t<gw:AverageSizeInBytes>0</gw:AverageSizeInBytes>\n\t\t\t\t\t\t<gw:MinSizeInBytes>0</gw:MinSizeInBytes>\n\t\t\t\t\t\t<gw:MaxSizeInBytes>0</gw:MaxSizeInBytes>\n\t\t\t\t\t</gw:ContentItem>\n\t\t\t\t\t<gw:ContentItem>\n\t\t\t\t\t\t<gw:TechnicalDescription>Sequential Ecs Section Instances</gw:TechnicalDescription>\n\t\t\t\t\t\t<gw:InstanceCount>17</gw:InstanceCount>\n\t\t\t\t\t\t<gw:TotalSizeInBytes>304484</gw:TotalSizeInBytes>\n\t\t\t\t\t\t<gw:AverageSizeInBytes>17910</gw:AverageSizeInBytes>\n\t\t\t\t\t\t<gw:MinSizeInBytes>1557</gw:MinSizeInBytes>\n\t\t\t\t\t\t<gw:MaxSizeInBytes>58608</gw:MaxSizeInBytes>\n\t\t\t\t\t</gw:ContentItem>\n\t\t\t\t\t<gw:ContentItem>\n\t\t\t\t\t\t<gw:TechnicalDescription>Start Of Scan Instances</gw:TechnicalDescription>\n\t\t\t\t\t\t<gw:InstanceCount>17</gw:InstanceCount>\n\t\t\t\t\t\t<gw:TotalSizeInBytes>68</gw:TotalSizeInBytes>\n\t\t\t\t\t\t<gw:AverageSizeInBytes>4</gw:AverageSizeInBytes>\n\t\t\t\t\t\t<gw:MinSizeInBytes>4</gw:MinSizeInBytes>\n\t\t\t\t\t\t<gw:MaxSizeInBytes>4</gw:MaxSizeInBytes>\n\t\t\t\t\t</gw:ContentItem>\n\t\t\t\t</gw:ContentItems>\n\t\t\t\t<gw:SanitisationItems itemCount=\"0\" />\n\t\t\t\t<gw:RemedyItems itemCount=\"0\" />\n\t\t\t\t<gw:IssueItems itemCount=\"0\" />\n\t\t\t</gw:ContentGroup>\n\t\t\t<gw:ContentGroup>\n\t\t\t\t<gw:BriefDescription>JPEG document has Frame Data Instances</gw:BriefDescription>\n\t\t\t\t<gw:ContentItems itemCount=\"5\">\n\t\t\t\t\t<gw:ContentItem>\n\t\t\t\t\t\t<gw:TechnicalDescription>Define Huffman Table Instances</gw:TechnicalDescription>\n\t\t\t\t\t\t<gw:InstanceCount>17</gw:InstanceCount>\n\t\t\t\t\t\t<gw:TotalSizeInBytes>5892</gw:TotalSizeInBytes>\n\t\t\t\t\t\t<gw:AverageSizeInBytes>346</gw:AverageSizeInBytes>\n\t\t\t\t\t\t<gw:MinSizeInBytes>212</gw:MinSizeInBytes>\n\t\t\t\t\t\t<gw:MaxSizeInBytes>420</gw:MaxSizeInBytes>\n\t\t\t\t\t</gw:ContentItem>\n\t\t\t\t\t<gw:ContentItem>\n\t\t\t\t\t\t<gw:TechnicalDescription>Define Quantization Table Instances</gw:TechnicalDescription>\n\t\t\t\t\t\t<gw:InstanceCount>17</gw:InstanceCount>\n\t\t\t\t\t\t<gw:TotalSizeInBytes>2603</gw:TotalSizeInBytes>\n\t\t\t\t\t\t<gw:AverageSizeInBytes>153</gw:AverageSizeInBytes>\n\t\t\t\t\t\t<gw:MinSizeInBytes>69</gw:MinSizeInBytes>\n\t\t\t\t\t\t<gw:MaxSizeInBytes>199</gw:MaxSizeInBytes>\n\t\t\t\t\t</gw:ContentItem>\n\t\t\t\t\t<gw:ContentItem>\n\t\t\t\t\t\t<gw:TechnicalDescription>Frame Data Instances</gw:TechnicalDescription>\n\t\t\t\t\t\t<gw:InstanceCount>17</gw:InstanceCount>\n\t\t\t\t\t\t<gw:TotalSizeInBytes>0</gw:TotalSizeInBytes>\n\t\t\t\t\t\t<gw:AverageSizeInBytes>0</gw:AverageSizeInBytes>\n\t\t\t\t\t\t<gw:MinSizeInBytes>0</gw:MinSizeInBytes>\n\t\t\t\t\t\t<gw:MaxSizeInBytes>0</gw:MaxSizeInBytes>\n\t\t\t\t\t</gw:ContentItem>\n\t\t\t\t\t<gw:ContentItem>\n\t\t\t\t\t\t<gw:TechnicalDescription>Frame Header Instances</gw:TechnicalDescription>\n\t\t\t\t\t\t<gw:InstanceCount>17</gw:InstanceCount>\n\t\t\t\t\t\t<gw:TotalSizeInBytes>287</gw:TotalSizeInBytes>\n\t\t\t\t\t\t<gw:AverageSizeInBytes>16</gw:AverageSizeInBytes>\n\t\t\t\t\t\t<gw:MinSizeInBytes>13</gw:MinSizeInBytes>\n\t\t\t\t\t\t<gw:MaxSizeInBytes>19</gw:MaxSizeInBytes>\n\t\t\t\t\t</gw:ContentItem>\n\t\t\t\t\t<gw:ContentItem>\n\t\t\t\t\t\t<gw:TechnicalDescription>Restart Marker Instances</gw:TechnicalDescription>\n\t\t\t\t\t\t<gw:InstanceCount>507</gw:InstanceCount>\n\t\t\t\t\t\t<gw:TotalSizeInBytes>1014</gw:TotalSizeInBytes>\n\t\t\t\t\t\t<gw:AverageSizeInBytes>2</gw:AverageSizeInBytes>\n\t\t\t\t\t\t<gw:MinSizeInBytes>2</gw:MinSizeInBytes>\n\t\t\t\t\t\t<gw:MaxSizeInBytes>2</gw:MaxSizeInBytes>\n\t\t\t\t\t</gw:ContentItem>\n\t\t\t\t</gw:ContentItems>\n\t\t\t\t<gw:SanitisationItems itemCount=\"0\" />\n\t\t\t\t<gw:RemedyItems itemCount=\"0\" />\n\t\t\t\t<gw:IssueItems itemCount=\"0\" />\n\t\t\t</gw:ContentGroup>\n\t\t\t<gw:ContentGroup>\n\t\t\t\t<gw:BriefDescription>JPEG document has Type Data Instances</gw:BriefDescription>\n\t\t\t\t<gw:ContentItems itemCount=\"1\">\n\t\t\t\t\t<gw:ContentItem>\n\t\t\t\t\t\t<gw:TechnicalDescription>DRI Marker</gw:TechnicalDescription>\n\t\t\t\t\t\t<gw:InstanceCount>17</gw:InstanceCount>\n\t\t\t\t\t\t<gw:TotalSizeInBytes>34</gw:TotalSizeInBytes>\n\t\t\t\t\t\t<gw:AverageSizeInBytes>2</gw:AverageSizeInBytes>\n\t\t\t\t\t\t<gw:MinSizeInBytes>2</gw:MinSizeInBytes>\n\t\t\t\t\t\t<gw:MaxSizeInBytes>2</gw:MaxSizeInBytes>\n\t\t\t\t\t</gw:ContentItem>\n\t\t\t\t</gw:ContentItems>\n\t\t\t\t<gw:SanitisationItems itemCount=\"0\" />\n\t\t\t\t<gw:RemedyItems itemCount=\"0\" />\n\t\t\t\t<gw:IssueItems itemCount=\"0\" />\n\t\t\t</gw:ContentGroup>\n\t\t</gw:ContentGroups>\n\t\t<gw:ExtractedItems itemCount=\"0\" />\n\t</gw:DocumentStatistics>\n</gw:GWallInfo>\n"