"<?xml version=\"1.0\" encoding=\"utf-8\"?>\n<gw:GWallInfo xsi:schemaLocation=\"http://glasswall.com/namespace/gwallInfo.xsd\" xmlns:xsi=\"http://www.w3.org/2001/XMLSchema-instance\" xmlns:gw=\"http://glasswall.com/namespace\">\n\t<gw:DocumentStatistics>\n\t\t<gw:DocumentSummary>\n\t\t\t<gw:TotalSizeInBytes>0</gw:TotalSizeInBytes>\n\t\t\t<gw:FileType>pdf</gw:FileType>\n\t\t\t<gw:Version>PDF-1.4</gw:Version>\n\t\t</gw:DocumentSummary>\n\t\t<gw:ContentManagementPolicy>\n\t\t\t<gw:Camera cameraName=\"pdfConfig\">\n\t\t\t\t<gw:ContentSwitch>\n\t\t\t\t\t<gw:ContentName>metadata</gw:ContentName>\n\t\t\t\t\t<gw:ContentValue>sanitise</gw:ContentValue>\n\t\t\t\t</gw:ContentSwitch>\n\t\t\t\t<gw:ContentSwitch>\n\t\t\t\t\t<gw:ContentName>javascript</gw:ContentName>\n\t\t\t\t\t<gw:ContentValue>sanitise</gw:ContentValue>\n\t\t\t\t</gw:ContentSwitch>\n\t\t\t\t<gw:ContentSwitch>\n\t\t\t\t\t<gw:ContentName>acroform</gw:ContentName>\n\t\t\t\t\t<gw:ContentValue>sanitise</gw:ContentValue>\n\t\t\t\t</gw:ContentSwitch>\n\t\t\t\t<gw:ContentSwitch>\n\t\t\t\t\t<gw:ContentName>actions_all</gw:ContentName>\n\t\t\t\t\t<gw:ContentValue>sanitise</gw:ContentValue>\n\t\t\t\t</gw:ContentSwitch>\n\t\t\t\t<gw:ContentSwitch>\n\t\t\t\t\t<gw:ContentName>embedded_files</gw:ContentName>\n\t\t\t\t\t<gw:ContentValue>sanitise</gw:ContentValue>\n\t\t\t\t</gw:ContentSwitch>\n\t\t\t\t<gw:ContentSwitch>\n\t\t\t\t\t<gw:ContentName>external_hyperlinks</gw:ContentName>\n\t\t\t\t\t<gw:ContentValue>sanitise</gw:ContentValue>\n\t\t\t\t</gw:ContentSwitch>\n\t\t\t\t<gw:ContentSwitch>\n\t\t\t\t\t<gw:ContentName>internal_hyperlinks</gw:ContentName>\n\t\t\t\t\t<gw:ContentValue>sanitise</gw:ContentValue>\n\t\t\t\t</gw:ContentSwitch>\n\t\t\t\t<gw:ContentSwitch>\n\t\t\t\t\t<gw:ContentName>embedded_images</gw:ContentName>\n\t\t\t\t\t<gw:ContentValue>sanitise</gw:ContentValue>\n\t\t\t\t</gw:ContentSwitch>\n\t\t\t</gw:Camera>\n\t\t\t<gw:Camera cameraName=\"wordConfig\">\n\t\t\t\t<gw:ContentSwitch>\n\t\t\t\t\t<gw:ContentName>metadata</gw:ContentName>\n\t\t\t\t\t<gw:ContentValue>sanitise</gw:ContentValue>\n\t\t\t\t</gw:ContentSwitch>\n\t\t\t\t<gw:ContentSwitch>\n\t\t\t\t\t<gw:ContentName>macros</gw:ContentName>\n\t\t\t\t\t<gw:ContentValue>sanitise</gw:ContentValue>\n\t\t\t\t</gw:ContentSwitch>\n\t\t\t\t<gw:ContentSwitch>\n\t\t\t\t\t<gw:ContentName>embedded_files</gw:ContentName>\n\t\t\t\t\t<gw:ContentValue>sanitise</gw:ContentValue>\n\t\t\t\t</gw:ContentSwitch>\n\t\t\t\t<gw:ContentSwitch>\n\t\t\t\t\t<gw:ContentName>review_comments</gw:ContentName>\n\t\t\t\t\t<gw:ContentValue>sanitise</gw:ContentValue>\n\t\t\t\t</gw:ContentSwitch>\n\t\t\t\t<gw:ContentSwitch>\n\t\t\t\t\t<gw:ContentName>internal_hyperlinks</gw:ContentName>\n\t\t\t\t\t<gw:ContentValue>sanitise</gw:ContentValue>\n\t\t\t\t</gw:ContentSwitch>\n\t\t\t\t<gw:ContentSwitch>\n\t\t\t\t\t<gw:ContentName>external_hyperlinks</gw:ContentName>\n\t\t\t\t\t<gw:ContentValue>sanitise</gw:ContentValue>\n\t\t\t\t</gw:ContentSwitch>\n\t\t\t\t<gw:ContentSwitch>\n\t\t\t\t\t<gw:ContentName>dynamic_data_exchange</gw:ContentName>\n\t\t\t\t\t<gw:ContentValue>sanitise</gw:ContentValue>\n\t\t\t\t</gw:ContentSwitch>\n\t\t\t\t<gw:ContentSwitch>\n\t\t\t\t\t<gw:ContentName>embedded_images</gw:ContentName>\n\t\t\t\t\t<gw:ContentValue>sanitise</gw:ContentValue>\n\t\t\t\t</gw:ContentSwitch>\n\t\t\t</gw:Camera>\n\t\t\t<gw:Camera cameraName=\"pptConfig\">\n\t\t\t\t<gw:ContentSwitch>\n\t\t\t\t\t<gw:ContentName>metadata</gw:ContentName>\n\t\t\t\t\t<gw:ContentValue>sanitise</gw:ContentValue>\n\t\t\t\t</gw:ContentSwitch>\n\t\t\t\t<gw:ContentSwitch>\n\t\t\t\t\t<gw:ContentName>macros</gw:ContentName>\n\t\t\t\t\t<gw:ContentValue>sanitise</gw:ContentValue>\n\t\t\t\t</gw:ContentSwitch>\n\t\t\t\t<gw:ContentSwitch>\n\t\t\t\t\t<gw:ContentName>embedded_files</gw:ContentName>\n\t\t\t\t\t<gw:ContentValue>sanitise</gw:ContentValue>\n\t\t\t\t</gw:ContentSwitch>\n\t\t\t\t<gw:ContentSwitch>\n\t\t\t\t\t<gw:ContentName>review_comments</gw:ContentName>\n\t\t\t\t\t<gw:ContentValue>sanitise</gw:ContentValue>\n\t\t\t\t</gw:ContentSwitch>\n\t\t\t\t<gw:ContentSwitch>\n\t\t\t\t\t<gw:ContentName>internal_hyperlinks</gw:ContentName>\n\t\t\t\t\t<gw:ContentValue>sanitise</gw:ContentValue>\n\t\t\t\t</gw:ContentSwitch>\n\t\t\t\t<gw:ContentSwitch>\n\t\t\t\t\t<gw:ContentName>external_hyperlinks</gw:ContentName>\n\t\t\t\t\t<gw:ContentValue>sanitise</gw:ContentValue>\n\t\t\t\t</gw:ContentSwitch>\n\t\t\t\t<gw:ContentSwitch>\n\t\t\t\t\t<gw:ContentName>embedded_images</gw:ContentName>\n\t\t\t\t\t<gw:ContentValue>sanitise</gw:ContentValue>\n\t\t\t\t</gw:ContentSwitch>\n\t\t\t</gw:Camera>\n\t\t\t<gw:Camera cameraName=\"xlsConfig\">\n\t\t\t\t<gw:ContentSwitch>\n\t\t\t\t\t<gw:ContentName>metadata</gw:ContentName>\n\t\t\t\t\t<gw:ContentValue>sanitise</gw:ContentValue>\n\t\t\t\t</gw:ContentSwitch>\n\t\t\t\t<gw:ContentSwitch>\n\t\t\t\t\t<gw:ContentName>macros</gw:ContentName>\n\t\t\t\t\t<gw:ContentValue>sanitise</gw:ContentValue>\n\t\t\t\t</gw:ContentSwitch>\n\t\t\t\t<gw:ContentSwitch>\n\t\t\t\t\t<gw:ContentName>embedded_files</gw:ContentName>\n\t\t\t\t\t<gw:ContentValue>sanitise</gw:ContentValue>\n\t\t\t\t</gw:ContentSwitch>\n\t\t\t\t<gw:ContentSwitch>\n\t\t\t\t\t<gw:ContentName>internal_hyperlinks</gw:ContentName>\n\t\t\t\t\t<gw:ContentValue>sanitise</gw:ContentValue>\n\t\t\t\t</gw:ContentSwitch>\n\t\t\t\t<gw:ContentSwitch>\n\t\t\t\t\t<gw:ContentName>external_hyperlinks</gw:ContentName>\n\t\t\t\t\t<gw:ContentValue>sanitise</gw:ContentValue>\n\t\t\t\t</gw:ContentSwitch>\n\t\t\t\t<gw:ContentSwitch>\n\t\t\t\t\t<gw:ContentName>review_comments</gw:ContentName>\n\t\t\t\t\t<gw:ContentValue>sanitise</gw:ContentValue>\n\t\t\t\t</gw:ContentSwitch>\n\t\t\t\t<gw:ContentSwitch>\n\t\t\t\t\t<gw:ContentName>dynamic_data_exchange</gw:ContentName>\n\t\t\t\t\t<gw:ContentValue>sanitise</gw:ContentValue>\n\t\t\t\t</gw:ContentSwitch>\n\t\t\t\t<gw:ContentSwitch>\n\t\t\t\t\t<gw:ContentName>embedded_images</gw:ContentName>\n\t\t\t\t\t<gw:ContentValue>sanitise</gw:ContentValue>\n\t\t\t\t</gw:ContentSwitch>\n\t\t\t</gw:Camera>\n\t\t</gw:ContentManagementPolicy>\n\t\t<gw:ContentGroups groupCount=\"25\">\n\t\t\t<gw:ContentGroup>\n\t\t\t\t<gw:BriefDescription>PDF document has Basic File Section structure instances</gw:BriefDescription>\n\t\t\t\t<gw:ContentItems itemCount=\"5\">\n\t\t\t\t\t<gw:ContentItem>\n\t\t\t\t\t\t<gw:TechnicalDescription>PDF Cross Reference Table Instances</gw:TechnicalDescription>\n\t\t\t\t\t\t<gw:InstanceCount>1</gw:InstanceCount>\n\t\t\t\t\t\t<gw:TotalSizeInBytes>13671</gw:TotalSizeInBytes>\n\t\t\t\t\t\t<gw:AverageSizeInBytes>13671</gw:AverageSizeInBytes>\n\t\t\t\t\t\t<gw:MinSizeInBytes>13671</gw:MinSizeInBytes>\n\t\t\t\t\t\t<gw:MaxSizeInBytes>13671</gw:MaxSizeInBytes>\n\t\t\t\t\t</gw:ContentItem>\n\t\t\t\t\t<gw:ContentItem>\n\t\t\t\t\t\t<gw:TechnicalDescription>PDF Header Instances</gw:TechnicalDescription>\n\t\t\t\t\t\t<gw:InstanceCount>1</gw:InstanceCount>\n\t\t\t\t\t\t<gw:TotalSizeInBytes>16</gw:TotalSizeInBytes>\n\t\t\t\t\t\t<gw:AverageSizeInBytes>16</gw:AverageSizeInBytes>\n\t\t\t\t\t\t<gw:MinSizeInBytes>16</gw:MinSizeInBytes>\n\t\t\t\t\t\t<gw:MaxSizeInBytes>16</gw:MaxSizeInBytes>\n\t\t\t\t\t</gw:ContentItem>\n\t\t\t\t\t<gw:ContentItem>\n\t\t\t\t\t\t<gw:TechnicalDescription>PDF Object Instances</gw:TechnicalDescription>\n\t\t\t\t\t\t<gw:InstanceCount>680</gw:InstanceCount>\n\t\t\t\t\t\t<gw:TotalSizeInBytes>10154881</gw:TotalSizeInBytes>\n\t\t\t\t\t\t<gw:AverageSizeInBytes>14933</gw:AverageSizeInBytes>\n\t\t\t\t\t\t<gw:MinSizeInBytes>19</gw:MinSizeInBytes>\n\t\t\t\t\t\t<gw:MaxSizeInBytes>489942</gw:MaxSizeInBytes>\n\t\t\t\t\t</gw:ContentItem>\n\t\t\t\t\t<gw:ContentItem>\n\t\t\t\t\t\t<gw:TechnicalDescription>PDF StartXref Section Instances</gw:TechnicalDescription>\n\t\t\t\t\t\t<gw:InstanceCount>1</gw:InstanceCount>\n\t\t\t\t\t\t<gw:TotalSizeInBytes>25</gw:TotalSizeInBytes>\n\t\t\t\t\t\t<gw:AverageSizeInBytes>25</gw:AverageSizeInBytes>\n\t\t\t\t\t\t<gw:MinSizeInBytes>25</gw:MinSizeInBytes>\n\t\t\t\t\t\t<gw:MaxSizeInBytes>25</gw:MaxSizeInBytes>\n\t\t\t\t\t</gw:ContentItem>\n\t\t\t\t\t<gw:ContentItem>\n\t\t\t\t\t\t<gw:TechnicalDescription>PDF Trailer Section Instances</gw:TechnicalDescription>\n\t\t\t\t\t\t<gw:InstanceCount>1</gw:InstanceCount>\n\t\t\t\t\t\t<gw:TotalSizeInBytes>47</gw:TotalSizeInBytes>\n\t\t\t\t\t\t<gw:AverageSizeInBytes>47</gw:AverageSizeInBytes>\n\t\t\t\t\t\t<gw:MinSizeInBytes>47</gw:MinSizeInBytes>\n\t\t\t\t\t\t<gw:MaxSizeInBytes>47</gw:MaxSizeInBytes>\n\t\t\t\t\t</gw:ContentItem>\n\t\t\t\t</gw:ContentItems>\n\t\t\t\t<gw:SanitisationItems itemCount=\"0\" />\n\t\t\t\t<gw:RemedyItems itemCount=\"2\">\n\t\t\t\t\t<gw:RemedyItem>\n\t\t\t\t\t\t<gw:TechnicalDescription>Recreate standard PDF section remedies.</gw:TechnicalDescription>\n\t\t\t\t\t\t<gw:InstanceCount>70</gw:InstanceCount>\n\t\t\t\t\t</gw:RemedyItem>\n\t\t\t\t\t<gw:RemedyItem>\n\t\t\t\t\t\t<gw:TechnicalDescription>Recreate standard PDF token remedies.</gw:TechnicalDescription>\n\t\t\t\t\t\t<gw:InstanceCount>70</gw:InstanceCount>\n\t\t\t\t\t</gw:RemedyItem>\n\t\t\t\t</gw:RemedyItems>\n\t\t\t\t<gw:IssueItems itemCount=\"0\" />\n\t\t\t</gw:ContentGroup>\n\t\t\t<gw:ContentGroup>\n\t\t\t\t<gw:BriefDescription>PDF document has Basic Object Structure instances</gw:BriefDescription>\n\t\t\t\t<gw:ContentItems itemCount=\"12\">\n\t\t\t\t\t<gw:ContentItem>\n\t\t\t\t\t\t<gw:TechnicalDescription>ARRAY</gw:TechnicalDescription>\n\t\t\t\t\t\t<gw:InstanceCount>490</gw:InstanceCount>\n\t\t\t\t\t\t<gw:TotalSizeInBytes>490</gw:TotalSizeInBytes>\n\t\t\t\t\t\t<gw:AverageSizeInBytes>1</gw:AverageSizeInBytes>\n\t\t\t\t\t\t<gw:MinSizeInBytes>1</gw:MinSizeInBytes>\n\t\t\t\t\t\t<gw:MaxSizeInBytes>1</gw:MaxSizeInBytes>\n\t\t\t\t\t</gw:ContentItem>\n\t\t\t\t\t<gw:ContentItem>\n\t\t\t\t\t\t<gw:TechnicalDescription>ARRAY_end</gw:TechnicalDescription>\n\t\t\t\t\t\t<gw:InstanceCount>490</gw:InstanceCount>\n\t\t\t\t\t\t<gw:TotalSizeInBytes>490</gw:TotalSizeInBytes>\n\t\t\t\t\t\t<gw:AverageSizeInBytes>1</gw:AverageSizeInBytes>\n\t\t\t\t\t\t<gw:MinSizeInBytes>1</gw:MinSizeInBytes>\n\t\t\t\t\t\t<gw:MaxSizeInBytes>1</gw:MaxSizeInBytes>\n\t\t\t\t\t</gw:ContentItem>\n\t\t\t\t\t<gw:ContentItem>\n\t\t\t\t\t\t<gw:TechnicalDescription>BOOLEAN</gw:TechnicalDescription>\n\t\t\t\t\t\t<gw:InstanceCount>127</gw:InstanceCount>\n\t\t\t\t\t\t<gw:TotalSizeInBytes>508</gw:TotalSizeInBytes>\n\t\t\t\t\t\t<gw:AverageSizeInBytes>4</gw:AverageSizeInBytes>\n\t\t\t\t\t\t<gw:MinSizeInBytes>4</gw:MinSizeInBytes>\n\t\t\t\t\t\t<gw:MaxSizeInBytes>4</gw:MaxSizeInBytes>\n\t\t\t\t\t</gw:ContentItem>\n\t\t\t\t\t<gw:ContentItem>\n\t\t\t\t\t\t<gw:TechnicalDescription>DICTIONARY</gw:TechnicalDescription>\n\t\t\t\t\t\t<gw:InstanceCount>814</gw:InstanceCount>\n\t\t\t\t\t\t<gw:TotalSizeInBytes>1628</gw:TotalSizeInBytes>\n\t\t\t\t\t\t<gw:AverageSizeInBytes>2</gw:AverageSizeInBytes>\n\t\t\t\t\t\t<gw:MinSizeInBytes>2</gw:MinSizeInBytes>\n\t\t\t\t\t\t<gw:MaxSizeInBytes>2</gw:MaxSizeInBytes>\n\t\t\t\t\t</gw:ContentItem>\n\t\t\t\t\t<gw:ContentItem>\n\t\t\t\t\t\t<gw:TechnicalDescription>DICTIONARY_end</gw:TechnicalDescription>\n\t\t\t\t\t\t<gw:InstanceCount>814</gw:InstanceCount>\n\t\t\t\t\t\t<gw:TotalSizeInBytes>1628</gw:TotalSizeInBytes>\n\t\t\t\t\t\t<gw:AverageSizeInBytes>2</gw:AverageSizeInBytes>\n\t\t\t\t\t\t<gw:MinSizeInBytes>2</gw:MinSizeInBytes>\n\t\t\t\t\t\t<gw:MaxSizeInBytes>2</gw:MaxSizeInBytes>\n\t\t\t\t\t</gw:ContentItem>\n\t\t\t\t\t<gw:ContentItem>\n\t\t\t\t\t\t<gw:TechnicalDescription>NAME</gw:TechnicalDescription>\n\t\t\t\t\t\t<gw:InstanceCount>12713</gw:InstanceCount>\n\t\t\t\t\t\t<gw:TotalSizeInBytes>102473</gw:TotalSizeInBytes>\n\t\t\t\t\t\t<gw:AverageSizeInBytes>8</gw:AverageSizeInBytes>\n\t\t\t\t\t\t<gw:MinSizeInBytes>2</gw:MinSizeInBytes>\n\t\t\t\t\t\t<gw:MaxSizeInBytes>24</gw:MaxSizeInBytes>\n\t\t\t\t\t</gw:ContentItem>\n\t\t\t\t\t<gw:ContentItem>\n\t\t\t\t\t\t<gw:TechnicalDescription>NUMERIC_INTEGER</gw:TechnicalDescription>\n\t\t\t\t\t\t<gw:InstanceCount>1826</gw:InstanceCount>\n\t\t\t\t\t\t<gw:TotalSizeInBytes>4073</gw:TotalSizeInBytes>\n\t\t\t\t\t\t<gw:AverageSizeInBytes>2</gw:AverageSizeInBytes>\n\t\t\t\t\t\t<gw:MinSizeInBytes>1</gw:MinSizeInBytes>\n\t\t\t\t\t\t<gw:MaxSizeInBytes>6</gw:MaxSizeInBytes>\n\t\t\t\t\t</gw:ContentItem>\n\t\t\t\t\t<gw:ContentItem>\n\t\t\t\t\t\t<gw:TechnicalDescription>NUMERIC_REAL</gw:TechnicalDescription>\n\t\t\t\t\t\t<gw:InstanceCount>273</gw:InstanceCount>\n\t\t\t\t\t\t<gw:TotalSizeInBytes>2502</gw:TotalSizeInBytes>\n\t\t\t\t\t\t<gw:AverageSizeInBytes>9</gw:AverageSizeInBytes>\n\t\t\t\t\t\t<gw:MinSizeInBytes>3</gw:MinSizeInBytes>\n\t\t\t\t\t\t<gw:MaxSizeInBytes>11</gw:MaxSizeInBytes>\n\t\t\t\t\t</gw:ContentItem>\n\t\t\t\t\t<gw:ContentItem>\n\t\t\t\t\t\t<gw:TechnicalDescription>REFERENCE</gw:TechnicalDescription>\n\t\t\t\t\t\t<gw:InstanceCount>9446</gw:InstanceCount>\n\t\t\t\t\t\t<gw:TotalSizeInBytes>63183</gw:TotalSizeInBytes>\n\t\t\t\t\t\t<gw:AverageSizeInBytes>6</gw:AverageSizeInBytes>\n\t\t\t\t\t\t<gw:MinSizeInBytes>5</gw:MinSizeInBytes>\n\t\t\t\t\t\t<gw:MaxSizeInBytes>7</gw:MaxSizeInBytes>\n\t\t\t\t\t</gw:ContentItem>\n\t\t\t\t\t<gw:ContentItem>\n\t\t\t\t\t\t<gw:TechnicalDescription>STREAM</gw:TechnicalDescription>\n\t\t\t\t\t\t<gw:InstanceCount>208</gw:InstanceCount>\n\t\t\t\t\t\t<gw:TotalSizeInBytes>9936609</gw:TotalSizeInBytes>\n\t\t\t\t\t\t<gw:AverageSizeInBytes>47772</gw:AverageSizeInBytes>\n\t\t\t\t\t\t<gw:MinSizeInBytes>220</gw:MinSizeInBytes>\n\t\t\t\t\t\t<gw:MaxSizeInBytes>489772</gw:MaxSizeInBytes>\n\t\t\t\t\t</gw:ContentItem>\n\t\t\t\t\t<gw:ContentItem>\n\t\t\t\t\t\t<gw:TechnicalDescription>STREAM_end</gw:TechnicalDescription>\n\t\t\t\t\t\t<gw:InstanceCount>208</gw:InstanceCount>\n\t\t\t\t\t\t<gw:TotalSizeInBytes>1872</gw:TotalSizeInBytes>\n\t\t\t\t\t\t<gw:AverageSizeInBytes>9</gw:AverageSizeInBytes>\n\t\t\t\t\t\t<gw:MinSizeInBytes>9</gw:MinSizeInBytes>\n\t\t\t\t\t\t<gw:MaxSizeInBytes>9</gw:MaxSizeInBytes>\n\t\t\t\t\t</gw:ContentItem>\n\t\t\t\t\t<gw:ContentItem>\n\t\t\t\t\t\t<gw:TechnicalDescription>STRING_LITERAL</gw:TechnicalDescription>\n\t\t\t\t\t\t<gw:InstanceCount>24</gw:InstanceCount>\n\t\t\t\t\t\t<gw:TotalSizeInBytes>784</gw:TotalSizeInBytes>\n\t\t\t\t\t\t<gw:AverageSizeInBytes>32</gw:AverageSizeInBytes>\n\t\t\t\t\t\t<gw:MinSizeInBytes>5</gw:MinSizeInBytes>\n\t\t\t\t\t\t<gw:MaxSizeInBytes>114</gw:MaxSizeInBytes>\n\t\t\t\t\t</gw:ContentItem>\n\t\t\t\t</gw:ContentItems>\n\t\t\t\t<gw:SanitisationItems itemCount=\"0\" />\n\t\t\t\t<gw:RemedyItems itemCount=\"4\">\n\t\t\t\t\t<gw:RemedyItem>\n\t\t\t\t\t\t<gw:TechnicalDescription>Regenerated PDF Stream Instances</gw:TechnicalDescription>\n\t\t\t\t\t\t<gw:InstanceCount>103</gw:InstanceCount>\n\t\t\t\t\t</gw:RemedyItem>\n\t\t\t\t\t<gw:RemedyItem>\n\t\t\t\t\t\t<gw:TechnicalDescription>Sanitized PDF Stream Length Instances</gw:TechnicalDescription>\n\t\t\t\t\t\t<gw:InstanceCount>103</gw:InstanceCount>\n\t\t\t\t\t</gw:RemedyItem>\n\t\t\t\t\t<gw:RemedyItem>\n\t\t\t\t\t\t<gw:TechnicalDescription>Token tree instances removed.</gw:TechnicalDescription>\n\t\t\t\t\t\t<gw:InstanceCount>1</gw:InstanceCount>\n\t\t\t\t\t</gw:RemedyItem>\n\t\t\t\t\t<gw:RemedyItem>\n\t\t\t\t\t\t<gw:TechnicalDescription>Unreferenced Data Instances Removed</gw:TechnicalDescription>\n\t\t\t\t\t\t<gw:InstanceCount>4</gw:InstanceCount>\n\t\t\t\t\t</gw:RemedyItem>\n\t\t\t\t</gw:RemedyItems>\n\t\t\t\t<gw:IssueItems itemCount=\"0\" />\n\t\t\t</gw:ContentGroup>\n\t\t\t<gw:ContentGroup>\n\t\t\t\t<gw:BriefDescription>PDF document has Content Stream Structure instances</gw:BriefDescription>\n\t\t\t\t<gw:ContentItems itemCount=\"1\">\n\t\t\t\t\t<gw:ContentItem>\n\t\t\t\t\t\t<gw:TechnicalDescription>Content Stream Structure</gw:TechnicalDescription>\n\t\t\t\t\t\t<gw:InstanceCount>71</gw:InstanceCount>\n\t\t\t\t\t\t<gw:TotalSizeInBytes>63492</gw:TotalSizeInBytes>\n\t\t\t\t\t\t<gw:AverageSizeInBytes>894</gw:AverageSizeInBytes>\n\t\t\t\t\t\t<gw:MinSizeInBytes>56</gw:MinSizeInBytes>\n\t\t\t\t\t\t<gw:MaxSizeInBytes>4131</gw:MaxSizeInBytes>\n\t\t\t\t\t</gw:ContentItem>\n\t\t\t\t</gw:ContentItems>\n\t\t\t\t<gw:SanitisationItems itemCount=\"0\" />\n\t\t\t\t<gw:RemedyItems itemCount=\"0\" />\n\t\t\t\t<gw:IssueItems itemCount=\"0\" />\n\t\t\t</gw:ContentGroup>\n\t\t\t<gw:ContentGroup>\n\t\t\t\t<gw:BriefDescription>PDF document has Indirect Object Structure instances</gw:BriefDescription>\n\t\t\t\t<gw:ContentItems itemCount=\"1\">\n\t\t\t\t\t<gw:ContentItem>\n\t\t\t\t\t\t<gw:TechnicalDescription>Indirect Object</gw:TechnicalDescription>\n\t\t\t\t\t\t<gw:InstanceCount>2722</gw:InstanceCount>\n\t\t\t\t\t\t<gw:TotalSizeInBytes>0</gw:TotalSizeInBytes>\n\t\t\t\t\t\t<gw:AverageSizeInBytes>0</gw:AverageSizeInBytes>\n\t\t\t\t\t\t<gw:MinSizeInBytes>0</gw:MinSizeInBytes>\n\t\t\t\t\t\t<gw:MaxSizeInBytes>0</gw:MaxSizeInBytes>\n\t\t\t\t\t</gw:ContentItem>\n\t\t\t\t</gw:ContentItems>\n\t\t\t\t<gw:SanitisationItems itemCount=\"0\" />\n\t\t\t\t<gw:RemedyItems itemCount=\"1\">\n\t\t\t\t\t<gw:RemedyItem>\n\t\t\t\t\t\t<gw:TechnicalDescription>Did not find a space after a PDF indirect object number.</gw:TechnicalDescription>\n\t\t\t\t\t\t<gw:InstanceCount>5438</gw:InstanceCount>\n\t\t\t\t\t</gw:RemedyItem>\n\t\t\t\t</gw:RemedyItems>\n\t\t\t\t<gw:IssueItems itemCount=\"1\">\n\t\t\t\t\t<gw:IssueItem>\n\t\t\t\t\t\t<gw:TechnicalDescription> Expect to find a space after indirect object number. Found 0x0a instead</gw:TechnicalDescription>\n\t\t\t\t\t\t<gw:IssueId>185008431</gw:IssueId>\n\t\t\t\t\t\t<gw:InstanceCount>1</gw:InstanceCount>\n\t\t\t\t\t\t<gw:RiskLevel>Medium</gw:RiskLevel>\n\t\t\t\t\t</gw:IssueItem>\n\t\t\t\t</gw:IssueItems>\n\t\t\t</gw:ContentGroup>\n\t\t\t<gw:ContentGroup>\n\t\t\t\t<gw:BriefDescription>PDF document has embedded image DCT Filter Stream instances</gw:BriefDescription>\n\t\t\t\t<gw:ContentItems itemCount=\"1\">\n\t\t\t\t\t<gw:ContentItem>\n\t\t\t\t\t\t<gw:TechnicalDescription>DCT Filter Stream Instance</gw:TechnicalDescription>\n\t\t\t\t\t\t<gw:InstanceCount>206</gw:InstanceCount>\n\t\t\t\t\t\t<gw:TotalSizeInBytes>19245574</gw:TotalSizeInBytes>\n\t\t\t\t\t\t<gw:AverageSizeInBytes>93425</gw:AverageSizeInBytes>\n\t\t\t\t\t\t<gw:MinSizeInBytes>5746</gw:MinSizeInBytes>\n\t\t\t\t\t\t<gw:MaxSizeInBytes>489764</gw:MaxSizeInBytes>\n\t\t\t\t\t</gw:ContentItem>\n\t\t\t\t</gw:ContentItems>\n\t\t\t\t<gw:SanitisationItems itemCount=\"0\" />\n\t\t\t\t<gw:RemedyItems itemCount=\"1\">\n\t\t\t\t\t<gw:RemedyItem>\n\t\t\t\t\t\t<gw:TechnicalDescription>Remedial work carried out on image</gw:TechnicalDescription>\n\t\t\t\t\t\t<gw:InstanceCount>103</gw:InstanceCount>\n\t\t\t\t\t</gw:RemedyItem>\n\t\t\t\t</gw:RemedyItems>\n\t\t\t\t<gw:IssueItems itemCount=\"0\" />\n\t\t\t</gw:ContentGroup>\n\t\t\t<gw:ContentGroup>\n\t\t\t\t<gw:BriefDescription>PDF document has embedded Huffman Filter Stream instances</gw:BriefDescription>\n\t\t\t\t<gw:ContentItems itemCount=\"1\">\n\t\t\t\t\t<gw:ContentItem>\n\t\t\t\t\t\t<gw:TechnicalDescription>Embedded Huffman Filter Stream</gw:TechnicalDescription>\n\t\t\t\t\t\t<gw:InstanceCount>70</gw:InstanceCount>\n\t\t\t\t\t\t<gw:TotalSizeInBytes>63436</gw:TotalSizeInBytes>\n\t\t\t\t\t\t<gw:AverageSizeInBytes>906</gw:AverageSizeInBytes>\n\t\t\t\t\t\t<gw:MinSizeInBytes>564</gw:MinSizeInBytes>\n\t\t\t\t\t\t<gw:MaxSizeInBytes>4131</gw:MaxSizeInBytes>\n\t\t\t\t\t</gw:ContentItem>\n\t\t\t\t</gw:ContentItems>\n\t\t\t\t<gw:SanitisationItems itemCount=\"0\" />\n\t\t\t\t<gw:RemedyItems itemCount=\"0\" />\n\t\t\t\t<gw:IssueItems itemCount=\"0\" />\n\t\t\t</gw:ContentGroup>\n\t\t\t<gw:ContentGroup>\n\t\t\t\t<gw:BriefDescription>PDF document has Standard Font Data Instances</gw:BriefDescription>\n\t\t\t\t<gw:ContentItems itemCount=\"7\">\n\t\t\t\t\t<gw:ContentItem>\n\t\t\t\t\t\t<gw:TechnicalDescription>/Helvetica</gw:TechnicalDescription>\n\t\t\t\t\t\t<gw:InstanceCount>1</gw:InstanceCount>\n\t\t\t\t\t\t<gw:TotalSizeInBytes>380</gw:TotalSizeInBytes>\n\t\t\t\t\t\t<gw:AverageSizeInBytes>380</gw:AverageSizeInBytes>\n\t\t\t\t\t\t<gw:MinSizeInBytes>380</gw:MinSizeInBytes>\n\t\t\t\t\t\t<gw:MaxSizeInBytes>380</gw:MaxSizeInBytes>\n\t\t\t\t\t</gw:ContentItem>\n\t\t\t\t\t<gw:ContentItem>\n\t\t\t\t\t\t<gw:TechnicalDescription>CID Font Array Instances</gw:TechnicalDescription>\n\t\t\t\t\t\t<gw:InstanceCount>8</gw:InstanceCount>\n\t\t\t\t\t\t<gw:TotalSizeInBytes>3169</gw:TotalSizeInBytes>\n\t\t\t\t\t\t<gw:AverageSizeInBytes>396</gw:AverageSizeInBytes>\n\t\t\t\t\t\t<gw:MinSizeInBytes>227</gw:MinSizeInBytes>\n\t\t\t\t\t\t<gw:MaxSizeInBytes>570</gw:MaxSizeInBytes>\n\t\t\t\t\t</gw:ContentItem>\n\t\t\t\t\t<gw:ContentItem>\n\t\t\t\t\t\t<gw:TechnicalDescription>CID Font Instances</gw:TechnicalDescription>\n\t\t\t\t\t\t<gw:InstanceCount>8</gw:InstanceCount>\n\t\t\t\t\t\t<gw:TotalSizeInBytes>3169</gw:TotalSizeInBytes>\n\t\t\t\t\t\t<gw:AverageSizeInBytes>396</gw:AverageSizeInBytes>\n\t\t\t\t\t\t<gw:MinSizeInBytes>227</gw:MinSizeInBytes>\n\t\t\t\t\t\t<gw:MaxSizeInBytes>570</gw:MaxSizeInBytes>\n\t\t\t\t\t</gw:ContentItem>\n\t\t\t\t\t<gw:ContentItem>\n\t\t\t\t\t\t<gw:TechnicalDescription>Direct Font Instances</gw:TechnicalDescription>\n\t\t\t\t\t\t<gw:InstanceCount>17</gw:InstanceCount>\n\t\t\t\t\t\t<gw:TotalSizeInBytes>4710</gw:TotalSizeInBytes>\n\t\t\t\t\t\t<gw:AverageSizeInBytes>277</gw:AverageSizeInBytes>\n\t\t\t\t\t\t<gw:MinSizeInBytes>140</gw:MinSizeInBytes>\n\t\t\t\t\t\t<gw:MaxSizeInBytes>570</gw:MaxSizeInBytes>\n\t\t\t\t\t</gw:ContentItem>\n\t\t\t\t\t<gw:ContentItem>\n\t\t\t\t\t\t<gw:TechnicalDescription>Font Array Instances</gw:TechnicalDescription>\n\t\t\t\t\t\t<gw:InstanceCount>8</gw:InstanceCount>\n\t\t\t\t\t\t<gw:TotalSizeInBytes>1161</gw:TotalSizeInBytes>\n\t\t\t\t\t\t<gw:AverageSizeInBytes>145</gw:AverageSizeInBytes>\n\t\t\t\t\t\t<gw:MinSizeInBytes>140</gw:MinSizeInBytes>\n\t\t\t\t\t\t<gw:MaxSizeInBytes>149</gw:MaxSizeInBytes>\n\t\t\t\t\t</gw:ContentItem>\n\t\t\t\t\t<gw:ContentItem>\n\t\t\t\t\t\t<gw:TechnicalDescription>Type 0 Font Instances</gw:TechnicalDescription>\n\t\t\t\t\t\t<gw:InstanceCount>8</gw:InstanceCount>\n\t\t\t\t\t\t<gw:TotalSizeInBytes>1161</gw:TotalSizeInBytes>\n\t\t\t\t\t\t<gw:AverageSizeInBytes>145</gw:AverageSizeInBytes>\n\t\t\t\t\t\t<gw:MinSizeInBytes>140</gw:MinSizeInBytes>\n\t\t\t\t\t\t<gw:MaxSizeInBytes>149</gw:MaxSizeInBytes>\n\t\t\t\t\t</gw:ContentItem>\n\t\t\t\t\t<gw:ContentItem>\n\t\t\t\t\t\t<gw:TechnicalDescription>Type 1 Font Instances</gw:TechnicalDescription>\n\t\t\t\t\t\t<gw:InstanceCount>1</gw:InstanceCount>\n\t\t\t\t\t\t<gw:TotalSizeInBytes>380</gw:TotalSizeInBytes>\n\t\t\t\t\t\t<gw:AverageSizeInBytes>380</gw:AverageSizeInBytes>\n\t\t\t\t\t\t<gw:MinSizeInBytes>380</gw:MinSizeInBytes>\n\t\t\t\t\t\t<gw:MaxSizeInBytes>380</gw:MaxSizeInBytes>\n\t\t\t\t\t</gw:ContentItem>\n\t\t\t\t</gw:ContentItems>\n\t\t\t\t<gw:SanitisationItems itemCount=\"0\" />\n\t\t\t\t<gw:RemedyItems itemCount=\"0\" />\n\t\t\t\t<gw:IssueItems itemCount=\"0\" />\n\t\t\t</gw:ContentGroup>\n\t\t\t<gw:ContentGroup>\n\t\t\t\t<gw:BriefDescription>PDF document has Resource Data Instances</gw:BriefDescription>\n\t\t\t\t<gw:ContentItems itemCount=\"3\">\n\t\t\t\t\t<gw:ContentItem>\n\t\t\t\t\t\t<gw:TechnicalDescription>Inheritable Resource Instances</gw:TechnicalDescription>\n\t\t\t\t\t\t<gw:InstanceCount>72</gw:InstanceCount>\n\t\t\t\t\t\t<gw:TotalSizeInBytes>12562</gw:TotalSizeInBytes>\n\t\t\t\t\t\t<gw:AverageSizeInBytes>174</gw:AverageSizeInBytes>\n\t\t\t\t\t\t<gw:MinSizeInBytes>161</gw:MinSizeInBytes>\n\t\t\t\t\t\t<gw:MaxSizeInBytes>597</gw:MaxSizeInBytes>\n\t\t\t\t\t</gw:ContentItem>\n\t\t\t\t\t<gw:ContentItem>\n\t\t\t\t\t\t<gw:TechnicalDescription>Inherited Resource Array Element Instances</gw:TechnicalDescription>\n\t\t\t\t\t\t<gw:InstanceCount>9102</gw:InstanceCount>\n\t\t\t\t\t\t<gw:TotalSizeInBytes>20185365</gw:TotalSizeInBytes>\n\t\t\t\t\t\t<gw:AverageSizeInBytes>2217</gw:AverageSizeInBytes>\n\t\t\t\t\t\t<gw:MinSizeInBytes>161</gw:MinSizeInBytes>\n\t\t\t\t\t\t<gw:MaxSizeInBytes>2234</gw:MaxSizeInBytes>\n\t\t\t\t\t</gw:ContentItem>\n\t\t\t\t\t<gw:ContentItem>\n\t\t\t\t\t\t<gw:TechnicalDescription>Resource Dictionary Instances</gw:TechnicalDescription>\n\t\t\t\t\t\t<gw:InstanceCount>71</gw:InstanceCount>\n\t\t\t\t\t\t<gw:TotalSizeInBytes>11965</gw:TotalSizeInBytes>\n\t\t\t\t\t\t<gw:AverageSizeInBytes>168</gw:AverageSizeInBytes>\n\t\t\t\t\t\t<gw:MinSizeInBytes>161</gw:MinSizeInBytes>\n\t\t\t\t\t\t<gw:MaxSizeInBytes>380</gw:MaxSizeInBytes>\n\t\t\t\t\t</gw:ContentItem>\n\t\t\t\t</gw:ContentItems>\n\t\t\t\t<gw:SanitisationItems itemCount=\"0\" />\n\t\t\t\t<gw:RemedyItems itemCount=\"0\" />\n\t\t\t\t<gw:IssueItems itemCount=\"0\" />\n\t\t\t</gw:ContentGroup>\n\t\t\t<gw:ContentGroup>\n\t\t\t\t<gw:BriefDescription>PDF document has Function Data Instances</gw:BriefDescription>\n\t\t\t\t<gw:ContentItems itemCount=\"9\">\n\t\t\t\t\t<gw:ContentItem>\n\t\t\t\t\t\t<gw:TechnicalDescription>Common Function Dictionary Key Instances</gw:TechnicalDescription>\n\t\t\t\t\t\t<gw:InstanceCount>36</gw:InstanceCount>\n\t\t\t\t\t\t<gw:TotalSizeInBytes>19800</gw:TotalSizeInBytes>\n\t\t\t\t\t\t<gw:AverageSizeInBytes>550</gw:AverageSizeInBytes>\n\t\t\t\t\t\t<gw:MinSizeInBytes>550</gw:MinSizeInBytes>\n\t\t\t\t\t\t<gw:MaxSizeInBytes>550</gw:MaxSizeInBytes>\n\t\t\t\t\t</gw:ContentItem>\n\t\t\t\t\t<gw:ContentItem>\n\t\t\t\t\t\t<gw:TechnicalDescription>Function Array Instances</gw:TechnicalDescription>\n\t\t\t\t\t\t<gw:InstanceCount>12</gw:InstanceCount>\n\t\t\t\t\t\t<gw:TotalSizeInBytes>6600</gw:TotalSizeInBytes>\n\t\t\t\t\t\t<gw:AverageSizeInBytes>550</gw:AverageSizeInBytes>\n\t\t\t\t\t\t<gw:MinSizeInBytes>550</gw:MinSizeInBytes>\n\t\t\t\t\t\t<gw:MaxSizeInBytes>550</gw:MaxSizeInBytes>\n\t\t\t\t\t</gw:ContentItem>\n\t\t\t\t\t<gw:ContentItem>\n\t\t\t\t\t\t<gw:TechnicalDescription>Function C0 Instances</gw:TechnicalDescription>\n\t\t\t\t\t\t<gw:InstanceCount>24</gw:InstanceCount>\n\t\t\t\t\t\t<gw:TotalSizeInBytes>13200</gw:TotalSizeInBytes>\n\t\t\t\t\t\t<gw:AverageSizeInBytes>550</gw:AverageSizeInBytes>\n\t\t\t\t\t\t<gw:MinSizeInBytes>550</gw:MinSizeInBytes>\n\t\t\t\t\t\t<gw:MaxSizeInBytes>550</gw:MaxSizeInBytes>\n\t\t\t\t\t</gw:ContentItem>\n\t\t\t\t\t<gw:ContentItem>\n\t\t\t\t\t\t<gw:TechnicalDescription>Function C1 Instances</gw:TechnicalDescription>\n\t\t\t\t\t\t<gw:InstanceCount>24</gw:InstanceCount>\n\t\t\t\t\t\t<gw:TotalSizeInBytes>13200</gw:TotalSizeInBytes>\n\t\t\t\t\t\t<gw:AverageSizeInBytes>550</gw:AverageSizeInBytes>\n\t\t\t\t\t\t<gw:MinSizeInBytes>550</gw:MinSizeInBytes>\n\t\t\t\t\t\t<gw:MaxSizeInBytes>550</gw:MaxSizeInBytes>\n\t\t\t\t\t</gw:ContentItem>\n\t\t\t\t\t<gw:ContentItem>\n\t\t\t\t\t\t<gw:TechnicalDescription>Function Domain Instances</gw:TechnicalDescription>\n\t\t\t\t\t\t<gw:InstanceCount>36</gw:InstanceCount>\n\t\t\t\t\t\t<gw:TotalSizeInBytes>19800</gw:TotalSizeInBytes>\n\t\t\t\t\t\t<gw:AverageSizeInBytes>550</gw:AverageSizeInBytes>\n\t\t\t\t\t\t<gw:MinSizeInBytes>550</gw:MinSizeInBytes>\n\t\t\t\t\t\t<gw:MaxSizeInBytes>550</gw:MaxSizeInBytes>\n\t\t\t\t\t</gw:ContentItem>\n\t\t\t\t\t<gw:ContentItem>\n\t\t\t\t\t\t<gw:TechnicalDescription>Function Encode Instances</gw:TechnicalDescription>\n\t\t\t\t\t\t<gw:InstanceCount>12</gw:InstanceCount>\n\t\t\t\t\t\t<gw:TotalSizeInBytes>6600</gw:TotalSizeInBytes>\n\t\t\t\t\t\t<gw:AverageSizeInBytes>550</gw:AverageSizeInBytes>\n\t\t\t\t\t\t<gw:MinSizeInBytes>550</gw:MinSizeInBytes>\n\t\t\t\t\t\t<gw:MaxSizeInBytes>550</gw:MaxSizeInBytes>\n\t\t\t\t\t</gw:ContentItem>\n\t\t\t\t\t<gw:ContentItem>\n\t\t\t\t\t\t<gw:TechnicalDescription>Function Instances</gw:TechnicalDescription>\n\t\t\t\t\t\t<gw:InstanceCount>36</gw:InstanceCount>\n\t\t\t\t\t\t<gw:TotalSizeInBytes>19800</gw:TotalSizeInBytes>\n\t\t\t\t\t\t<gw:AverageSizeInBytes>550</gw:AverageSizeInBytes>\n\t\t\t\t\t\t<gw:MinSizeInBytes>550</gw:MinSizeInBytes>\n\t\t\t\t\t\t<gw:MaxSizeInBytes>550</gw:MaxSizeInBytes>\n\t\t\t\t\t</gw:ContentItem>\n\t\t\t\t\t<gw:ContentItem>\n\t\t\t\t\t\t<gw:TechnicalDescription>Function Range Instances</gw:TechnicalDescription>\n\t\t\t\t\t\t<gw:InstanceCount>36</gw:InstanceCount>\n\t\t\t\t\t\t<gw:TotalSizeInBytes>19800</gw:TotalSizeInBytes>\n\t\t\t\t\t\t<gw:AverageSizeInBytes>550</gw:AverageSizeInBytes>\n\t\t\t\t\t\t<gw:MinSizeInBytes>550</gw:MinSizeInBytes>\n\t\t\t\t\t\t<gw:MaxSizeInBytes>550</gw:MaxSizeInBytes>\n\t\t\t\t\t</gw:ContentItem>\n\t\t\t\t\t<gw:ContentItem>\n\t\t\t\t\t\t<gw:TechnicalDescription>Type 3 Stitching Function Instances</gw:TechnicalDescription>\n\t\t\t\t\t\t<gw:InstanceCount>12</gw:InstanceCount>\n\t\t\t\t\t\t<gw:TotalSizeInBytes>6600</gw:TotalSizeInBytes>\n\t\t\t\t\t\t<gw:AverageSizeInBytes>550</gw:AverageSizeInBytes>\n\t\t\t\t\t\t<gw:MinSizeInBytes>550</gw:MinSizeInBytes>\n\t\t\t\t\t\t<gw:MaxSizeInBytes>550</gw:MaxSizeInBytes>\n\t\t\t\t\t</gw:ContentItem>\n\t\t\t\t</gw:ContentItems>\n\t\t\t\t<gw:SanitisationItems itemCount=\"0\" />\n\t\t\t\t<gw:RemedyItems itemCount=\"0\" />\n\t\t\t\t<gw:IssueItems itemCount=\"0\" />\n\t\t\t</gw:ContentGroup>\n\t\t\t<gw:ContentGroup>\n\t\t\t\t<gw:BriefDescription>PDF document has Graphic Content Stream Instances</gw:BriefDescription>\n\t\t\t\t<gw:ContentItems itemCount=\"3\">\n\t\t\t\t\t<gw:ContentItem>\n\t\t\t\t\t\t<gw:TechnicalDescription>Content Page or Form XObject Instances</gw:TechnicalDescription>\n\t\t\t\t\t\t<gw:InstanceCount>70</gw:InstanceCount>\n\t\t\t\t\t\t<gw:TotalSizeInBytes>11585</gw:TotalSizeInBytes>\n\t\t\t\t\t\t<gw:AverageSizeInBytes>165</gw:AverageSizeInBytes>\n\t\t\t\t\t\t<gw:MinSizeInBytes>161</gw:MinSizeInBytes>\n\t\t\t\t\t\t<gw:MaxSizeInBytes>166</gw:MaxSizeInBytes>\n\t\t\t\t\t</gw:ContentItem>\n\t\t\t\t\t<gw:ContentItem>\n\t\t\t\t\t\t<gw:TechnicalDescription>Content Stream Instances</gw:TechnicalDescription>\n\t\t\t\t\t\t<gw:InstanceCount>71</gw:InstanceCount>\n\t\t\t\t\t\t<gw:TotalSizeInBytes>68774</gw:TotalSizeInBytes>\n\t\t\t\t\t\t<gw:AverageSizeInBytes>968</gw:AverageSizeInBytes>\n\t\t\t\t\t\t<gw:MinSizeInBytes>380</gw:MinSizeInBytes>\n\t\t\t\t\t\t<gw:MaxSizeInBytes>4201</gw:MaxSizeInBytes>\n\t\t\t\t\t</gw:ContentItem>\n\t\t\t\t\t<gw:ContentItem>\n\t\t\t\t\t\t<gw:TechnicalDescription>Content Stream Operator Instances</gw:TechnicalDescription>\n\t\t\t\t\t\t<gw:InstanceCount>20928</gw:InstanceCount>\n\t\t\t\t\t\t<gw:TotalSizeInBytes>28214</gw:TotalSizeInBytes>\n\t\t\t\t\t\t<gw:AverageSizeInBytes>1</gw:AverageSizeInBytes>\n\t\t\t\t\t\t<gw:MinSizeInBytes>1</gw:MinSizeInBytes>\n\t\t\t\t\t\t<gw:MaxSizeInBytes>3</gw:MaxSizeInBytes>\n\t\t\t\t\t</gw:ContentItem>\n\t\t\t\t</gw:ContentItems>\n\t\t\t\t<gw:SanitisationItems itemCount=\"0\" />\n\t\t\t\t<gw:RemedyItems itemCount=\"0\" />\n\t\t\t\t<gw:IssueItems itemCount=\"0\" />\n\t\t\t</gw:ContentGroup>\n\t\t\t<gw:ContentGroup>\n\t\t\t\t<gw:BriefDescription>PDF document has Page Tree Data Instances</gw:BriefDescription>\n\t\t\t\t<gw:ContentItems itemCount=\"4\">\n\t\t\t\t\t<gw:ContentItem>\n\t\t\t\t\t\t<gw:TechnicalDescription>Page Object Parent Instances</gw:TechnicalDescription>\n\t\t\t\t\t\t<gw:InstanceCount>70</gw:InstanceCount>\n\t\t\t\t\t\t<gw:TotalSizeInBytes>350</gw:TotalSizeInBytes>\n\t\t\t\t\t\t<gw:AverageSizeInBytes>5</gw:AverageSizeInBytes>\n\t\t\t\t\t\t<gw:MinSizeInBytes>5</gw:MinSizeInBytes>\n\t\t\t\t\t\t<gw:MaxSizeInBytes>5</gw:MaxSizeInBytes>\n\t\t\t\t\t</gw:ContentItem>\n\t\t\t\t\t<gw:ContentItem>\n\t\t\t\t\t\t<gw:TechnicalDescription>Page Tree Instances</gw:TechnicalDescription>\n\t\t\t\t\t\t<gw:InstanceCount>71</gw:InstanceCount>\n\t\t\t\t\t\t<gw:TotalSizeInBytes>142</gw:TotalSizeInBytes>\n\t\t\t\t\t\t<gw:AverageSizeInBytes>2</gw:AverageSizeInBytes>\n\t\t\t\t\t\t<gw:MinSizeInBytes>2</gw:MinSizeInBytes>\n\t\t\t\t\t\t<gw:MaxSizeInBytes>2</gw:MaxSizeInBytes>\n\t\t\t\t\t</gw:ContentItem>\n\t\t\t\t\t<gw:ContentItem>\n\t\t\t\t\t\t<gw:TechnicalDescription>Page Tree Kids Array Instances</gw:TechnicalDescription>\n\t\t\t\t\t\t<gw:InstanceCount>1</gw:InstanceCount>\n\t\t\t\t\t\t<gw:TotalSizeInBytes>597</gw:TotalSizeInBytes>\n\t\t\t\t\t\t<gw:AverageSizeInBytes>597</gw:AverageSizeInBytes>\n\t\t\t\t\t\t<gw:MinSizeInBytes>597</gw:MinSizeInBytes>\n\t\t\t\t\t\t<gw:MaxSizeInBytes>597</gw:MaxSizeInBytes>\n\t\t\t\t\t</gw:ContentItem>\n\t\t\t\t\t<gw:ContentItem>\n\t\t\t\t\t\t<gw:TechnicalDescription>Page Tree Node Instances</gw:TechnicalDescription>\n\t\t\t\t\t\t<gw:InstanceCount>1</gw:InstanceCount>\n\t\t\t\t\t\t<gw:TotalSizeInBytes>597</gw:TotalSizeInBytes>\n\t\t\t\t\t\t<gw:AverageSizeInBytes>597</gw:AverageSizeInBytes>\n\t\t\t\t\t\t<gw:MinSizeInBytes>597</gw:MinSizeInBytes>\n\t\t\t\t\t\t<gw:MaxSizeInBytes>597</gw:MaxSizeInBytes>\n\t\t\t\t\t</gw:ContentItem>\n\t\t\t\t</gw:ContentItems>\n\t\t\t\t<gw:SanitisationItems itemCount=\"0\" />\n\t\t\t\t<gw:RemedyItems itemCount=\"0\" />\n\t\t\t\t<gw:IssueItems itemCount=\"0\" />\n\t\t\t</gw:ContentGroup>\n\t\t\t<gw:ContentGroup>\n\t\t\t\t<gw:BriefDescription>PDF document has Annotations Data Instances</gw:BriefDescription>\n\t\t\t\t<gw:ContentItems itemCount=\"6\">\n\t\t\t\t\t<gw:ContentItem>\n\t\t\t\t\t\t<gw:TechnicalDescription>Action Instances in Link Annotations.</gw:TechnicalDescription>\n\t\t\t\t\t\t<gw:InstanceCount>7</gw:InstanceCount>\n\t\t\t\t\t\t<gw:TotalSizeInBytes>8946</gw:TotalSizeInBytes>\n\t\t\t\t\t\t<gw:AverageSizeInBytes>1278</gw:AverageSizeInBytes>\n\t\t\t\t\t\t<gw:MinSizeInBytes>198</gw:MinSizeInBytes>\n\t\t\t\t\t\t<gw:MaxSizeInBytes>1458</gw:MaxSizeInBytes>\n\t\t\t\t\t</gw:ContentItem>\n\t\t\t\t\t<gw:ContentItem>\n\t\t\t\t\t\t<gw:TechnicalDescription>Annotation Array Instances</gw:TechnicalDescription>\n\t\t\t\t\t\t<gw:InstanceCount>70</gw:InstanceCount>\n\t\t\t\t\t\t<gw:TotalSizeInBytes>11585</gw:TotalSizeInBytes>\n\t\t\t\t\t\t<gw:AverageSizeInBytes>165</gw:AverageSizeInBytes>\n\t\t\t\t\t\t<gw:MinSizeInBytes>161</gw:MinSizeInBytes>\n\t\t\t\t\t\t<gw:MaxSizeInBytes>166</gw:MaxSizeInBytes>\n\t\t\t\t\t</gw:ContentItem>\n\t\t\t\t\t<gw:ContentItem>\n\t\t\t\t\t\t<gw:TechnicalDescription>Annotation Border Instances</gw:TechnicalDescription>\n\t\t\t\t\t\t<gw:InstanceCount>7</gw:InstanceCount>\n\t\t\t\t\t\t<gw:TotalSizeInBytes>8946</gw:TotalSizeInBytes>\n\t\t\t\t\t\t<gw:AverageSizeInBytes>1278</gw:AverageSizeInBytes>\n\t\t\t\t\t\t<gw:MinSizeInBytes>198</gw:MinSizeInBytes>\n\t\t\t\t\t\t<gw:MaxSizeInBytes>1458</gw:MaxSizeInBytes>\n\t\t\t\t\t</gw:ContentItem>\n\t\t\t\t\t<gw:ContentItem>\n\t\t\t\t\t\t<gw:TechnicalDescription>Annotation Common Field Instances</gw:TechnicalDescription>\n\t\t\t\t\t\t<gw:InstanceCount>7</gw:InstanceCount>\n\t\t\t\t\t\t<gw:TotalSizeInBytes>8946</gw:TotalSizeInBytes>\n\t\t\t\t\t\t<gw:AverageSizeInBytes>1278</gw:AverageSizeInBytes>\n\t\t\t\t\t\t<gw:MinSizeInBytes>198</gw:MinSizeInBytes>\n\t\t\t\t\t\t<gw:MaxSizeInBytes>1458</gw:MaxSizeInBytes>\n\t\t\t\t\t</gw:ContentItem>\n\t\t\t\t\t<gw:ContentItem>\n\t\t\t\t\t\t<gw:TechnicalDescription>Annotation Dictionary Instances</gw:TechnicalDescription>\n\t\t\t\t\t\t<gw:InstanceCount>7</gw:InstanceCount>\n\t\t\t\t\t\t<gw:TotalSizeInBytes>8946</gw:TotalSizeInBytes>\n\t\t\t\t\t\t<gw:AverageSizeInBytes>1278</gw:AverageSizeInBytes>\n\t\t\t\t\t\t<gw:MinSizeInBytes>198</gw:MinSizeInBytes>\n\t\t\t\t\t\t<gw:MaxSizeInBytes>1458</gw:MaxSizeInBytes>\n\t\t\t\t\t</gw:ContentItem>\n\t\t\t\t\t<gw:ContentItem>\n\t\t\t\t\t\t<gw:TechnicalDescription>Link Annotation Dictionary Instances</gw:TechnicalDescription>\n\t\t\t\t\t\t<gw:InstanceCount>7</gw:InstanceCount>\n\t\t\t\t\t\t<gw:TotalSizeInBytes>8946</gw:TotalSizeInBytes>\n\t\t\t\t\t\t<gw:AverageSizeInBytes>1278</gw:AverageSizeInBytes>\n\t\t\t\t\t\t<gw:MinSizeInBytes>198</gw:MinSizeInBytes>\n\t\t\t\t\t\t<gw:MaxSizeInBytes>1458</gw:MaxSizeInBytes>\n\t\t\t\t\t</gw:ContentItem>\n\t\t\t\t</gw:ContentItems>\n\t\t\t\t<gw:SanitisationItems itemCount=\"1\">\n\t\t\t\t\t<gw:SanitisationItem>\n\t\t\t\t\t\t<gw:TechnicalDescription>Action of type /URI removed by content management policy.</gw:TechnicalDescription>\n\t\t\t\t\t\t<gw:SanitisationId>198508547</gw:SanitisationId>\n\t\t\t\t\t\t<gw:InstanceCount>7</gw:InstanceCount>\n\t\t\t\t\t\t<gw:TotalSizeInBytes>0</gw:TotalSizeInBytes>\n\t\t\t\t\t\t<gw:AverageSizeInBytes>0</gw:AverageSizeInBytes>\n\t\t\t\t\t\t<gw:MinSizeInBytes>0</gw:MinSizeInBytes>\n\t\t\t\t\t\t<gw:MaxSizeInBytes>0</gw:MaxSizeInBytes>\n\t\t\t\t\t</gw:SanitisationItem>\n\t\t\t\t</gw:SanitisationItems>\n\t\t\t\t<gw:RemedyItems itemCount=\"1\">\n\t\t\t\t\t<gw:RemedyItem>\n\t\t\t\t\t\t<gw:TechnicalDescription>Action associated with a link annotation was removed by content management.</gw:TechnicalDescription>\n\t\t\t\t\t\t<gw:InstanceCount>7</gw:InstanceCount>\n\t\t\t\t\t</gw:RemedyItem>\n\t\t\t\t</gw:RemedyItems>\n\t\t\t\t<gw:IssueItems itemCount=\"0\" />\n\t\t\t</gw:ContentGroup>\n\t\t\t<gw:ContentGroup>\n\t\t\t\t<gw:BriefDescription>PDF document has Colour Space Data Instances</gw:BriefDescription>\n\t\t\t\t<gw:ContentItems itemCount=\"2\">\n\t\t\t\t\t<gw:ContentItem>\n\t\t\t\t\t\t<gw:TechnicalDescription>Colour Space Instances</gw:TechnicalDescription>\n\t\t\t\t\t\t<gw:InstanceCount>204</gw:InstanceCount>\n\t\t\t\t\t\t<gw:TotalSizeInBytes>9830723</gw:TotalSizeInBytes>\n\t\t\t\t\t\t<gw:AverageSizeInBytes>48189</gw:AverageSizeInBytes>\n\t\t\t\t\t\t<gw:MinSizeInBytes>161</gw:MinSizeInBytes>\n\t\t\t\t\t\t<gw:MaxSizeInBytes>489935</gw:MaxSizeInBytes>\n\t\t\t\t\t</gw:ContentItem>\n\t\t\t\t\t<gw:ContentItem>\n\t\t\t\t\t\t<gw:TechnicalDescription>Direct Colour Space Instances</gw:TechnicalDescription>\n\t\t\t\t\t\t<gw:InstanceCount>204</gw:InstanceCount>\n\t\t\t\t\t\t<gw:TotalSizeInBytes>9830723</gw:TotalSizeInBytes>\n\t\t\t\t\t\t<gw:AverageSizeInBytes>48189</gw:AverageSizeInBytes>\n\t\t\t\t\t\t<gw:MinSizeInBytes>161</gw:MinSizeInBytes>\n\t\t\t\t\t\t<gw:MaxSizeInBytes>489935</gw:MaxSizeInBytes>\n\t\t\t\t\t</gw:ContentItem>\n\t\t\t\t</gw:ContentItems>\n\t\t\t\t<gw:SanitisationItems itemCount=\"0\" />\n\t\t\t\t<gw:RemedyItems itemCount=\"0\" />\n\t\t\t\t<gw:IssueItems itemCount=\"0\" />\n\t\t\t</gw:ContentGroup>\n\t\t\t<gw:ContentGroup>\n\t\t\t\t<gw:BriefDescription>PDF document has Pattern Data Instances</gw:BriefDescription>\n\t\t\t\t<gw:ContentItems itemCount=\"3\">\n\t\t\t\t\t<gw:ContentItem>\n\t\t\t\t\t\t<gw:TechnicalDescription>Direct Shading Pattern Instances</gw:TechnicalDescription>\n\t\t\t\t\t\t<gw:InstanceCount>12</gw:InstanceCount>\n\t\t\t\t\t\t<gw:TotalSizeInBytes>6600</gw:TotalSizeInBytes>\n\t\t\t\t\t\t<gw:AverageSizeInBytes>550</gw:AverageSizeInBytes>\n\t\t\t\t\t\t<gw:MinSizeInBytes>550</gw:MinSizeInBytes>\n\t\t\t\t\t\t<gw:MaxSizeInBytes>550</gw:MaxSizeInBytes>\n\t\t\t\t\t</gw:ContentItem>\n\t\t\t\t\t<gw:ContentItem>\n\t\t\t\t\t\t<gw:TechnicalDescription>Pattern Instances</gw:TechnicalDescription>\n\t\t\t\t\t\t<gw:InstanceCount>12</gw:InstanceCount>\n\t\t\t\t\t\t<gw:TotalSizeInBytes>26808</gw:TotalSizeInBytes>\n\t\t\t\t\t\t<gw:AverageSizeInBytes>2234</gw:AverageSizeInBytes>\n\t\t\t\t\t\t<gw:MinSizeInBytes>2234</gw:MinSizeInBytes>\n\t\t\t\t\t\t<gw:MaxSizeInBytes>2234</gw:MaxSizeInBytes>\n\t\t\t\t\t</gw:ContentItem>\n\t\t\t\t\t<gw:ContentItem>\n\t\t\t\t\t\t<gw:TechnicalDescription>Shading Pattern Instances</gw:TechnicalDescription>\n\t\t\t\t\t\t<gw:InstanceCount>12</gw:InstanceCount>\n\t\t\t\t\t\t<gw:TotalSizeInBytes>6600</gw:TotalSizeInBytes>\n\t\t\t\t\t\t<gw:AverageSizeInBytes>550</gw:AverageSizeInBytes>\n\t\t\t\t\t\t<gw:MinSizeInBytes>550</gw:MinSizeInBytes>\n\t\t\t\t\t\t<gw:MaxSizeInBytes>550</gw:MaxSizeInBytes>\n\t\t\t\t\t</gw:ContentItem>\n\t\t\t\t</gw:ContentItems>\n\t\t\t\t<gw:SanitisationItems itemCount=\"0\" />\n\t\t\t\t<gw:RemedyItems itemCount=\"0\" />\n\t\t\t\t<gw:IssueItems itemCount=\"0\" />\n\t\t\t</gw:ContentGroup>\n\t\t\t<gw:ContentGroup>\n\t\t\t\t<gw:BriefDescription>PDF document has Graphic State Data Instances</gw:BriefDescription>\n\t\t\t\t<gw:ContentItems itemCount=\"1\">\n\t\t\t\t\t<gw:ContentItem>\n\t\t\t\t\t\t<gw:TechnicalDescription>Graphic State Parameter Dictionary Instances</gw:TechnicalDescription>\n\t\t\t\t\t\t<gw:InstanceCount>3</gw:InstanceCount>\n\t\t\t\t\t\t<gw:TotalSizeInBytes>98</gw:TotalSizeInBytes>\n\t\t\t\t\t\t<gw:AverageSizeInBytes>32</gw:AverageSizeInBytes>\n\t\t\t\t\t\t<gw:MinSizeInBytes>28</gw:MinSizeInBytes>\n\t\t\t\t\t\t<gw:MaxSizeInBytes>38</gw:MaxSizeInBytes>\n\t\t\t\t\t</gw:ContentItem>\n\t\t\t\t</gw:ContentItems>\n\t\t\t\t<gw:SanitisationItems itemCount=\"0\" />\n\t\t\t\t<gw:RemedyItems itemCount=\"0\" />\n\t\t\t\t<gw:IssueItems itemCount=\"0\" />\n\t\t\t</gw:ContentGroup>\n\t\t\t<gw:ContentGroup>\n\t\t\t\t<gw:BriefDescription>PDF document has Common Supporting Data Instances</gw:BriefDescription>\n\t\t\t\t<gw:ContentItems itemCount=\"10\">\n\t\t\t\t\t<gw:ContentItem>\n\t\t\t\t\t\t<gw:TechnicalDescription>BBOX Rectangle Instances</gw:TechnicalDescription>\n\t\t\t\t\t\t<gw:InstanceCount>1</gw:InstanceCount>\n\t\t\t\t\t\t<gw:TotalSizeInBytes>380</gw:TotalSizeInBytes>\n\t\t\t\t\t\t<gw:AverageSizeInBytes>380</gw:AverageSizeInBytes>\n\t\t\t\t\t\t<gw:MinSizeInBytes>380</gw:MinSizeInBytes>\n\t\t\t\t\t\t<gw:MaxSizeInBytes>380</gw:MaxSizeInBytes>\n\t\t\t\t\t</gw:ContentItem>\n\t\t\t\t\t<gw:ContentItem>\n\t\t\t\t\t\t<gw:TechnicalDescription>Direct Dictionary Value</gw:TechnicalDescription>\n\t\t\t\t\t\t<gw:InstanceCount>3870</gw:InstanceCount>\n\t\t\t\t\t\t<gw:TotalSizeInBytes>22424</gw:TotalSizeInBytes>\n\t\t\t\t\t\t<gw:AverageSizeInBytes>5</gw:AverageSizeInBytes>\n\t\t\t\t\t\t<gw:MinSizeInBytes>1</gw:MinSizeInBytes>\n\t\t\t\t\t\t<gw:MaxSizeInBytes>114</gw:MaxSizeInBytes>\n\t\t\t\t\t</gw:ContentItem>\n\t\t\t\t\t<gw:ContentItem>\n\t\t\t\t\t\t<gw:TechnicalDescription>Extend Array Instances</gw:TechnicalDescription>\n\t\t\t\t\t\t<gw:InstanceCount>12</gw:InstanceCount>\n\t\t\t\t\t\t<gw:TotalSizeInBytes>6600</gw:TotalSizeInBytes>\n\t\t\t\t\t\t<gw:AverageSizeInBytes>550</gw:AverageSizeInBytes>\n\t\t\t\t\t\t<gw:MinSizeInBytes>550</gw:MinSizeInBytes>\n\t\t\t\t\t\t<gw:MaxSizeInBytes>550</gw:MaxSizeInBytes>\n\t\t\t\t\t</gw:ContentItem>\n\t\t\t\t\t<gw:ContentItem>\n\t\t\t\t\t\t<gw:TechnicalDescription>Glyph Rectangle Instances</gw:TechnicalDescription>\n\t\t\t\t\t\t<gw:InstanceCount>8</gw:InstanceCount>\n\t\t\t\t\t\t<gw:TotalSizeInBytes>1577</gw:TotalSizeInBytes>\n\t\t\t\t\t\t<gw:AverageSizeInBytes>197</gw:AverageSizeInBytes>\n\t\t\t\t\t\t<gw:MinSizeInBytes>192</gw:MinSizeInBytes>\n\t\t\t\t\t\t<gw:MaxSizeInBytes>202</gw:MaxSizeInBytes>\n\t\t\t\t\t</gw:ContentItem>\n\t\t\t\t\t<gw:ContentItem>\n\t\t\t\t\t\t<gw:TechnicalDescription>Group Attributes Dictionary Instances</gw:TechnicalDescription>\n\t\t\t\t\t\t<gw:InstanceCount>71</gw:InstanceCount>\n\t\t\t\t\t\t<gw:TotalSizeInBytes>11965</gw:TotalSizeInBytes>\n\t\t\t\t\t\t<gw:AverageSizeInBytes>168</gw:AverageSizeInBytes>\n\t\t\t\t\t\t<gw:MinSizeInBytes>161</gw:MinSizeInBytes>\n\t\t\t\t\t\t<gw:MaxSizeInBytes>380</gw:MaxSizeInBytes>\n\t\t\t\t\t</gw:ContentItem>\n\t\t\t\t\t<gw:ContentItem>\n\t\t\t\t\t\t<gw:TechnicalDescription>Known Dictionary</gw:TechnicalDescription>\n\t\t\t\t\t\t<gw:InstanceCount>554</gw:InstanceCount>\n\t\t\t\t\t\t<gw:TotalSizeInBytes>10211171</gw:TotalSizeInBytes>\n\t\t\t\t\t\t<gw:AverageSizeInBytes>18431</gw:AverageSizeInBytes>\n\t\t\t\t\t\t<gw:MinSizeInBytes>0</gw:MinSizeInBytes>\n\t\t\t\t\t\t<gw:MaxSizeInBytes>489935</gw:MaxSizeInBytes>\n\t\t\t\t\t</gw:ContentItem>\n\t\t\t\t\t<gw:ContentItem>\n\t\t\t\t\t\t<gw:TechnicalDescription>Numeric Array Instances</gw:TechnicalDescription>\n\t\t\t\t\t\t<gw:InstanceCount>85</gw:InstanceCount>\n\t\t\t\t\t\t<gw:TotalSizeInBytes>34856</gw:TotalSizeInBytes>\n\t\t\t\t\t\t<gw:AverageSizeInBytes>410</gw:AverageSizeInBytes>\n\t\t\t\t\t\t<gw:MinSizeInBytes>108</gw:MinSizeInBytes>\n\t\t\t\t\t\t<gw:MaxSizeInBytes>570</gw:MaxSizeInBytes>\n\t\t\t\t\t</gw:ContentItem>\n\t\t\t\t\t<gw:ContentItem>\n\t\t\t\t\t\t<gw:TechnicalDescription>Page Rectangle Instances</gw:TechnicalDescription>\n\t\t\t\t\t\t<gw:InstanceCount>77</gw:InstanceCount>\n\t\t\t\t\t\t<gw:TotalSizeInBytes>20531</gw:TotalSizeInBytes>\n\t\t\t\t\t\t<gw:AverageSizeInBytes>266</gw:AverageSizeInBytes>\n\t\t\t\t\t\t<gw:MinSizeInBytes>161</gw:MinSizeInBytes>\n\t\t\t\t\t\t<gw:MaxSizeInBytes>1458</gw:MaxSizeInBytes>\n\t\t\t\t\t</gw:ContentItem>\n\t\t\t\t\t<gw:ContentItem>\n\t\t\t\t\t\t<gw:TechnicalDescription>Rectangle Instances</gw:TechnicalDescription>\n\t\t\t\t\t\t<gw:InstanceCount>86</gw:InstanceCount>\n\t\t\t\t\t\t<gw:TotalSizeInBytes>22488</gw:TotalSizeInBytes>\n\t\t\t\t\t\t<gw:AverageSizeInBytes>261</gw:AverageSizeInBytes>\n\t\t\t\t\t\t<gw:MinSizeInBytes>161</gw:MinSizeInBytes>\n\t\t\t\t\t\t<gw:MaxSizeInBytes>1458</gw:MaxSizeInBytes>\n\t\t\t\t\t</gw:ContentItem>\n\t\t\t\t\t<gw:ContentItem>\n\t\t\t\t\t\t<gw:TechnicalDescription>Soft Mask Dictionary Instances</gw:TechnicalDescription>\n\t\t\t\t\t\t<gw:InstanceCount>19</gw:InstanceCount>\n\t\t\t\t\t\t<gw:TotalSizeInBytes>171031</gw:TotalSizeInBytes>\n\t\t\t\t\t\t<gw:AverageSizeInBytes>9001</gw:AverageSizeInBytes>\n\t\t\t\t\t\t<gw:MinSizeInBytes>1041</gw:MinSizeInBytes>\n\t\t\t\t\t\t<gw:MaxSizeInBytes>38774</gw:MaxSizeInBytes>\n\t\t\t\t\t</gw:ContentItem>\n\t\t\t\t</gw:ContentItems>\n\t\t\t\t<gw:SanitisationItems itemCount=\"0\" />\n\t\t\t\t<gw:RemedyItems itemCount=\"0\" />\n\t\t\t\t<gw:IssueItems itemCount=\"0\" />\n\t\t\t</gw:ContentGroup>\n\t\t\t<gw:ContentGroup>\n\t\t\t\t<gw:BriefDescription>PDF document has Name Tree Data Instances</gw:BriefDescription>\n\t\t\t\t<gw:ContentItems itemCount=\"2\">\n\t\t\t\t\t<gw:ContentItem>\n\t\t\t\t\t\t<gw:TechnicalDescription>Catalog Dictionary Names Dictionary</gw:TechnicalDescription>\n\t\t\t\t\t\t<gw:InstanceCount>1</gw:InstanceCount>\n\t\t\t\t\t\t<gw:TotalSizeInBytes>105</gw:TotalSizeInBytes>\n\t\t\t\t\t\t<gw:AverageSizeInBytes>105</gw:AverageSizeInBytes>\n\t\t\t\t\t\t<gw:MinSizeInBytes>105</gw:MinSizeInBytes>\n\t\t\t\t\t\t<gw:MaxSizeInBytes>105</gw:MaxSizeInBytes>\n\t\t\t\t\t</gw:ContentItem>\n\t\t\t\t\t<gw:ContentItem>\n\t\t\t\t\t\t<gw:TechnicalDescription>Catalog Names Tree Dictionary Instances</gw:TechnicalDescription>\n\t\t\t\t\t\t<gw:InstanceCount>1</gw:InstanceCount>\n\t\t\t\t\t\t<gw:TotalSizeInBytes>105</gw:TotalSizeInBytes>\n\t\t\t\t\t\t<gw:AverageSizeInBytes>105</gw:AverageSizeInBytes>\n\t\t\t\t\t\t<gw:MinSizeInBytes>105</gw:MinSizeInBytes>\n\t\t\t\t\t\t<gw:MaxSizeInBytes>105</gw:MaxSizeInBytes>\n\t\t\t\t\t</gw:ContentItem>\n\t\t\t\t</gw:ContentItems>\n\t\t\t\t<gw:SanitisationItems itemCount=\"0\" />\n\t\t\t\t<gw:RemedyItems itemCount=\"0\" />\n\t\t\t\t<gw:IssueItems itemCount=\"0\" />\n\t\t\t</gw:ContentGroup>\n\t\t\t<gw:ContentGroup>\n\t\t\t\t<gw:BriefDescription>PDF document has Number Tree Data Instances</gw:BriefDescription>\n\t\t\t\t<gw:ContentItems itemCount=\"3\">\n\t\t\t\t\t<gw:ContentItem>\n\t\t\t\t\t\t<gw:TechnicalDescription>PDF Document Page Label Instances</gw:TechnicalDescription>\n\t\t\t\t\t\t<gw:InstanceCount>1</gw:InstanceCount>\n\t\t\t\t\t\t<gw:TotalSizeInBytes>105</gw:TotalSizeInBytes>\n\t\t\t\t\t\t<gw:AverageSizeInBytes>105</gw:AverageSizeInBytes>\n\t\t\t\t\t\t<gw:MinSizeInBytes>105</gw:MinSizeInBytes>\n\t\t\t\t\t\t<gw:MaxSizeInBytes>105</gw:MaxSizeInBytes>\n\t\t\t\t\t</gw:ContentItem>\n\t\t\t\t\t<gw:ContentItem>\n\t\t\t\t\t\t<gw:TechnicalDescription>PDF document Number Tree Instances</gw:TechnicalDescription>\n\t\t\t\t\t\t<gw:InstanceCount>1</gw:InstanceCount>\n\t\t\t\t\t\t<gw:TotalSizeInBytes>105</gw:TotalSizeInBytes>\n\t\t\t\t\t\t<gw:AverageSizeInBytes>105</gw:AverageSizeInBytes>\n\t\t\t\t\t\t<gw:MinSizeInBytes>105</gw:MinSizeInBytes>\n\t\t\t\t\t\t<gw:MaxSizeInBytes>105</gw:MaxSizeInBytes>\n\t\t\t\t\t</gw:ContentItem>\n\t\t\t\t\t<gw:ContentItem>\n\t\t\t\t\t\t<gw:TechnicalDescription>PDF document Number Tree Numbers Array Instances</gw:TechnicalDescription>\n\t\t\t\t\t\t<gw:InstanceCount>1</gw:InstanceCount>\n\t\t\t\t\t\t<gw:TotalSizeInBytes>105</gw:TotalSizeInBytes>\n\t\t\t\t\t\t<gw:AverageSizeInBytes>105</gw:AverageSizeInBytes>\n\t\t\t\t\t\t<gw:MinSizeInBytes>105</gw:MinSizeInBytes>\n\t\t\t\t\t\t<gw:MaxSizeInBytes>105</gw:MaxSizeInBytes>\n\t\t\t\t\t</gw:ContentItem>\n\t\t\t\t</gw:ContentItems>\n\t\t\t\t<gw:SanitisationItems itemCount=\"0\" />\n\t\t\t\t<gw:RemedyItems itemCount=\"0\" />\n\t\t\t\t<gw:IssueItems itemCount=\"0\" />\n\t\t\t</gw:ContentGroup>\n\t\t\t<gw:ContentGroup>\n\t\t\t\t<gw:BriefDescription>PDF document has Trailer Data Instances</gw:BriefDescription>\n\t\t\t\t<gw:ContentItems itemCount=\"3\">\n\t\t\t\t\t<gw:ContentItem>\n\t\t\t\t\t\t<gw:TechnicalDescription>Document Information dictionary Instances</gw:TechnicalDescription>\n\t\t\t\t\t\t<gw:InstanceCount>1</gw:InstanceCount>\n\t\t\t\t\t\t<gw:TotalSizeInBytes>0</gw:TotalSizeInBytes>\n\t\t\t\t\t\t<gw:AverageSizeInBytes>0</gw:AverageSizeInBytes>\n\t\t\t\t\t\t<gw:MinSizeInBytes>0</gw:MinSizeInBytes>\n\t\t\t\t\t\t<gw:MaxSizeInBytes>0</gw:MaxSizeInBytes>\n\t\t\t\t\t</gw:ContentItem>\n\t\t\t\t\t<gw:ContentItem>\n\t\t\t\t\t\t<gw:TechnicalDescription>PDF Document trailer Instances</gw:TechnicalDescription>\n\t\t\t\t\t\t<gw:InstanceCount>1</gw:InstanceCount>\n\t\t\t\t\t\t<gw:TotalSizeInBytes>0</gw:TotalSizeInBytes>\n\t\t\t\t\t\t<gw:AverageSizeInBytes>0</gw:AverageSizeInBytes>\n\t\t\t\t\t\t<gw:MinSizeInBytes>0</gw:MinSizeInBytes>\n\t\t\t\t\t\t<gw:MaxSizeInBytes>0</gw:MaxSizeInBytes>\n\t\t\t\t\t</gw:ContentItem>\n\t\t\t\t\t<gw:ContentItem>\n\t\t\t\t\t\t<gw:TechnicalDescription>PDF Document trailer Size Instances</gw:TechnicalDescription>\n\t\t\t\t\t\t<gw:InstanceCount>1</gw:InstanceCount>\n\t\t\t\t\t\t<gw:TotalSizeInBytes>0</gw:TotalSizeInBytes>\n\t\t\t\t\t\t<gw:AverageSizeInBytes>0</gw:AverageSizeInBytes>\n\t\t\t\t\t\t<gw:MinSizeInBytes>0</gw:MinSizeInBytes>\n\t\t\t\t\t\t<gw:MaxSizeInBytes>0</gw:MaxSizeInBytes>\n\t\t\t\t\t</gw:ContentItem>\n\t\t\t\t</gw:ContentItems>\n\t\t\t\t<gw:SanitisationItems itemCount=\"1\">\n\t\t\t\t\t<gw:SanitisationItem>\n\t\t\t\t\t\t<gw:TechnicalDescription>Document contains metadata: Document information dictionary detected in a document trailer dictionary.</gw:TechnicalDescription>\n\t\t\t\t\t\t<gw:SanitisationId>198115357</gw:SanitisationId>\n\t\t\t\t\t\t<gw:InstanceCount>1</gw:InstanceCount>\n\t\t\t\t\t\t<gw:TotalSizeInBytes>0</gw:TotalSizeInBytes>\n\t\t\t\t\t\t<gw:AverageSizeInBytes>0</gw:AverageSizeInBytes>\n\t\t\t\t\t\t<gw:MinSizeInBytes>0</gw:MinSizeInBytes>\n\t\t\t\t\t\t<gw:MaxSizeInBytes>0</gw:MaxSizeInBytes>\n\t\t\t\t\t</gw:SanitisationItem>\n\t\t\t\t</gw:SanitisationItems>\n\t\t\t\t<gw:RemedyItems itemCount=\"0\" />\n\t\t\t\t<gw:IssueItems itemCount=\"0\" />\n\t\t\t</gw:ContentGroup>\n\t\t\t<gw:ContentGroup>\n\t\t\t\t<gw:BriefDescription>PDF document has Catalog Data Instances</gw:BriefDescription>\n\t\t\t\t<gw:ContentItems itemCount=\"1\">\n\t\t\t\t\t<gw:ContentItem>\n\t\t\t\t\t\t<gw:TechnicalDescription>Catalog Data</gw:TechnicalDescription>\n\t\t\t\t\t\t<gw:InstanceCount>1</gw:InstanceCount>\n\t\t\t\t\t\t<gw:TotalSizeInBytes>105</gw:TotalSizeInBytes>\n\t\t\t\t\t\t<gw:AverageSizeInBytes>105</gw:AverageSizeInBytes>\n\t\t\t\t\t\t<gw:MinSizeInBytes>105</gw:MinSizeInBytes>\n\t\t\t\t\t\t<gw:MaxSizeInBytes>105</gw:MaxSizeInBytes>\n\t\t\t\t\t</gw:ContentItem>\n\t\t\t\t</gw:ContentItems>\n\t\t\t\t<gw:SanitisationItems itemCount=\"0\" />\n\t\t\t\t<gw:RemedyItems itemCount=\"0\" />\n\t\t\t\t<gw:IssueItems itemCount=\"0\" />\n\t\t\t</gw:ContentGroup>\n\t\t\t<gw:ContentGroup>\n\t\t\t\t<gw:BriefDescription>PDF document has XObject Data Instances</gw:BriefDescription>\n\t\t\t\t<gw:ContentItems itemCount=\"3\">\n\t\t\t\t\t<gw:ContentItem>\n\t\t\t\t\t\t<gw:TechnicalDescription>Direct Image Xobject Instances</gw:TechnicalDescription>\n\t\t\t\t\t\t<gw:InstanceCount>122</gw:InstanceCount>\n\t\t\t\t\t\t<gw:TotalSizeInBytes>9812538</gw:TotalSizeInBytes>\n\t\t\t\t\t\t<gw:AverageSizeInBytes>80430</gw:AverageSizeInBytes>\n\t\t\t\t\t\t<gw:MinSizeInBytes>1041</gw:MinSizeInBytes>\n\t\t\t\t\t\t<gw:MaxSizeInBytes>489935</gw:MaxSizeInBytes>\n\t\t\t\t\t</gw:ContentItem>\n\t\t\t\t\t<gw:ContentItem>\n\t\t\t\t\t\t<gw:TechnicalDescription>Form Xobject Instances</gw:TechnicalDescription>\n\t\t\t\t\t\t<gw:InstanceCount>1</gw:InstanceCount>\n\t\t\t\t\t\t<gw:TotalSizeInBytes>380</gw:TotalSizeInBytes>\n\t\t\t\t\t\t<gw:AverageSizeInBytes>380</gw:AverageSizeInBytes>\n\t\t\t\t\t\t<gw:MinSizeInBytes>380</gw:MinSizeInBytes>\n\t\t\t\t\t\t<gw:MaxSizeInBytes>380</gw:MaxSizeInBytes>\n\t\t\t\t\t</gw:ContentItem>\n\t\t\t\t\t<gw:ContentItem>\n\t\t\t\t\t\t<gw:TechnicalDescription>Xobject Instances</gw:TechnicalDescription>\n\t\t\t\t\t\t<gw:InstanceCount>123</gw:InstanceCount>\n\t\t\t\t\t\t<gw:TotalSizeInBytes>403367</gw:TotalSizeInBytes>\n\t\t\t\t\t\t<gw:AverageSizeInBytes>3279</gw:AverageSizeInBytes>\n\t\t\t\t\t\t<gw:MinSizeInBytes>1041</gw:MinSizeInBytes>\n\t\t\t\t\t\t<gw:MaxSizeInBytes>38774</gw:MaxSizeInBytes>\n\t\t\t\t\t</gw:ContentItem>\n\t\t\t\t</gw:ContentItems>\n\t\t\t\t<gw:SanitisationItems itemCount=\"0\" />\n\t\t\t\t<gw:RemedyItems itemCount=\"0\" />\n\t\t\t\t<gw:IssueItems itemCount=\"0\" />\n\t\t\t</gw:ContentGroup>\n\t\t\t<gw:ContentGroup>\n\t\t\t\t<gw:BriefDescription>PDF document has Actions Data Instances</gw:BriefDescription>\n\t\t\t\t<gw:ContentItems itemCount=\"3\">\n\t\t\t\t\t<gw:ContentItem>\n\t\t\t\t\t\t<gw:TechnicalDescription>PDF Document /URI Action Dictionary Instances</gw:TechnicalDescription>\n\t\t\t\t\t\t<gw:InstanceCount>7</gw:InstanceCount>\n\t\t\t\t\t\t<gw:TotalSizeInBytes>8946</gw:TotalSizeInBytes>\n\t\t\t\t\t\t<gw:AverageSizeInBytes>1278</gw:AverageSizeInBytes>\n\t\t\t\t\t\t<gw:MinSizeInBytes>198</gw:MinSizeInBytes>\n\t\t\t\t\t\t<gw:MaxSizeInBytes>1458</gw:MaxSizeInBytes>\n\t\t\t\t\t</gw:ContentItem>\n\t\t\t\t\t<gw:ContentItem>\n\t\t\t\t\t\t<gw:TechnicalDescription>PDF Document Action Instances</gw:TechnicalDescription>\n\t\t\t\t\t\t<gw:InstanceCount>7</gw:InstanceCount>\n\t\t\t\t\t\t<gw:TotalSizeInBytes>8946</gw:TotalSizeInBytes>\n\t\t\t\t\t\t<gw:AverageSizeInBytes>1278</gw:AverageSizeInBytes>\n\t\t\t\t\t\t<gw:MinSizeInBytes>198</gw:MinSizeInBytes>\n\t\t\t\t\t\t<gw:MaxSizeInBytes>1458</gw:MaxSizeInBytes>\n\t\t\t\t\t</gw:ContentItem>\n\t\t\t\t\t<gw:ContentItem>\n\t\t\t\t\t\t<gw:TechnicalDescription>Unidentified action Instances</gw:TechnicalDescription>\n\t\t\t\t\t\t<gw:InstanceCount>7</gw:InstanceCount>\n\t\t\t\t\t\t<gw:TotalSizeInBytes>0</gw:TotalSizeInBytes>\n\t\t\t\t\t\t<gw:AverageSizeInBytes>0</gw:AverageSizeInBytes>\n\t\t\t\t\t\t<gw:MinSizeInBytes>0</gw:MinSizeInBytes>\n\t\t\t\t\t\t<gw:MaxSizeInBytes>0</gw:MaxSizeInBytes>\n\t\t\t\t\t</gw:ContentItem>\n\t\t\t\t</gw:ContentItems>\n\t\t\t\t<gw:SanitisationItems itemCount=\"0\" />\n\t\t\t\t<gw:RemedyItems itemCount=\"0\" />\n\t\t\t\t<gw:IssueItems itemCount=\"0\" />\n\t\t\t</gw:ContentGroup>\n\t\t\t<gw:ContentGroup>\n\t\t\t\t<gw:BriefDescription>JPEG document has Marker Data Instances</gw:BriefDescription>\n\t\t\t\t<gw:ContentItems itemCount=\"5\">\n\t\t\t\t\t<gw:ContentItem>\n\t\t\t\t\t\t<gw:TechnicalDescription>APP0_Reserved_for_application_segments</gw:TechnicalDescription>\n\t\t\t\t\t\t<gw:InstanceCount>103</gw:InstanceCount>\n\t\t\t\t\t\t<gw:TotalSizeInBytes>1854</gw:TotalSizeInBytes>\n\t\t\t\t\t\t<gw:AverageSizeInBytes>18</gw:AverageSizeInBytes>\n\t\t\t\t\t\t<gw:MinSizeInBytes>18</gw:MinSizeInBytes>\n\t\t\t\t\t\t<gw:MaxSizeInBytes>18</gw:MaxSizeInBytes>\n\t\t\t\t\t</gw:ContentItem>\n\t\t\t\t\t<gw:ContentItem>\n\t\t\t\t\t\t<gw:TechnicalDescription>DHT_Define_Huffman_tables</gw:TechnicalDescription>\n\t\t\t\t\t\t<gw:InstanceCount>412</gw:InstanceCount>\n\t\t\t\t\t\t<gw:TotalSizeInBytes>44496</gw:TotalSizeInBytes>\n\t\t\t\t\t\t<gw:AverageSizeInBytes>108</gw:AverageSizeInBytes>\n\t\t\t\t\t\t<gw:MinSizeInBytes>33</gw:MinSizeInBytes>\n\t\t\t\t\t\t<gw:MaxSizeInBytes>183</gw:MaxSizeInBytes>\n\t\t\t\t\t</gw:ContentItem>\n\t\t\t\t\t<gw:ContentItem>\n\t\t\t\t\t\t<gw:TechnicalDescription>DQT_Define_quantization_tables</gw:TechnicalDescription>\n\t\t\t\t\t\t<gw:InstanceCount>206</gw:InstanceCount>\n\t\t\t\t\t\t<gw:TotalSizeInBytes>14214</gw:TotalSizeInBytes>\n\t\t\t\t\t\t<gw:AverageSizeInBytes>69</gw:AverageSizeInBytes>\n\t\t\t\t\t\t<gw:MinSizeInBytes>69</gw:MinSizeInBytes>\n\t\t\t\t\t\t<gw:MaxSizeInBytes>69</gw:MaxSizeInBytes>\n\t\t\t\t\t</gw:ContentItem>\n\t\t\t\t\t<gw:ContentItem>\n\t\t\t\t\t\t<gw:TechnicalDescription>EOI_End_of_image</gw:TechnicalDescription>\n\t\t\t\t\t\t<gw:InstanceCount>103</gw:InstanceCount>\n\t\t\t\t\t\t<gw:TotalSizeInBytes>206</gw:TotalSizeInBytes>\n\t\t\t\t\t\t<gw:AverageSizeInBytes>2</gw:AverageSizeInBytes>\n\t\t\t\t\t\t<gw:MinSizeInBytes>2</gw:MinSizeInBytes>\n\t\t\t\t\t\t<gw:MaxSizeInBytes>2</gw:MaxSizeInBytes>\n\t\t\t\t\t</gw:ContentItem>\n\t\t\t\t\t<gw:ContentItem>\n\t\t\t\t\t\t<gw:TechnicalDescription>SOI_Start_of_image</gw:TechnicalDescription>\n\t\t\t\t\t\t<gw:InstanceCount>103</gw:InstanceCount>\n\t\t\t\t\t\t<gw:TotalSizeInBytes>206</gw:TotalSizeInBytes>\n\t\t\t\t\t\t<gw:AverageSizeInBytes>2</gw:AverageSizeInBytes>\n\t\t\t\t\t\t<gw:MinSizeInBytes>2</gw:MinSizeInBytes>\n\t\t\t\t\t\t<gw:MaxSizeInBytes>2</gw:MaxSizeInBytes>\n\t\t\t\t\t</gw:ContentItem>\n\t\t\t\t</gw:ContentItems>\n\t\t\t\t<gw:SanitisationItems itemCount=\"0\" />\n\t\t\t\t<gw:RemedyItems itemCount=\"1\">\n\t\t\t\t\t<gw:RemedyItem>\n\t\t\t\t\t\t<gw:TechnicalDescription>APP segment removed</gw:TechnicalDescription>\n\t\t\t\t\t\t<gw:InstanceCount>103</gw:InstanceCount>\n\t\t\t\t\t</gw:RemedyItem>\n\t\t\t\t</gw:RemedyItems>\n\t\t\t\t<gw:IssueItems itemCount=\"0\" />\n\t\t\t</gw:ContentGroup>\n\t\t\t<gw:ContentGroup>\n\t\t\t\t<gw:BriefDescription>JPEG document has Scan Data Instances</gw:BriefDescription>\n\t\t\t\t<gw:ContentItems itemCount=\"4\">\n\t\t\t\t\t<gw:ContentItem>\n\t\t\t\t\t\t<gw:TechnicalDescription>ECS Section Instances</gw:TechnicalDescription>\n\t\t\t\t\t\t<gw:InstanceCount>103</gw:InstanceCount>\n\t\t\t\t\t\t<gw:TotalSizeInBytes>9559339</gw:TotalSizeInBytes>\n\t\t\t\t\t\t<gw:AverageSizeInBytes>92809</gw:AverageSizeInBytes>\n\t\t\t\t\t\t<gw:MinSizeInBytes>5139</gw:MinSizeInBytes>\n\t\t\t\t\t\t<gw:MaxSizeInBytes>489139</gw:MaxSizeInBytes>\n\t\t\t\t\t</gw:ContentItem>\n\t\t\t\t\t<gw:ContentItem>\n\t\t\t\t\t\t<gw:TechnicalDescription>Scan Data Instances</gw:TechnicalDescription>\n\t\t\t\t\t\t<gw:InstanceCount>103</gw:InstanceCount>\n\t\t\t\t\t\t<gw:TotalSizeInBytes>0</gw:TotalSizeInBytes>\n\t\t\t\t\t\t<gw:AverageSizeInBytes>0</gw:AverageSizeInBytes>\n\t\t\t\t\t\t<gw:MinSizeInBytes>0</gw:MinSizeInBytes>\n\t\t\t\t\t\t<gw:MaxSizeInBytes>0</gw:MaxSizeInBytes>\n\t\t\t\t\t</gw:ContentItem>\n\t\t\t\t\t<gw:ContentItem>\n\t\t\t\t\t\t<gw:TechnicalDescription>Sequential Ecs Section Instances</gw:TechnicalDescription>\n\t\t\t\t\t\t<gw:InstanceCount>103</gw:InstanceCount>\n\t\t\t\t\t\t<gw:TotalSizeInBytes>9559339</gw:TotalSizeInBytes>\n\t\t\t\t\t\t<gw:AverageSizeInBytes>92809</gw:AverageSizeInBytes>\n\t\t\t\t\t\t<gw:MinSizeInBytes>5139</gw:MinSizeInBytes>\n\t\t\t\t\t\t<gw:MaxSizeInBytes>489139</gw:MaxSizeInBytes>\n\t\t\t\t\t</gw:ContentItem>\n\t\t\t\t\t<gw:ContentItem>\n\t\t\t\t\t\t<gw:TechnicalDescription>Start Of Scan Instances</gw:TechnicalDescription>\n\t\t\t\t\t\t<gw:InstanceCount>103</gw:InstanceCount>\n\t\t\t\t\t\t<gw:TotalSizeInBytes>412</gw:TotalSizeInBytes>\n\t\t\t\t\t\t<gw:AverageSizeInBytes>4</gw:AverageSizeInBytes>\n\t\t\t\t\t\t<gw:MinSizeInBytes>4</gw:MinSizeInBytes>\n\t\t\t\t\t\t<gw:MaxSizeInBytes>4</gw:MaxSizeInBytes>\n\t\t\t\t\t</gw:ContentItem>\n\t\t\t\t</gw:ContentItems>\n\t\t\t\t<gw:SanitisationItems itemCount=\"0\" />\n\t\t\t\t<gw:RemedyItems itemCount=\"0\" />\n\t\t\t\t<gw:IssueItems itemCount=\"0\" />\n\t\t\t</gw:ContentGroup>\n\t\t\t<gw:ContentGroup>\n\t\t\t\t<gw:BriefDescription>JPEG document has Frame Data Instances</gw:BriefDescription>\n\t\t\t\t<gw:ContentItems itemCount=\"4\">\n\t\t\t\t\t<gw:ContentItem>\n\t\t\t\t\t\t<gw:TechnicalDescription>Define Huffman Table Instances</gw:TechnicalDescription>\n\t\t\t\t\t\t<gw:InstanceCount>412</gw:InstanceCount>\n\t\t\t\t\t\t<gw:TotalSizeInBytes>44496</gw:TotalSizeInBytes>\n\t\t\t\t\t\t<gw:AverageSizeInBytes>108</gw:AverageSizeInBytes>\n\t\t\t\t\t\t<gw:MinSizeInBytes>33</gw:MinSizeInBytes>\n\t\t\t\t\t\t<gw:MaxSizeInBytes>183</gw:MaxSizeInBytes>\n\t\t\t\t\t</gw:ContentItem>\n\t\t\t\t\t<gw:ContentItem>\n\t\t\t\t\t\t<gw:TechnicalDescription>Define Quantization Table Instances</gw:TechnicalDescription>\n\t\t\t\t\t\t<gw:InstanceCount>206</gw:InstanceCount>\n\t\t\t\t\t\t<gw:TotalSizeInBytes>14214</gw:TotalSizeInBytes>\n\t\t\t\t\t\t<gw:AverageSizeInBytes>69</gw:AverageSizeInBytes>\n\t\t\t\t\t\t<gw:MinSizeInBytes>69</gw:MinSizeInBytes>\n\t\t\t\t\t\t<gw:MaxSizeInBytes>69</gw:MaxSizeInBytes>\n\t\t\t\t\t</gw:ContentItem>\n\t\t\t\t\t<gw:ContentItem>\n\t\t\t\t\t\t<gw:TechnicalDescription>Frame Data Instances</gw:TechnicalDescription>\n\t\t\t\t\t\t<gw:InstanceCount>103</gw:InstanceCount>\n\t\t\t\t\t\t<gw:TotalSizeInBytes>0</gw:TotalSizeInBytes>\n\t\t\t\t\t\t<gw:AverageSizeInBytes>0</gw:AverageSizeInBytes>\n\t\t\t\t\t\t<gw:MinSizeInBytes>0</gw:MinSizeInBytes>\n\t\t\t\t\t\t<gw:MaxSizeInBytes>0</gw:MaxSizeInBytes>\n\t\t\t\t\t</gw:ContentItem>\n\t\t\t\t\t<gw:ContentItem>\n\t\t\t\t\t\t<gw:TechnicalDescription>Frame Header Instances</gw:TechnicalDescription>\n\t\t\t\t\t\t<gw:InstanceCount>103</gw:InstanceCount>\n\t\t\t\t\t\t<gw:TotalSizeInBytes>1957</gw:TotalSizeInBytes>\n\t\t\t\t\t\t<gw:AverageSizeInBytes>19</gw:AverageSizeInBytes>\n\t\t\t\t\t\t<gw:MinSizeInBytes>19</gw:MinSizeInBytes>\n\t\t\t\t\t\t<gw:MaxSizeInBytes>19</gw:MaxSizeInBytes>\n\t\t\t\t\t</gw:ContentItem>\n\t\t\t\t</gw:ContentItems>\n\t\t\t\t<gw:SanitisationItems itemCount=\"0\" />\n\t\t\t\t<gw:RemedyItems itemCount=\"0\" />\n\t\t\t\t<gw:IssueItems itemCount=\"0\" />\n\t\t\t</gw:ContentGroup>\n\t\t</gw:ContentGroups>\n\t\t<gw:ExtractedItems itemCount=\"0\" />\n\t</gw:DocumentStatistics>\n</gw:GWallInfo>\n"