"<?xml version=\"1.0\" encoding=\"utf-8\"?>\n<gw:GWallInfo xsi:schemaLocation=\"http://glasswall.com/namespace/gwallInfo.xsd\" xmlns:xsi=\"http://www.w3.org/2001/XMLSchema-instance\" xmlns:gw=\"http://glasswall.com/namespace\">\n\t<gw:DocumentStatistics>\n\t\t<gw:DocumentSummary>\n\t\t\t<gw:TotalSizeInBytes>0</gw:TotalSizeInBytes>\n\t\t\t<gw:FileType>pdf</gw:FileType>\n\t\t\t<gw:Version>PDF-1.3</gw:Version>\n\t\t</gw:DocumentSummary>\n\t\t<gw:ContentManagementPolicy>\n\t\t\t<gw:Camera cameraName=\"pdfConfig\">\n\t\t\t\t<gw:ContentSwitch>\n\t\t\t\t\t<gw:ContentName>metadata</gw:ContentName>\n\t\t\t\t\t<gw:ContentValue>sanitise</gw:ContentValue>\n\t\t\t\t</gw:ContentSwitch>\n\t\t\t\t<gw:ContentSwitch>\n\t\t\t\t\t<gw:ContentName>javascript</gw:ContentName>\n\t\t\t\t\t<gw:ContentValue>sanitise</gw:ContentValue>\n\t\t\t\t</gw:ContentSwitch>\n\t\t\t\t<gw:ContentSwitch>\n\t\t\t\t\t<gw:ContentName>acroform</gw:ContentName>\n\t\t\t\t\t<gw:ContentValue>sanitise</gw:ContentValue>\n\t\t\t\t</gw:ContentSwitch>\n\t\t\t\t<gw:ContentSwitch>\n\t\t\t\t\t<gw:ContentName>actions_all</gw:ContentName>\n\t\t\t\t\t<gw:ContentValue>sanitise</gw:ContentValue>\n\t\t\t\t</gw:ContentSwitch>\n\t\t\t\t<gw:ContentSwitch>\n\t\t\t\t\t<gw:ContentName>embedded_files</gw:ContentName>\n\t\t\t\t\t<gw:ContentValue>sanitise</gw:ContentValue>\n\t\t\t\t</gw:ContentSwitch>\n\t\t\t\t<gw:ContentSwitch>\n\t\t\t\t\t<gw:ContentName>external_hyperlinks</gw:ContentName>\n\t\t\t\t\t<gw:ContentValue>sanitise</gw:ContentValue>\n\t\t\t\t</gw:ContentSwitch>\n\t\t\t\t<gw:ContentSwitch>\n\t\t\t\t\t<gw:ContentName>internal_hyperlinks</gw:ContentName>\n\t\t\t\t\t<gw:ContentValue>sanitise</gw:ContentValue>\n\t\t\t\t</gw:ContentSwitch>\n\t\t\t\t<gw:ContentSwitch>\n\t\t\t\t\t<gw:ContentName>embedded_images</gw:ContentName>\n\t\t\t\t\t<gw:ContentValue>sanitise</gw:ContentValue>\n\t\t\t\t</gw:ContentSwitch>\n\t\t\t</gw:Camera>\n\t\t\t<gw:Camera cameraName=\"wordConfig\">\n\t\t\t\t<gw:ContentSwitch>\n\t\t\t\t\t<gw:ContentName>metadata</gw:ContentName>\n\t\t\t\t\t<gw:ContentValue>sanitise</gw:ContentValue>\n\t\t\t\t</gw:ContentSwitch>\n\t\t\t\t<gw:ContentSwitch>\n\t\t\t\t\t<gw:ContentName>macros</gw:ContentName>\n\t\t\t\t\t<gw:ContentValue>sanitise</gw:ContentValue>\n\t\t\t\t</gw:ContentSwitch>\n\t\t\t\t<gw:ContentSwitch>\n\t\t\t\t\t<gw:ContentName>embedded_files</gw:ContentName>\n\t\t\t\t\t<gw:ContentValue>sanitise</gw:ContentValue>\n\t\t\t\t</gw:ContentSwitch>\n\t\t\t\t<gw:ContentSwitch>\n\t\t\t\t\t<gw:ContentName>review_comments</gw:ContentName>\n\t\t\t\t\t<gw:ContentValue>sanitise</gw:ContentValue>\n\t\t\t\t</gw:ContentSwitch>\n\t\t\t\t<gw:ContentSwitch>\n\t\t\t\t\t<gw:ContentName>internal_hyperlinks</gw:ContentName>\n\t\t\t\t\t<gw:ContentValue>sanitise</gw:ContentValue>\n\t\t\t\t</gw:ContentSwitch>\n\t\t\t\t<gw:ContentSwitch>\n\t\t\t\t\t<gw:ContentName>external_hyperlinks</gw:ContentName>\n\t\t\t\t\t<gw:ContentValue>sanitise</gw:ContentValue>\n\t\t\t\t</gw:ContentSwitch>\n\t\t\t\t<gw:ContentSwitch>\n\t\t\t\t\t<gw:ContentName>dynamic_data_exchange</gw:ContentName>\n\t\t\t\t\t<gw:ContentValue>sanitise</gw:ContentValue>\n\t\t\t\t</gw:ContentSwitch>\n\t\t\t\t<gw:ContentSwitch>\n\t\t\t\t\t<gw:ContentName>embedded_images</gw:ContentName>\n\t\t\t\t\t<gw:ContentValue>sanitise</gw:ContentValue>\n\t\t\t\t</gw:ContentSwitch>\n\t\t\t</gw:Camera>\n\t\t\t<gw:Camera cameraName=\"pptConfig\">\n\t\t\t\t<gw:ContentSwitch>\n\t\t\t\t\t<gw:ContentName>metadata</gw:ContentName>\n\t\t\t\t\t<gw:ContentValue>sanitise</gw:ContentValue>\n\t\t\t\t</gw:ContentSwitch>\n\t\t\t\t<gw:ContentSwitch>\n\t\t\t\t\t<gw:ContentName>macros</gw:ContentName>\n\t\t\t\t\t<gw:ContentValue>sanitise</gw:ContentValue>\n\t\t\t\t</gw:ContentSwitch>\n\t\t\t\t<gw:ContentSwitch>\n\t\t\t\t\t<gw:ContentName>embedded_files</gw:ContentName>\n\t\t\t\t\t<gw:ContentValue>sanitise</gw:ContentValue>\n\t\t\t\t</gw:ContentSwitch>\n\t\t\t\t<gw:ContentSwitch>\n\t\t\t\t\t<gw:ContentName>review_comments</gw:ContentName>\n\t\t\t\t\t<gw:ContentValue>sanitise</gw:ContentValue>\n\t\t\t\t</gw:ContentSwitch>\n\t\t\t\t<gw:ContentSwitch>\n\t\t\t\t\t<gw:ContentName>internal_hyperlinks</gw:ContentName>\n\t\t\t\t\t<gw:ContentValue>sanitise</gw:ContentValue>\n\t\t\t\t</gw:ContentSwitch>\n\t\t\t\t<gw:ContentSwitch>\n\t\t\t\t\t<gw:ContentName>external_hyperlinks</gw:ContentName>\n\t\t\t\t\t<gw:ContentValue>sanitise</gw:ContentValue>\n\t\t\t\t</gw:ContentSwitch>\n\t\t\t\t<gw:ContentSwitch>\n\t\t\t\t\t<gw:ContentName>embedded_images</gw:ContentName>\n\t\t\t\t\t<gw:ContentValue>sanitise</gw:ContentValue>\n\t\t\t\t</gw:ContentSwitch>\n\t\t\t</gw:Camera>\n\t\t\t<gw:Camera cameraName=\"xlsConfig\">\n\t\t\t\t<gw:ContentSwitch>\n\t\t\t\t\t<gw:ContentName>metadata</gw:ContentName>\n\t\t\t\t\t<gw:ContentValue>sanitise</gw:ContentValue>\n\t\t\t\t</gw:ContentSwitch>\n\t\t\t\t<gw:ContentSwitch>\n\t\t\t\t\t<gw:ContentName>macros</gw:ContentName>\n\t\t\t\t\t<gw:ContentValue>sanitise</gw:ContentValue>\n\t\t\t\t</gw:ContentSwitch>\n\t\t\t\t<gw:ContentSwitch>\n\t\t\t\t\t<gw:ContentName>embedded_files</gw:ContentName>\n\t\t\t\t\t<gw:ContentValue>sanitise</gw:ContentValue>\n\t\t\t\t</gw:ContentSwitch>\n\t\t\t\t<gw:ContentSwitch>\n\t\t\t\t\t<gw:ContentName>internal_hyperlinks</gw:ContentName>\n\t\t\t\t\t<gw:ContentValue>sanitise</gw:ContentValue>\n\t\t\t\t</gw:ContentSwitch>\n\t\t\t\t<gw:ContentSwitch>\n\t\t\t\t\t<gw:ContentName>external_hyperlinks</gw:ContentName>\n\t\t\t\t\t<gw:ContentValue>sanitise</gw:ContentValue>\n\t\t\t\t</gw:ContentSwitch>\n\t\t\t\t<gw:ContentSwitch>\n\t\t\t\t\t<gw:ContentName>review_comments</gw:ContentName>\n\t\t\t\t\t<gw:ContentValue>sanitise</gw:ContentValue>\n\t\t\t\t</gw:ContentSwitch>\n\t\t\t\t<gw:ContentSwitch>\n\t\t\t\t\t<gw:ContentName>dynamic_data_exchange</gw:ContentName>\n\t\t\t\t\t<gw:ContentValue>sanitise</gw:ContentValue>\n\t\t\t\t</gw:ContentSwitch>\n\t\t\t\t<gw:ContentSwitch>\n\t\t\t\t\t<gw:ContentName>embedded_images</gw:ContentName>\n\t\t\t\t\t<gw:ContentValue>sanitise</gw:ContentValue>\n\t\t\t\t</gw:ContentSwitch>\n\t\t\t</gw:Camera>\n\t\t</gw:ContentManagementPolicy>\n\t\t<gw:ContentGroups groupCount=\"15\">\n\t\t\t<gw:ContentGroup>\n\t\t\t\t<gw:BriefDescription>PDF document has Basic File Section structure instances</gw:BriefDescription>\n\t\t\t\t<gw:ContentItems itemCount=\"5\">\n\t\t\t\t\t<gw:ContentItem>\n\t\t\t\t\t\t<gw:TechnicalDescription>PDF Cross Reference Table Instances</gw:TechnicalDescription>\n\t\t\t\t\t\t<gw:InstanceCount>1</gw:InstanceCount>\n\t\t\t\t\t\t<gw:TotalSizeInBytes>1570</gw:TotalSizeInBytes>\n\t\t\t\t\t\t<gw:AverageSizeInBytes>1570</gw:AverageSizeInBytes>\n\t\t\t\t\t\t<gw:MinSizeInBytes>1570</gw:MinSizeInBytes>\n\t\t\t\t\t\t<gw:MaxSizeInBytes>1570</gw:MaxSizeInBytes>\n\t\t\t\t\t</gw:ContentItem>\n\t\t\t\t\t<gw:ContentItem>\n\t\t\t\t\t\t<gw:TechnicalDescription>PDF Header Instances</gw:TechnicalDescription>\n\t\t\t\t\t\t<gw:InstanceCount>1</gw:InstanceCount>\n\t\t\t\t\t\t<gw:TotalSizeInBytes>23</gw:TotalSizeInBytes>\n\t\t\t\t\t\t<gw:AverageSizeInBytes>23</gw:AverageSizeInBytes>\n\t\t\t\t\t\t<gw:MinSizeInBytes>23</gw:MinSizeInBytes>\n\t\t\t\t\t\t<gw:MaxSizeInBytes>23</gw:MaxSizeInBytes>\n\t\t\t\t\t</gw:ContentItem>\n\t\t\t\t\t<gw:ContentItem>\n\t\t\t\t\t\t<gw:TechnicalDescription>PDF Object Instances</gw:TechnicalDescription>\n\t\t\t\t\t\t<gw:InstanceCount>74</gw:InstanceCount>\n\t\t\t\t\t\t<gw:TotalSizeInBytes>2412413</gw:TotalSizeInBytes>\n\t\t\t\t\t\t<gw:AverageSizeInBytes>32600</gw:AverageSizeInBytes>\n\t\t\t\t\t\t<gw:MinSizeInBytes>44</gw:MinSizeInBytes>\n\t\t\t\t\t\t<gw:MaxSizeInBytes>363727</gw:MaxSizeInBytes>\n\t\t\t\t\t</gw:ContentItem>\n\t\t\t\t\t<gw:ContentItem>\n\t\t\t\t\t\t<gw:TechnicalDescription>PDF StartXref Section Instances</gw:TechnicalDescription>\n\t\t\t\t\t\t<gw:InstanceCount>1</gw:InstanceCount>\n\t\t\t\t\t\t<gw:TotalSizeInBytes>27</gw:TotalSizeInBytes>\n\t\t\t\t\t\t<gw:AverageSizeInBytes>27</gw:AverageSizeInBytes>\n\t\t\t\t\t\t<gw:MinSizeInBytes>27</gw:MinSizeInBytes>\n\t\t\t\t\t\t<gw:MaxSizeInBytes>27</gw:MaxSizeInBytes>\n\t\t\t\t\t</gw:ContentItem>\n\t\t\t\t\t<gw:ContentItem>\n\t\t\t\t\t\t<gw:TechnicalDescription>PDF Trailer Section Instances</gw:TechnicalDescription>\n\t\t\t\t\t\t<gw:InstanceCount>1</gw:InstanceCount>\n\t\t\t\t\t\t<gw:TotalSizeInBytes>105</gw:TotalSizeInBytes>\n\t\t\t\t\t\t<gw:AverageSizeInBytes>105</gw:AverageSizeInBytes>\n\t\t\t\t\t\t<gw:MinSizeInBytes>105</gw:MinSizeInBytes>\n\t\t\t\t\t\t<gw:MaxSizeInBytes>105</gw:MaxSizeInBytes>\n\t\t\t\t\t</gw:ContentItem>\n\t\t\t\t</gw:ContentItems>\n\t\t\t\t<gw:SanitisationItems itemCount=\"0\" />\n\t\t\t\t<gw:RemedyItems itemCount=\"2\">\n\t\t\t\t\t<gw:RemedyItem>\n\t\t\t\t\t\t<gw:TechnicalDescription>Cross-reference entry offset does not match the actual offset found.</gw:TechnicalDescription>\n\t\t\t\t\t\t<gw:InstanceCount>73</gw:InstanceCount>\n\t\t\t\t\t</gw:RemedyItem>\n\t\t\t\t\t<gw:RemedyItem>\n\t\t\t\t\t\t<gw:TechnicalDescription>First XREF table entry malformed and will be regenerated</gw:TechnicalDescription>\n\t\t\t\t\t\t<gw:InstanceCount>1</gw:InstanceCount>\n\t\t\t\t\t</gw:RemedyItem>\n\t\t\t\t</gw:RemedyItems>\n\t\t\t\t<gw:IssueItems itemCount=\"0\" />\n\t\t\t</gw:ContentGroup>\n\t\t\t<gw:ContentGroup>\n\t\t\t\t<gw:BriefDescription>PDF document has Basic Object Structure instances</gw:BriefDescription>\n\t\t\t\t<gw:ContentItems itemCount=\"12\">\n\t\t\t\t\t<gw:ContentItem>\n\t\t\t\t\t\t<gw:TechnicalDescription>ARRAY</gw:TechnicalDescription>\n\t\t\t\t\t\t<gw:InstanceCount>99</gw:InstanceCount>\n\t\t\t\t\t\t<gw:TotalSizeInBytes>99</gw:TotalSizeInBytes>\n\t\t\t\t\t\t<gw:AverageSizeInBytes>1</gw:AverageSizeInBytes>\n\t\t\t\t\t\t<gw:MinSizeInBytes>1</gw:MinSizeInBytes>\n\t\t\t\t\t\t<gw:MaxSizeInBytes>1</gw:MaxSizeInBytes>\n\t\t\t\t\t</gw:ContentItem>\n\t\t\t\t\t<gw:ContentItem>\n\t\t\t\t\t\t<gw:TechnicalDescription>ARRAY_end</gw:TechnicalDescription>\n\t\t\t\t\t\t<gw:InstanceCount>99</gw:InstanceCount>\n\t\t\t\t\t\t<gw:TotalSizeInBytes>99</gw:TotalSizeInBytes>\n\t\t\t\t\t\t<gw:AverageSizeInBytes>1</gw:AverageSizeInBytes>\n\t\t\t\t\t\t<gw:MinSizeInBytes>1</gw:MinSizeInBytes>\n\t\t\t\t\t\t<gw:MaxSizeInBytes>1</gw:MaxSizeInBytes>\n\t\t\t\t\t</gw:ContentItem>\n\t\t\t\t\t<gw:ContentItem>\n\t\t\t\t\t\t<gw:TechnicalDescription>DICTIONARY</gw:TechnicalDescription>\n\t\t\t\t\t\t<gw:InstanceCount>121</gw:InstanceCount>\n\t\t\t\t\t\t<gw:TotalSizeInBytes>242</gw:TotalSizeInBytes>\n\t\t\t\t\t\t<gw:AverageSizeInBytes>2</gw:AverageSizeInBytes>\n\t\t\t\t\t\t<gw:MinSizeInBytes>2</gw:MinSizeInBytes>\n\t\t\t\t\t\t<gw:MaxSizeInBytes>2</gw:MaxSizeInBytes>\n\t\t\t\t\t</gw:ContentItem>\n\t\t\t\t\t<gw:ContentItem>\n\t\t\t\t\t\t<gw:TechnicalDescription>DICTIONARY_end</gw:TechnicalDescription>\n\t\t\t\t\t\t<gw:InstanceCount>121</gw:InstanceCount>\n\t\t\t\t\t\t<gw:TotalSizeInBytes>242</gw:TotalSizeInBytes>\n\t\t\t\t\t\t<gw:AverageSizeInBytes>2</gw:AverageSizeInBytes>\n\t\t\t\t\t\t<gw:MinSizeInBytes>2</gw:MinSizeInBytes>\n\t\t\t\t\t\t<gw:MaxSizeInBytes>2</gw:MaxSizeInBytes>\n\t\t\t\t\t</gw:ContentItem>\n\t\t\t\t\t<gw:ContentItem>\n\t\t\t\t\t\t<gw:TechnicalDescription>NAME</gw:TechnicalDescription>\n\t\t\t\t\t\t<gw:InstanceCount>757</gw:InstanceCount>\n\t\t\t\t\t\t<gw:TotalSizeInBytes>5702</gw:TotalSizeInBytes>\n\t\t\t\t\t\t<gw:AverageSizeInBytes>7</gw:AverageSizeInBytes>\n\t\t\t\t\t\t<gw:MinSizeInBytes>2</gw:MinSizeInBytes>\n\t\t\t\t\t\t<gw:MaxSizeInBytes>29</gw:MaxSizeInBytes>\n\t\t\t\t\t</gw:ContentItem>\n\t\t\t\t\t<gw:ContentItem>\n\t\t\t\t\t\t<gw:TechnicalDescription>NUMERIC_INTEGER</gw:TechnicalDescription>\n\t\t\t\t\t\t<gw:InstanceCount>2080</gw:InstanceCount>\n\t\t\t\t\t\t<gw:TotalSizeInBytes>5720</gw:TotalSizeInBytes>\n\t\t\t\t\t\t<gw:AverageSizeInBytes>2</gw:AverageSizeInBytes>\n\t\t\t\t\t\t<gw:MinSizeInBytes>1</gw:MinSizeInBytes>\n\t\t\t\t\t\t<gw:MaxSizeInBytes>6</gw:MaxSizeInBytes>\n\t\t\t\t\t</gw:ContentItem>\n\t\t\t\t\t<gw:ContentItem>\n\t\t\t\t\t\t<gw:TechnicalDescription>NUMERIC_REAL</gw:TechnicalDescription>\n\t\t\t\t\t\t<gw:InstanceCount>28</gw:InstanceCount>\n\t\t\t\t\t\t<gw:TotalSizeInBytes>182</gw:TotalSizeInBytes>\n\t\t\t\t\t\t<gw:AverageSizeInBytes>6</gw:AverageSizeInBytes>\n\t\t\t\t\t\t<gw:MinSizeInBytes>6</gw:MinSizeInBytes>\n\t\t\t\t\t\t<gw:MaxSizeInBytes>7</gw:MaxSizeInBytes>\n\t\t\t\t\t</gw:ContentItem>\n\t\t\t\t\t<gw:ContentItem>\n\t\t\t\t\t\t<gw:TechnicalDescription>REFERENCE</gw:TechnicalDescription>\n\t\t\t\t\t\t<gw:InstanceCount>230</gw:InstanceCount>\n\t\t\t\t\t\t<gw:TotalSizeInBytes>1347</gw:TotalSizeInBytes>\n\t\t\t\t\t\t<gw:AverageSizeInBytes>5</gw:AverageSizeInBytes>\n\t\t\t\t\t\t<gw:MinSizeInBytes>5</gw:MinSizeInBytes>\n\t\t\t\t\t\t<gw:MaxSizeInBytes>6</gw:MaxSizeInBytes>\n\t\t\t\t\t</gw:ContentItem>\n\t\t\t\t\t<gw:ContentItem>\n\t\t\t\t\t\t<gw:TechnicalDescription>STREAM</gw:TechnicalDescription>\n\t\t\t\t\t\t<gw:InstanceCount>30</gw:InstanceCount>\n\t\t\t\t\t\t<gw:TotalSizeInBytes>2393663</gw:TotalSizeInBytes>\n\t\t\t\t\t\t<gw:AverageSizeInBytes>79788</gw:AverageSizeInBytes>\n\t\t\t\t\t\t<gw:MinSizeInBytes>65</gw:MinSizeInBytes>\n\t\t\t\t\t\t<gw:MaxSizeInBytes>363641</gw:MaxSizeInBytes>\n\t\t\t\t\t</gw:ContentItem>\n\t\t\t\t\t<gw:ContentItem>\n\t\t\t\t\t\t<gw:TechnicalDescription>STREAM_end</gw:TechnicalDescription>\n\t\t\t\t\t\t<gw:InstanceCount>30</gw:InstanceCount>\n\t\t\t\t\t\t<gw:TotalSizeInBytes>270</gw:TotalSizeInBytes>\n\t\t\t\t\t\t<gw:AverageSizeInBytes>9</gw:AverageSizeInBytes>\n\t\t\t\t\t\t<gw:MinSizeInBytes>9</gw:MinSizeInBytes>\n\t\t\t\t\t\t<gw:MaxSizeInBytes>9</gw:MaxSizeInBytes>\n\t\t\t\t\t</gw:ContentItem>\n\t\t\t\t\t<gw:ContentItem>\n\t\t\t\t\t\t<gw:TechnicalDescription>STRING_HEX</gw:TechnicalDescription>\n\t\t\t\t\t\t<gw:InstanceCount>3</gw:InstanceCount>\n\t\t\t\t\t\t<gw:TotalSizeInBytes>94</gw:TotalSizeInBytes>\n\t\t\t\t\t\t<gw:AverageSizeInBytes>31</gw:AverageSizeInBytes>\n\t\t\t\t\t\t<gw:MinSizeInBytes>26</gw:MinSizeInBytes>\n\t\t\t\t\t\t<gw:MaxSizeInBytes>34</gw:MaxSizeInBytes>\n\t\t\t\t\t</gw:ContentItem>\n\t\t\t\t\t<gw:ContentItem>\n\t\t\t\t\t\t<gw:TechnicalDescription>STRING_LITERAL</gw:TechnicalDescription>\n\t\t\t\t\t\t<gw:InstanceCount>7</gw:InstanceCount>\n\t\t\t\t\t\t<gw:TotalSizeInBytes>117</gw:TotalSizeInBytes>\n\t\t\t\t\t\t<gw:AverageSizeInBytes>16</gw:AverageSizeInBytes>\n\t\t\t\t\t\t<gw:MinSizeInBytes>2</gw:MinSizeInBytes>\n\t\t\t\t\t\t<gw:MaxSizeInBytes>57</gw:MaxSizeInBytes>\n\t\t\t\t\t</gw:ContentItem>\n\t\t\t\t</gw:ContentItems>\n\t\t\t\t<gw:SanitisationItems itemCount=\"0\" />\n\t\t\t\t<gw:RemedyItems itemCount=\"1\">\n\t\t\t\t\t<gw:RemedyItem>\n\t\t\t\t\t\t<gw:TechnicalDescription>Token tree instances removed.</gw:TechnicalDescription>\n\t\t\t\t\t\t<gw:InstanceCount>1</gw:InstanceCount>\n\t\t\t\t\t</gw:RemedyItem>\n\t\t\t\t</gw:RemedyItems>\n\t\t\t\t<gw:IssueItems itemCount=\"0\" />\n\t\t\t</gw:ContentGroup>\n\t\t\t<gw:ContentGroup>\n\t\t\t\t<gw:BriefDescription>PDF document has Content Stream Structure instances</gw:BriefDescription>\n\t\t\t\t<gw:ContentItems itemCount=\"1\">\n\t\t\t\t\t<gw:ContentItem>\n\t\t\t\t\t\t<gw:TechnicalDescription>Content Stream Structure</gw:TechnicalDescription>\n\t\t\t\t\t\t<gw:InstanceCount>2</gw:InstanceCount>\n\t\t\t\t\t\t<gw:TotalSizeInBytes>112</gw:TotalSizeInBytes>\n\t\t\t\t\t\t<gw:AverageSizeInBytes>56</gw:AverageSizeInBytes>\n\t\t\t\t\t\t<gw:MinSizeInBytes>56</gw:MinSizeInBytes>\n\t\t\t\t\t\t<gw:MaxSizeInBytes>56</gw:MaxSizeInBytes>\n\t\t\t\t\t</gw:ContentItem>\n\t\t\t\t</gw:ContentItems>\n\t\t\t\t<gw:SanitisationItems itemCount=\"0\" />\n\t\t\t\t<gw:RemedyItems itemCount=\"0\" />\n\t\t\t\t<gw:IssueItems itemCount=\"0\" />\n\t\t\t</gw:ContentGroup>\n\t\t\t<gw:ContentGroup>\n\t\t\t\t<gw:BriefDescription>PDF document has Indirect Object Structure instances</gw:BriefDescription>\n\t\t\t\t<gw:ContentItems itemCount=\"1\">\n\t\t\t\t\t<gw:ContentItem>\n\t\t\t\t\t\t<gw:TechnicalDescription>Indirect Object</gw:TechnicalDescription>\n\t\t\t\t\t\t<gw:InstanceCount>222</gw:InstanceCount>\n\t\t\t\t\t\t<gw:TotalSizeInBytes>0</gw:TotalSizeInBytes>\n\t\t\t\t\t\t<gw:AverageSizeInBytes>0</gw:AverageSizeInBytes>\n\t\t\t\t\t\t<gw:MinSizeInBytes>0</gw:MinSizeInBytes>\n\t\t\t\t\t\t<gw:MaxSizeInBytes>0</gw:MaxSizeInBytes>\n\t\t\t\t\t</gw:ContentItem>\n\t\t\t\t</gw:ContentItems>\n\t\t\t\t<gw:SanitisationItems itemCount=\"0\" />\n\t\t\t\t<gw:RemedyItems itemCount=\"0\" />\n\t\t\t\t<gw:IssueItems itemCount=\"0\" />\n\t\t\t</gw:ContentGroup>\n\t\t\t<gw:ContentGroup>\n\t\t\t\t<gw:BriefDescription>PDF document has embedded Huffman Filter Stream instances</gw:BriefDescription>\n\t\t\t\t<gw:ContentItems itemCount=\"1\">\n\t\t\t\t\t<gw:ContentItem>\n\t\t\t\t\t\t<gw:TechnicalDescription>Embedded Huffman Filter Stream</gw:TechnicalDescription>\n\t\t\t\t\t\t<gw:InstanceCount>14</gw:InstanceCount>\n\t\t\t\t\t\t<gw:TotalSizeInBytes>69485</gw:TotalSizeInBytes>\n\t\t\t\t\t\t<gw:AverageSizeInBytes>4963</gw:AverageSizeInBytes>\n\t\t\t\t\t\t<gw:MinSizeInBytes>2027</gw:MinSizeInBytes>\n\t\t\t\t\t\t<gw:MaxSizeInBytes>5956</gw:MaxSizeInBytes>\n\t\t\t\t\t</gw:ContentItem>\n\t\t\t\t</gw:ContentItems>\n\t\t\t\t<gw:SanitisationItems itemCount=\"0\" />\n\t\t\t\t<gw:RemedyItems itemCount=\"0\" />\n\t\t\t\t<gw:IssueItems itemCount=\"1\">\n\t\t\t\t\t<gw:IssueItem>\n\t\t\t\t\t\t<gw:TechnicalDescription> CPRS inflate() failed. Returned(-3) Msg(incorrect header check)</gw:TechnicalDescription>\n\t\t\t\t\t\t<gw:IssueId>188481744</gw:IssueId>\n\t\t\t\t\t\t<gw:InstanceCount>14</gw:InstanceCount>\n\t\t\t\t\t\t<gw:RiskLevel>Medium</gw:RiskLevel>\n\t\t\t\t\t</gw:IssueItem>\n\t\t\t\t</gw:IssueItems>\n\t\t\t</gw:ContentGroup>\n\t\t\t<gw:ContentGroup>\n\t\t\t\t<gw:BriefDescription>PDF document has Standard Font Data Instances</gw:BriefDescription>\n\t\t\t\t<gw:ContentItems itemCount=\"8\">\n\t\t\t\t\t<gw:ContentItem>\n\t\t\t\t\t\t<gw:TechnicalDescription>/Helvetica</gw:TechnicalDescription>\n\t\t\t\t\t\t<gw:InstanceCount>2</gw:InstanceCount>\n\t\t\t\t\t\t<gw:TotalSizeInBytes>766</gw:TotalSizeInBytes>\n\t\t\t\t\t\t<gw:AverageSizeInBytes>383</gw:AverageSizeInBytes>\n\t\t\t\t\t\t<gw:MinSizeInBytes>383</gw:MinSizeInBytes>\n\t\t\t\t\t\t<gw:MaxSizeInBytes>383</gw:MaxSizeInBytes>\n\t\t\t\t\t</gw:ContentItem>\n\t\t\t\t\t<gw:ContentItem>\n\t\t\t\t\t\t<gw:TechnicalDescription>CID Font Array Instances</gw:TechnicalDescription>\n\t\t\t\t\t\t<gw:InstanceCount>1</gw:InstanceCount>\n\t\t\t\t\t\t<gw:TotalSizeInBytes>181</gw:TotalSizeInBytes>\n\t\t\t\t\t\t<gw:AverageSizeInBytes>181</gw:AverageSizeInBytes>\n\t\t\t\t\t\t<gw:MinSizeInBytes>181</gw:MinSizeInBytes>\n\t\t\t\t\t\t<gw:MaxSizeInBytes>181</gw:MaxSizeInBytes>\n\t\t\t\t\t</gw:ContentItem>\n\t\t\t\t\t<gw:ContentItem>\n\t\t\t\t\t\t<gw:TechnicalDescription>CID Font Instances</gw:TechnicalDescription>\n\t\t\t\t\t\t<gw:InstanceCount>1</gw:InstanceCount>\n\t\t\t\t\t\t<gw:TotalSizeInBytes>181</gw:TotalSizeInBytes>\n\t\t\t\t\t\t<gw:AverageSizeInBytes>181</gw:AverageSizeInBytes>\n\t\t\t\t\t\t<gw:MinSizeInBytes>181</gw:MinSizeInBytes>\n\t\t\t\t\t\t<gw:MaxSizeInBytes>181</gw:MaxSizeInBytes>\n\t\t\t\t\t</gw:ContentItem>\n\t\t\t\t\t<gw:ContentItem>\n\t\t\t\t\t\t<gw:TechnicalDescription>Direct Font Instances</gw:TechnicalDescription>\n\t\t\t\t\t\t<gw:InstanceCount>11</gw:InstanceCount>\n\t\t\t\t\t\t<gw:TotalSizeInBytes>2240</gw:TotalSizeInBytes>\n\t\t\t\t\t\t<gw:AverageSizeInBytes>203</gw:AverageSizeInBytes>\n\t\t\t\t\t\t<gw:MinSizeInBytes>135</gw:MinSizeInBytes>\n\t\t\t\t\t\t<gw:MaxSizeInBytes>383</gw:MaxSizeInBytes>\n\t\t\t\t\t</gw:ContentItem>\n\t\t\t\t\t<gw:ContentItem>\n\t\t\t\t\t\t<gw:TechnicalDescription>Font Array Instances</gw:TechnicalDescription>\n\t\t\t\t\t\t<gw:InstanceCount>1</gw:InstanceCount>\n\t\t\t\t\t\t<gw:TotalSizeInBytes>135</gw:TotalSizeInBytes>\n\t\t\t\t\t\t<gw:AverageSizeInBytes>135</gw:AverageSizeInBytes>\n\t\t\t\t\t\t<gw:MinSizeInBytes>135</gw:MinSizeInBytes>\n\t\t\t\t\t\t<gw:MaxSizeInBytes>135</gw:MaxSizeInBytes>\n\t\t\t\t\t</gw:ContentItem>\n\t\t\t\t\t<gw:ContentItem>\n\t\t\t\t\t\t<gw:TechnicalDescription>Type 0 Font Instances</gw:TechnicalDescription>\n\t\t\t\t\t\t<gw:InstanceCount>1</gw:InstanceCount>\n\t\t\t\t\t\t<gw:TotalSizeInBytes>135</gw:TotalSizeInBytes>\n\t\t\t\t\t\t<gw:AverageSizeInBytes>135</gw:AverageSizeInBytes>\n\t\t\t\t\t\t<gw:MinSizeInBytes>135</gw:MinSizeInBytes>\n\t\t\t\t\t\t<gw:MaxSizeInBytes>135</gw:MaxSizeInBytes>\n\t\t\t\t\t</gw:ContentItem>\n\t\t\t\t\t<gw:ContentItem>\n\t\t\t\t\t\t<gw:TechnicalDescription>Type 1 Font Instances</gw:TechnicalDescription>\n\t\t\t\t\t\t<gw:InstanceCount>9</gw:InstanceCount>\n\t\t\t\t\t\t<gw:TotalSizeInBytes>1924</gw:TotalSizeInBytes>\n\t\t\t\t\t\t<gw:AverageSizeInBytes>213</gw:AverageSizeInBytes>\n\t\t\t\t\t\t<gw:MinSizeInBytes>158</gw:MinSizeInBytes>\n\t\t\t\t\t\t<gw:MaxSizeInBytes>383</gw:MaxSizeInBytes>\n\t\t\t\t\t</gw:ContentItem>\n\t\t\t\t\t<gw:ContentItem>\n\t\t\t\t\t\t<gw:TechnicalDescription>Unspecified Font Face Instances</gw:TechnicalDescription>\n\t\t\t\t\t\t<gw:InstanceCount>7</gw:InstanceCount>\n\t\t\t\t\t\t<gw:TotalSizeInBytes>1158</gw:TotalSizeInBytes>\n\t\t\t\t\t\t<gw:AverageSizeInBytes>165</gw:AverageSizeInBytes>\n\t\t\t\t\t\t<gw:MinSizeInBytes>158</gw:MinSizeInBytes>\n\t\t\t\t\t\t<gw:MaxSizeInBytes>173</gw:MaxSizeInBytes>\n\t\t\t\t\t</gw:ContentItem>\n\t\t\t\t</gw:ContentItems>\n\t\t\t\t<gw:SanitisationItems itemCount=\"0\" />\n\t\t\t\t<gw:RemedyItems itemCount=\"0\" />\n\t\t\t\t<gw:IssueItems itemCount=\"0\" />\n\t\t\t</gw:ContentGroup>\n\t\t\t<gw:ContentGroup>\n\t\t\t\t<gw:BriefDescription>PDF document has Resource Data Instances</gw:BriefDescription>\n\t\t\t\t<gw:ContentItems itemCount=\"3\">\n\t\t\t\t\t<gw:ContentItem>\n\t\t\t\t\t\t<gw:TechnicalDescription>Inheritable Resource Instances</gw:TechnicalDescription>\n\t\t\t\t\t\t<gw:InstanceCount>17</gw:InstanceCount>\n\t\t\t\t\t\t<gw:TotalSizeInBytes>5335</gw:TotalSizeInBytes>\n\t\t\t\t\t\t<gw:AverageSizeInBytes>313</gw:AverageSizeInBytes>\n\t\t\t\t\t\t<gw:MinSizeInBytes>146</gw:MinSizeInBytes>\n\t\t\t\t\t\t<gw:MaxSizeInBytes>383</gw:MaxSizeInBytes>\n\t\t\t\t\t</gw:ContentItem>\n\t\t\t\t\t<gw:ContentItem>\n\t\t\t\t\t\t<gw:TechnicalDescription>Inherited Resource Array Element Instances</gw:TechnicalDescription>\n\t\t\t\t\t\t<gw:InstanceCount>188</gw:InstanceCount>\n\t\t\t\t\t\t<gw:TotalSizeInBytes>60082</gw:TotalSizeInBytes>\n\t\t\t\t\t\t<gw:AverageSizeInBytes>319</gw:AverageSizeInBytes>\n\t\t\t\t\t\t<gw:MinSizeInBytes>278</gw:MinSizeInBytes>\n\t\t\t\t\t\t<gw:MaxSizeInBytes>383</gw:MaxSizeInBytes>\n\t\t\t\t\t</gw:ContentItem>\n\t\t\t\t\t<gw:ContentItem>\n\t\t\t\t\t\t<gw:TechnicalDescription>Resource Dictionary Instances</gw:TechnicalDescription>\n\t\t\t\t\t\t<gw:InstanceCount>16</gw:InstanceCount>\n\t\t\t\t\t\t<gw:TotalSizeInBytes>5189</gw:TotalSizeInBytes>\n\t\t\t\t\t\t<gw:AverageSizeInBytes>324</gw:AverageSizeInBytes>\n\t\t\t\t\t\t<gw:MinSizeInBytes>278</gw:MinSizeInBytes>\n\t\t\t\t\t\t<gw:MaxSizeInBytes>383</gw:MaxSizeInBytes>\n\t\t\t\t\t</gw:ContentItem>\n\t\t\t\t</gw:ContentItems>\n\t\t\t\t<gw:SanitisationItems itemCount=\"0\" />\n\t\t\t\t<gw:RemedyItems itemCount=\"0\" />\n\t\t\t\t<gw:IssueItems itemCount=\"0\" />\n\t\t\t</gw:ContentGroup>\n\t\t\t<gw:ContentGroup>\n\t\t\t\t<gw:BriefDescription>PDF document has Graphic Content Stream Instances</gw:BriefDescription>\n\t\t\t\t<gw:ContentItems itemCount=\"3\">\n\t\t\t\t\t<gw:ContentItem>\n\t\t\t\t\t\t<gw:TechnicalDescription>Content Page or Form XObject Instances</gw:TechnicalDescription>\n\t\t\t\t\t\t<gw:InstanceCount>14</gw:InstanceCount>\n\t\t\t\t\t\t<gw:TotalSizeInBytes>4423</gw:TotalSizeInBytes>\n\t\t\t\t\t\t<gw:AverageSizeInBytes>315</gw:AverageSizeInBytes>\n\t\t\t\t\t\t<gw:MinSizeInBytes>278</gw:MinSizeInBytes>\n\t\t\t\t\t\t<gw:MaxSizeInBytes>377</gw:MaxSizeInBytes>\n\t\t\t\t\t</gw:ContentItem>\n\t\t\t\t\t<gw:ContentItem>\n\t\t\t\t\t\t<gw:TechnicalDescription>Content Stream Instances</gw:TechnicalDescription>\n\t\t\t\t\t\t<gw:InstanceCount>2</gw:InstanceCount>\n\t\t\t\t\t\t<gw:TotalSizeInBytes>766</gw:TotalSizeInBytes>\n\t\t\t\t\t\t<gw:AverageSizeInBytes>383</gw:AverageSizeInBytes>\n\t\t\t\t\t\t<gw:MinSizeInBytes>383</gw:MinSizeInBytes>\n\t\t\t\t\t\t<gw:MaxSizeInBytes>383</gw:MaxSizeInBytes>\n\t\t\t\t\t</gw:ContentItem>\n\t\t\t\t\t<gw:ContentItem>\n\t\t\t\t\t\t<gw:TechnicalDescription>Content Stream Operator Instances</gw:TechnicalDescription>\n\t\t\t\t\t\t<gw:InstanceCount>18</gw:InstanceCount>\n\t\t\t\t\t\t<gw:TotalSizeInBytes>34</gw:TotalSizeInBytes>\n\t\t\t\t\t\t<gw:AverageSizeInBytes>1</gw:AverageSizeInBytes>\n\t\t\t\t\t\t<gw:MinSizeInBytes>1</gw:MinSizeInBytes>\n\t\t\t\t\t\t<gw:MaxSizeInBytes>2</gw:MaxSizeInBytes>\n\t\t\t\t\t</gw:ContentItem>\n\t\t\t\t</gw:ContentItems>\n\t\t\t\t<gw:SanitisationItems itemCount=\"0\" />\n\t\t\t\t<gw:RemedyItems itemCount=\"0\" />\n\t\t\t\t<gw:IssueItems itemCount=\"0\" />\n\t\t\t</gw:ContentGroup>\n\t\t\t<gw:ContentGroup>\n\t\t\t\t<gw:BriefDescription>PDF document has Page Tree Data Instances</gw:BriefDescription>\n\t\t\t\t<gw:ContentItems itemCount=\"4\">\n\t\t\t\t\t<gw:ContentItem>\n\t\t\t\t\t\t<gw:TechnicalDescription>Page Object Parent Instances</gw:TechnicalDescription>\n\t\t\t\t\t\t<gw:InstanceCount>14</gw:InstanceCount>\n\t\t\t\t\t\t<gw:TotalSizeInBytes>70</gw:TotalSizeInBytes>\n\t\t\t\t\t\t<gw:AverageSizeInBytes>5</gw:AverageSizeInBytes>\n\t\t\t\t\t\t<gw:MinSizeInBytes>5</gw:MinSizeInBytes>\n\t\t\t\t\t\t<gw:MaxSizeInBytes>5</gw:MaxSizeInBytes>\n\t\t\t\t\t</gw:ContentItem>\n\t\t\t\t\t<gw:ContentItem>\n\t\t\t\t\t\t<gw:TechnicalDescription>Page Tree Instances</gw:TechnicalDescription>\n\t\t\t\t\t\t<gw:InstanceCount>15</gw:InstanceCount>\n\t\t\t\t\t\t<gw:TotalSizeInBytes>30</gw:TotalSizeInBytes>\n\t\t\t\t\t\t<gw:AverageSizeInBytes>2</gw:AverageSizeInBytes>\n\t\t\t\t\t\t<gw:MinSizeInBytes>2</gw:MinSizeInBytes>\n\t\t\t\t\t\t<gw:MaxSizeInBytes>2</gw:MaxSizeInBytes>\n\t\t\t\t\t</gw:ContentItem>\n\t\t\t\t\t<gw:ContentItem>\n\t\t\t\t\t\t<gw:TechnicalDescription>Page Tree Kids Array Instances</gw:TechnicalDescription>\n\t\t\t\t\t\t<gw:InstanceCount>1</gw:InstanceCount>\n\t\t\t\t\t\t<gw:TotalSizeInBytes>146</gw:TotalSizeInBytes>\n\t\t\t\t\t\t<gw:AverageSizeInBytes>146</gw:AverageSizeInBytes>\n\t\t\t\t\t\t<gw:MinSizeInBytes>146</gw:MinSizeInBytes>\n\t\t\t\t\t\t<gw:MaxSizeInBytes>146</gw:MaxSizeInBytes>\n\t\t\t\t\t</gw:ContentItem>\n\t\t\t\t\t<gw:ContentItem>\n\t\t\t\t\t\t<gw:TechnicalDescription>Page Tree Node Instances</gw:TechnicalDescription>\n\t\t\t\t\t\t<gw:InstanceCount>1</gw:InstanceCount>\n\t\t\t\t\t\t<gw:TotalSizeInBytes>146</gw:TotalSizeInBytes>\n\t\t\t\t\t\t<gw:AverageSizeInBytes>146</gw:AverageSizeInBytes>\n\t\t\t\t\t\t<gw:MinSizeInBytes>146</gw:MinSizeInBytes>\n\t\t\t\t\t\t<gw:MaxSizeInBytes>146</gw:MaxSizeInBytes>\n\t\t\t\t\t</gw:ContentItem>\n\t\t\t\t</gw:ContentItems>\n\t\t\t\t<gw:SanitisationItems itemCount=\"0\" />\n\t\t\t\t<gw:RemedyItems itemCount=\"0\" />\n\t\t\t\t<gw:IssueItems itemCount=\"1\">\n\t\t\t\t\t<gw:IssueItem>\n\t\t\t\t\t\t<gw:TechnicalDescription> Items in a Pages dictionary Kids array must be valid Page or Pages dictionaries.</gw:TechnicalDescription>\n\t\t\t\t\t\t<gw:IssueId>186451589</gw:IssueId>\n\t\t\t\t\t\t<gw:InstanceCount>14</gw:InstanceCount>\n\t\t\t\t\t\t<gw:RiskLevel>Medium</gw:RiskLevel>\n\t\t\t\t\t</gw:IssueItem>\n\t\t\t\t</gw:IssueItems>\n\t\t\t</gw:ContentGroup>\n\t\t\t<gw:ContentGroup>\n\t\t\t\t<gw:BriefDescription>PDF document has Colour Space Data Instances</gw:BriefDescription>\n\t\t\t\t<gw:ContentItems itemCount=\"2\">\n\t\t\t\t\t<gw:ContentItem>\n\t\t\t\t\t\t<gw:TechnicalDescription>Colour Space Instances</gw:TechnicalDescription>\n\t\t\t\t\t\t<gw:InstanceCount>4</gw:InstanceCount>\n\t\t\t\t\t\t<gw:TotalSizeInBytes>250902</gw:TotalSizeInBytes>\n\t\t\t\t\t\t<gw:AverageSizeInBytes>62725</gw:AverageSizeInBytes>\n\t\t\t\t\t\t<gw:MinSizeInBytes>15465</gw:MinSizeInBytes>\n\t\t\t\t\t\t<gw:MaxSizeInBytes>185534</gw:MaxSizeInBytes>\n\t\t\t\t\t</gw:ContentItem>\n\t\t\t\t\t<gw:ContentItem>\n\t\t\t\t\t\t<gw:TechnicalDescription>Direct Colour Space Instances</gw:TechnicalDescription>\n\t\t\t\t\t\t<gw:InstanceCount>4</gw:InstanceCount>\n\t\t\t\t\t\t<gw:TotalSizeInBytes>250902</gw:TotalSizeInBytes>\n\t\t\t\t\t\t<gw:AverageSizeInBytes>62725</gw:AverageSizeInBytes>\n\t\t\t\t\t\t<gw:MinSizeInBytes>15465</gw:MinSizeInBytes>\n\t\t\t\t\t\t<gw:MaxSizeInBytes>185534</gw:MaxSizeInBytes>\n\t\t\t\t\t</gw:ContentItem>\n\t\t\t\t</gw:ContentItems>\n\t\t\t\t<gw:SanitisationItems itemCount=\"0\" />\n\t\t\t\t<gw:RemedyItems itemCount=\"0\" />\n\t\t\t\t<gw:IssueItems itemCount=\"0\" />\n\t\t\t</gw:ContentGroup>\n\t\t\t<gw:ContentGroup>\n\t\t\t\t<gw:BriefDescription>PDF document has Common Supporting Data Instances</gw:BriefDescription>\n\t\t\t\t<gw:ContentItems itemCount=\"8\">\n\t\t\t\t\t<gw:ContentItem>\n\t\t\t\t\t\t<gw:TechnicalDescription>BBOX Rectangle Instances</gw:TechnicalDescription>\n\t\t\t\t\t\t<gw:InstanceCount>2</gw:InstanceCount>\n\t\t\t\t\t\t<gw:TotalSizeInBytes>766</gw:TotalSizeInBytes>\n\t\t\t\t\t\t<gw:AverageSizeInBytes>383</gw:AverageSizeInBytes>\n\t\t\t\t\t\t<gw:MinSizeInBytes>383</gw:MinSizeInBytes>\n\t\t\t\t\t\t<gw:MaxSizeInBytes>383</gw:MaxSizeInBytes>\n\t\t\t\t\t</gw:ContentItem>\n\t\t\t\t\t<gw:ContentItem>\n\t\t\t\t\t\t<gw:TechnicalDescription>Direct Dictionary Value</gw:TechnicalDescription>\n\t\t\t\t\t\t<gw:InstanceCount>473</gw:InstanceCount>\n\t\t\t\t\t\t<gw:TotalSizeInBytes>2828</gw:TotalSizeInBytes>\n\t\t\t\t\t\t<gw:AverageSizeInBytes>5</gw:AverageSizeInBytes>\n\t\t\t\t\t\t<gw:MinSizeInBytes>1</gw:MinSizeInBytes>\n\t\t\t\t\t\t<gw:MaxSizeInBytes>57</gw:MaxSizeInBytes>\n\t\t\t\t\t</gw:ContentItem>\n\t\t\t\t\t<gw:ContentItem>\n\t\t\t\t\t\t<gw:TechnicalDescription>Glyph Rectangle Instances</gw:TechnicalDescription>\n\t\t\t\t\t\t<gw:InstanceCount>8</gw:InstanceCount>\n\t\t\t\t\t\t<gw:TotalSizeInBytes>1530</gw:TotalSizeInBytes>\n\t\t\t\t\t\t<gw:AverageSizeInBytes>191</gw:AverageSizeInBytes>\n\t\t\t\t\t\t<gw:MinSizeInBytes>178</gw:MinSizeInBytes>\n\t\t\t\t\t\t<gw:MaxSizeInBytes>230</gw:MaxSizeInBytes>\n\t\t\t\t\t</gw:ContentItem>\n\t\t\t\t\t<gw:ContentItem>\n\t\t\t\t\t\t<gw:TechnicalDescription>Group Attributes Dictionary Instances</gw:TechnicalDescription>\n\t\t\t\t\t\t<gw:InstanceCount>2</gw:InstanceCount>\n\t\t\t\t\t\t<gw:TotalSizeInBytes>766</gw:TotalSizeInBytes>\n\t\t\t\t\t\t<gw:AverageSizeInBytes>383</gw:AverageSizeInBytes>\n\t\t\t\t\t\t<gw:MinSizeInBytes>383</gw:MinSizeInBytes>\n\t\t\t\t\t\t<gw:MaxSizeInBytes>383</gw:MaxSizeInBytes>\n\t\t\t\t\t</gw:ContentItem>\n\t\t\t\t\t<gw:ContentItem>\n\t\t\t\t\t\t<gw:TechnicalDescription>Known Dictionary</gw:TechnicalDescription>\n\t\t\t\t\t\t<gw:InstanceCount>94</gw:InstanceCount>\n\t\t\t\t\t\t<gw:TotalSizeInBytes>2694400</gw:TotalSizeInBytes>\n\t\t\t\t\t\t<gw:AverageSizeInBytes>28663</gw:AverageSizeInBytes>\n\t\t\t\t\t\t<gw:MinSizeInBytes>0</gw:MinSizeInBytes>\n\t\t\t\t\t\t<gw:MaxSizeInBytes>363719</gw:MaxSizeInBytes>\n\t\t\t\t\t</gw:ContentItem>\n\t\t\t\t\t<gw:ContentItem>\n\t\t\t\t\t\t<gw:TechnicalDescription>Numeric Array Instances</gw:TechnicalDescription>\n\t\t\t\t\t\t<gw:InstanceCount>54</gw:InstanceCount>\n\t\t\t\t\t\t<gw:TotalSizeInBytes>26761</gw:TotalSizeInBytes>\n\t\t\t\t\t\t<gw:AverageSizeInBytes>495</gw:AverageSizeInBytes>\n\t\t\t\t\t\t<gw:MinSizeInBytes>383</gw:MinSizeInBytes>\n\t\t\t\t\t\t<gw:MaxSizeInBytes>986</gw:MaxSizeInBytes>\n\t\t\t\t\t</gw:ContentItem>\n\t\t\t\t\t<gw:ContentItem>\n\t\t\t\t\t\t<gw:TechnicalDescription>Page Rectangle Instances</gw:TechnicalDescription>\n\t\t\t\t\t\t<gw:InstanceCount>14</gw:InstanceCount>\n\t\t\t\t\t\t<gw:TotalSizeInBytes>4423</gw:TotalSizeInBytes>\n\t\t\t\t\t\t<gw:AverageSizeInBytes>315</gw:AverageSizeInBytes>\n\t\t\t\t\t\t<gw:MinSizeInBytes>278</gw:MinSizeInBytes>\n\t\t\t\t\t\t<gw:MaxSizeInBytes>377</gw:MaxSizeInBytes>\n\t\t\t\t\t</gw:ContentItem>\n\t\t\t\t\t<gw:ContentItem>\n\t\t\t\t\t\t<gw:TechnicalDescription>Rectangle Instances</gw:TechnicalDescription>\n\t\t\t\t\t\t<gw:InstanceCount>24</gw:InstanceCount>\n\t\t\t\t\t\t<gw:TotalSizeInBytes>6719</gw:TotalSizeInBytes>\n\t\t\t\t\t\t<gw:AverageSizeInBytes>279</gw:AverageSizeInBytes>\n\t\t\t\t\t\t<gw:MinSizeInBytes>178</gw:MinSizeInBytes>\n\t\t\t\t\t\t<gw:MaxSizeInBytes>383</gw:MaxSizeInBytes>\n\t\t\t\t\t</gw:ContentItem>\n\t\t\t\t</gw:ContentItems>\n\t\t\t\t<gw:SanitisationItems itemCount=\"0\" />\n\t\t\t\t<gw:RemedyItems itemCount=\"0\" />\n\t\t\t\t<gw:IssueItems itemCount=\"0\" />\n\t\t\t</gw:ContentGroup>\n\t\t\t<gw:ContentGroup>\n\t\t\t\t<gw:BriefDescription>PDF document has Name Tree Data Instances</gw:BriefDescription>\n\t\t\t\t<gw:ContentItems itemCount=\"8\">\n\t\t\t\t\t<gw:ContentItem>\n\t\t\t\t\t\t<gw:TechnicalDescription>Catalog Dictionary Names Dictionary</gw:TechnicalDescription>\n\t\t\t\t\t\t<gw:InstanceCount>1</gw:InstanceCount>\n\t\t\t\t\t\t<gw:TotalSizeInBytes>58</gw:TotalSizeInBytes>\n\t\t\t\t\t\t<gw:AverageSizeInBytes>58</gw:AverageSizeInBytes>\n\t\t\t\t\t\t<gw:MinSizeInBytes>58</gw:MinSizeInBytes>\n\t\t\t\t\t\t<gw:MaxSizeInBytes>58</gw:MaxSizeInBytes>\n\t\t\t\t\t</gw:ContentItem>\n\t\t\t\t\t<gw:ContentItem>\n\t\t\t\t\t\t<gw:TechnicalDescription>Catalog Names Tree Dictionary Instances</gw:TechnicalDescription>\n\t\t\t\t\t\t<gw:InstanceCount>1</gw:InstanceCount>\n\t\t\t\t\t\t<gw:TotalSizeInBytes>38</gw:TotalSizeInBytes>\n\t\t\t\t\t\t<gw:AverageSizeInBytes>38</gw:AverageSizeInBytes>\n\t\t\t\t\t\t<gw:MinSizeInBytes>38</gw:MinSizeInBytes>\n\t\t\t\t\t\t<gw:MaxSizeInBytes>38</gw:MaxSizeInBytes>\n\t\t\t\t\t</gw:ContentItem>\n\t\t\t\t\t<gw:ContentItem>\n\t\t\t\t\t\t<gw:TechnicalDescription>Embedded File Instances</gw:TechnicalDescription>\n\t\t\t\t\t\t<gw:InstanceCount>1</gw:InstanceCount>\n\t\t\t\t\t\t<gw:TotalSizeInBytes>38</gw:TotalSizeInBytes>\n\t\t\t\t\t\t<gw:AverageSizeInBytes>38</gw:AverageSizeInBytes>\n\t\t\t\t\t\t<gw:MinSizeInBytes>38</gw:MinSizeInBytes>\n\t\t\t\t\t\t<gw:MaxSizeInBytes>38</gw:MaxSizeInBytes>\n\t\t\t\t\t</gw:ContentItem>\n\t\t\t\t\t<gw:ContentItem>\n\t\t\t\t\t\t<gw:TechnicalDescription>Embedded File Stream Content Instances</gw:TechnicalDescription>\n\t\t\t\t\t\t<gw:InstanceCount>1</gw:InstanceCount>\n\t\t\t\t\t\t<gw:TotalSizeInBytes>281671</gw:TotalSizeInBytes>\n\t\t\t\t\t\t<gw:AverageSizeInBytes>281671</gw:AverageSizeInBytes>\n\t\t\t\t\t\t<gw:MinSizeInBytes>281671</gw:MinSizeInBytes>\n\t\t\t\t\t\t<gw:MaxSizeInBytes>281671</gw:MaxSizeInBytes>\n\t\t\t\t\t</gw:ContentItem>\n\t\t\t\t\t<gw:ContentItem>\n\t\t\t\t\t\t<gw:TechnicalDescription>Embedded File Stream Instances</gw:TechnicalDescription>\n\t\t\t\t\t\t<gw:InstanceCount>1</gw:InstanceCount>\n\t\t\t\t\t\t<gw:TotalSizeInBytes>113</gw:TotalSizeInBytes>\n\t\t\t\t\t\t<gw:AverageSizeInBytes>113</gw:AverageSizeInBytes>\n\t\t\t\t\t\t<gw:MinSizeInBytes>113</gw:MinSizeInBytes>\n\t\t\t\t\t\t<gw:MaxSizeInBytes>113</gw:MaxSizeInBytes>\n\t\t\t\t\t</gw:ContentItem>\n\t\t\t\t\t<gw:ContentItem>\n\t\t\t\t\t\t<gw:TechnicalDescription>Embedded File Stream Parameters Content Instances</gw:TechnicalDescription>\n\t\t\t\t\t\t<gw:InstanceCount>1</gw:InstanceCount>\n\t\t\t\t\t\t<gw:TotalSizeInBytes>281671</gw:TotalSizeInBytes>\n\t\t\t\t\t\t<gw:AverageSizeInBytes>281671</gw:AverageSizeInBytes>\n\t\t\t\t\t\t<gw:MinSizeInBytes>281671</gw:MinSizeInBytes>\n\t\t\t\t\t\t<gw:MaxSizeInBytes>281671</gw:MaxSizeInBytes>\n\t\t\t\t\t</gw:ContentItem>\n\t\t\t\t\t<gw:ContentItem>\n\t\t\t\t\t\t<gw:TechnicalDescription>File Specification Instances</gw:TechnicalDescription>\n\t\t\t\t\t\t<gw:InstanceCount>1</gw:InstanceCount>\n\t\t\t\t\t\t<gw:TotalSizeInBytes>113</gw:TotalSizeInBytes>\n\t\t\t\t\t\t<gw:AverageSizeInBytes>113</gw:AverageSizeInBytes>\n\t\t\t\t\t\t<gw:MinSizeInBytes>113</gw:MinSizeInBytes>\n\t\t\t\t\t\t<gw:MaxSizeInBytes>113</gw:MaxSizeInBytes>\n\t\t\t\t\t</gw:ContentItem>\n\t\t\t\t\t<gw:ContentItem>\n\t\t\t\t\t\t<gw:TechnicalDescription>Files Tree Instances</gw:TechnicalDescription>\n\t\t\t\t\t\t<gw:InstanceCount>1</gw:InstanceCount>\n\t\t\t\t\t\t<gw:TotalSizeInBytes>36</gw:TotalSizeInBytes>\n\t\t\t\t\t\t<gw:AverageSizeInBytes>36</gw:AverageSizeInBytes>\n\t\t\t\t\t\t<gw:MinSizeInBytes>36</gw:MinSizeInBytes>\n\t\t\t\t\t\t<gw:MaxSizeInBytes>36</gw:MaxSizeInBytes>\n\t\t\t\t\t</gw:ContentItem>\n\t\t\t\t</gw:ContentItems>\n\t\t\t\t<gw:SanitisationItems itemCount=\"1\">\n\t\t\t\t\t<gw:SanitisationItem>\n\t\t\t\t\t\t<gw:TechnicalDescription>Embedded file content present.</gw:TechnicalDescription>\n\t\t\t\t\t\t<gw:SanitisationId>197984282</gw:SanitisationId>\n\t\t\t\t\t\t<gw:InstanceCount>1</gw:InstanceCount>\n\t\t\t\t\t\t<gw:TotalSizeInBytes>38</gw:TotalSizeInBytes>\n\t\t\t\t\t\t<gw:AverageSizeInBytes>38</gw:AverageSizeInBytes>\n\t\t\t\t\t\t<gw:MinSizeInBytes>38</gw:MinSizeInBytes>\n\t\t\t\t\t\t<gw:MaxSizeInBytes>38</gw:MaxSizeInBytes>\n\t\t\t\t\t</gw:SanitisationItem>\n\t\t\t\t</gw:SanitisationItems>\n\t\t\t\t<gw:RemedyItems itemCount=\"0\" />\n\t\t\t\t<gw:IssueItems itemCount=\"0\" />\n\t\t\t</gw:ContentGroup>\n\t\t\t<gw:ContentGroup>\n\t\t\t\t<gw:BriefDescription>PDF document has Trailer Data Instances</gw:BriefDescription>\n\t\t\t\t<gw:ContentItems itemCount=\"3\">\n\t\t\t\t\t<gw:ContentItem>\n\t\t\t\t\t\t<gw:TechnicalDescription>PDF Document trailer ID Array Instances</gw:TechnicalDescription>\n\t\t\t\t\t\t<gw:InstanceCount>1</gw:InstanceCount>\n\t\t\t\t\t\t<gw:TotalSizeInBytes>0</gw:TotalSizeInBytes>\n\t\t\t\t\t\t<gw:AverageSizeInBytes>0</gw:AverageSizeInBytes>\n\t\t\t\t\t\t<gw:MinSizeInBytes>0</gw:MinSizeInBytes>\n\t\t\t\t\t\t<gw:MaxSizeInBytes>0</gw:MaxSizeInBytes>\n\t\t\t\t\t</gw:ContentItem>\n\t\t\t\t\t<gw:ContentItem>\n\t\t\t\t\t\t<gw:TechnicalDescription>PDF Document trailer Instances</gw:TechnicalDescription>\n\t\t\t\t\t\t<gw:InstanceCount>1</gw:InstanceCount>\n\t\t\t\t\t\t<gw:TotalSizeInBytes>0</gw:TotalSizeInBytes>\n\t\t\t\t\t\t<gw:AverageSizeInBytes>0</gw:AverageSizeInBytes>\n\t\t\t\t\t\t<gw:MinSizeInBytes>0</gw:MinSizeInBytes>\n\t\t\t\t\t\t<gw:MaxSizeInBytes>0</gw:MaxSizeInBytes>\n\t\t\t\t\t</gw:ContentItem>\n\t\t\t\t\t<gw:ContentItem>\n\t\t\t\t\t\t<gw:TechnicalDescription>PDF Document trailer Size Instances</gw:TechnicalDescription>\n\t\t\t\t\t\t<gw:InstanceCount>1</gw:InstanceCount>\n\t\t\t\t\t\t<gw:TotalSizeInBytes>0</gw:TotalSizeInBytes>\n\t\t\t\t\t\t<gw:AverageSizeInBytes>0</gw:AverageSizeInBytes>\n\t\t\t\t\t\t<gw:MinSizeInBytes>0</gw:MinSizeInBytes>\n\t\t\t\t\t\t<gw:MaxSizeInBytes>0</gw:MaxSizeInBytes>\n\t\t\t\t\t</gw:ContentItem>\n\t\t\t\t</gw:ContentItems>\n\t\t\t\t<gw:SanitisationItems itemCount=\"0\" />\n\t\t\t\t<gw:RemedyItems itemCount=\"0\" />\n\t\t\t\t<gw:IssueItems itemCount=\"0\" />\n\t\t\t</gw:ContentGroup>\n\t\t\t<gw:ContentGroup>\n\t\t\t\t<gw:BriefDescription>PDF document has Catalog Data Instances</gw:BriefDescription>\n\t\t\t\t<gw:ContentItems itemCount=\"1\">\n\t\t\t\t\t<gw:ContentItem>\n\t\t\t\t\t\t<gw:TechnicalDescription>Catalog Data</gw:TechnicalDescription>\n\t\t\t\t\t\t<gw:InstanceCount>1</gw:InstanceCount>\n\t\t\t\t\t\t<gw:TotalSizeInBytes>58</gw:TotalSizeInBytes>\n\t\t\t\t\t\t<gw:AverageSizeInBytes>58</gw:AverageSizeInBytes>\n\t\t\t\t\t\t<gw:MinSizeInBytes>58</gw:MinSizeInBytes>\n\t\t\t\t\t\t<gw:MaxSizeInBytes>58</gw:MaxSizeInBytes>\n\t\t\t\t\t</gw:ContentItem>\n\t\t\t\t</gw:ContentItems>\n\t\t\t\t<gw:SanitisationItems itemCount=\"0\" />\n\t\t\t\t<gw:RemedyItems itemCount=\"0\" />\n\t\t\t\t<gw:IssueItems itemCount=\"0\" />\n\t\t\t</gw:ContentGroup>\n\t\t\t<gw:ContentGroup>\n\t\t\t\t<gw:BriefDescription>PDF document has XObject Data Instances</gw:BriefDescription>\n\t\t\t\t<gw:ContentItems itemCount=\"3\">\n\t\t\t\t\t<gw:ContentItem>\n\t\t\t\t\t\t<gw:TechnicalDescription>Direct Image Xobject Instances</gw:TechnicalDescription>\n\t\t\t\t\t\t<gw:InstanceCount>4</gw:InstanceCount>\n\t\t\t\t\t\t<gw:TotalSizeInBytes>250902</gw:TotalSizeInBytes>\n\t\t\t\t\t\t<gw:AverageSizeInBytes>62725</gw:AverageSizeInBytes>\n\t\t\t\t\t\t<gw:MinSizeInBytes>15465</gw:MinSizeInBytes>\n\t\t\t\t\t\t<gw:MaxSizeInBytes>185534</gw:MaxSizeInBytes>\n\t\t\t\t\t</gw:ContentItem>\n\t\t\t\t\t<gw:ContentItem>\n\t\t\t\t\t\t<gw:TechnicalDescription>Form Xobject Instances</gw:TechnicalDescription>\n\t\t\t\t\t\t<gw:InstanceCount>2</gw:InstanceCount>\n\t\t\t\t\t\t<gw:TotalSizeInBytes>766</gw:TotalSizeInBytes>\n\t\t\t\t\t\t<gw:AverageSizeInBytes>383</gw:AverageSizeInBytes>\n\t\t\t\t\t\t<gw:MinSizeInBytes>383</gw:MinSizeInBytes>\n\t\t\t\t\t\t<gw:MaxSizeInBytes>383</gw:MaxSizeInBytes>\n\t\t\t\t\t</gw:ContentItem>\n\t\t\t\t\t<gw:ContentItem>\n\t\t\t\t\t\t<gw:TechnicalDescription>Xobject Instances</gw:TechnicalDescription>\n\t\t\t\t\t\t<gw:InstanceCount>6</gw:InstanceCount>\n\t\t\t\t\t\t<gw:TotalSizeInBytes>2262</gw:TotalSizeInBytes>\n\t\t\t\t\t\t<gw:AverageSizeInBytes>377</gw:AverageSizeInBytes>\n\t\t\t\t\t\t<gw:MinSizeInBytes>377</gw:MinSizeInBytes>\n\t\t\t\t\t\t<gw:MaxSizeInBytes>377</gw:MaxSizeInBytes>\n\t\t\t\t\t</gw:ContentItem>\n\t\t\t\t</gw:ContentItems>\n\t\t\t\t<gw:SanitisationItems itemCount=\"0\" />\n\t\t\t\t<gw:RemedyItems itemCount=\"0\" />\n\t\t\t\t<gw:IssueItems itemCount=\"0\" />\n\t\t\t</gw:ContentGroup>\n\t\t</gw:ContentGroups>\n\t\t<gw:ExtractedItems itemCount=\"0\" />\n\t</gw:DocumentStatistics>\n</gw:GWallInfo>\n"