"<?xml version=\"1.0\" encoding=\"utf-8\"?>\n<gw:GWallInfo xsi:schemaLocation=\"http://glasswall.com/namespace/gwallInfo.xsd\" xmlns:xsi=\"http://www.w3.org/2001/XMLSchema-instance\" xmlns:gw=\"http://glasswall.com/namespace\">\n\t<gw:DocumentStatistics>\n\t\t<gw:DocumentSummary>\n\t\t\t<gw:TotalSizeInBytes>0</gw:TotalSizeInBytes>\n\t\t\t<gw:FileType>pdf</gw:FileType>\n\t\t\t<gw:Version>PDF-1.7</gw:Version>\n\t\t</gw:DocumentSummary>\n\t\t<gw:ContentManagementPolicy>\n\t\t\t<gw:Camera cameraName=\"pdfConfig\">\n\t\t\t\t<gw:ContentSwitch>\n\t\t\t\t\t<gw:ContentName>metadata</gw:ContentName>\n\t\t\t\t\t<gw:ContentValue>sanitise</gw:ContentValue>\n\t\t\t\t</gw:ContentSwitch>\n\t\t\t\t<gw:ContentSwitch>\n\t\t\t\t\t<gw:ContentName>javascript</gw:ContentName>\n\t\t\t\t\t<gw:ContentValue>sanitise</gw:ContentValue>\n\t\t\t\t</gw:ContentSwitch>\n\t\t\t\t<gw:ContentSwitch>\n\t\t\t\t\t<gw:ContentName>acroform</gw:ContentName>\n\t\t\t\t\t<gw:ContentValue>sanitise</gw:ContentValue>\n\t\t\t\t</gw:ContentSwitch>\n\t\t\t\t<gw:ContentSwitch>\n\t\t\t\t\t<gw:ContentName>actions_all</gw:ContentName>\n\t\t\t\t\t<gw:ContentValue>sanitise</gw:ContentValue>\n\t\t\t\t</gw:ContentSwitch>\n\t\t\t\t<gw:ContentSwitch>\n\t\t\t\t\t<gw:ContentName>embedded_files</gw:ContentName>\n\t\t\t\t\t<gw:ContentValue>sanitise</gw:ContentValue>\n\t\t\t\t</gw:ContentSwitch>\n\t\t\t\t<gw:ContentSwitch>\n\t\t\t\t\t<gw:ContentName>external_hyperlinks</gw:ContentName>\n\t\t\t\t\t<gw:ContentValue>sanitise</gw:ContentValue>\n\t\t\t\t</gw:ContentSwitch>\n\t\t\t\t<gw:ContentSwitch>\n\t\t\t\t\t<gw:ContentName>internal_hyperlinks</gw:ContentName>\n\t\t\t\t\t<gw:ContentValue>sanitise</gw:ContentValue>\n\t\t\t\t</gw:ContentSwitch>\n\t\t\t\t<gw:ContentSwitch>\n\t\t\t\t\t<gw:ContentName>embedded_images</gw:ContentName>\n\t\t\t\t\t<gw:ContentValue>sanitise</gw:ContentValue>\n\t\t\t\t</gw:ContentSwitch>\n\t\t\t</gw:Camera>\n\t\t\t<gw:Camera cameraName=\"wordConfig\">\n\t\t\t\t<gw:ContentSwitch>\n\t\t\t\t\t<gw:ContentName>metadata</gw:ContentName>\n\t\t\t\t\t<gw:ContentValue>sanitise</gw:ContentValue>\n\t\t\t\t</gw:ContentSwitch>\n\t\t\t\t<gw:ContentSwitch>\n\t\t\t\t\t<gw:ContentName>macros</gw:ContentName>\n\t\t\t\t\t<gw:ContentValue>sanitise</gw:ContentValue>\n\t\t\t\t</gw:ContentSwitch>\n\t\t\t\t<gw:ContentSwitch>\n\t\t\t\t\t<gw:ContentName>embedded_files</gw:ContentName>\n\t\t\t\t\t<gw:ContentValue>sanitise</gw:ContentValue>\n\t\t\t\t</gw:ContentSwitch>\n\t\t\t\t<gw:ContentSwitch>\n\t\t\t\t\t<gw:ContentName>review_comments</gw:ContentName>\n\t\t\t\t\t<gw:ContentValue>sanitise</gw:ContentValue>\n\t\t\t\t</gw:ContentSwitch>\n\t\t\t\t<gw:ContentSwitch>\n\t\t\t\t\t<gw:ContentName>internal_hyperlinks</gw:ContentName>\n\t\t\t\t\t<gw:ContentValue>sanitise</gw:ContentValue>\n\t\t\t\t</gw:ContentSwitch>\n\t\t\t\t<gw:ContentSwitch>\n\t\t\t\t\t<gw:ContentName>external_hyperlinks</gw:ContentName>\n\t\t\t\t\t<gw:ContentValue>sanitise</gw:ContentValue>\n\t\t\t\t</gw:ContentSwitch>\n\t\t\t\t<gw:ContentSwitch>\n\t\t\t\t\t<gw:ContentName>dynamic_data_exchange</gw:ContentName>\n\t\t\t\t\t<gw:ContentValue>sanitise</gw:ContentValue>\n\t\t\t\t</gw:ContentSwitch>\n\t\t\t\t<gw:ContentSwitch>\n\t\t\t\t\t<gw:ContentName>embedded_images</gw:ContentName>\n\t\t\t\t\t<gw:ContentValue>sanitise</gw:ContentValue>\n\t\t\t\t</gw:ContentSwitch>\n\t\t\t</gw:Camera>\n\t\t\t<gw:Camera cameraName=\"pptConfig\">\n\t\t\t\t<gw:ContentSwitch>\n\t\t\t\t\t<gw:ContentName>metadata</gw:ContentName>\n\t\t\t\t\t<gw:ContentValue>sanitise</gw:ContentValue>\n\t\t\t\t</gw:ContentSwitch>\n\t\t\t\t<gw:ContentSwitch>\n\t\t\t\t\t<gw:ContentName>macros</gw:ContentName>\n\t\t\t\t\t<gw:ContentValue>sanitise</gw:ContentValue>\n\t\t\t\t</gw:ContentSwitch>\n\t\t\t\t<gw:ContentSwitch>\n\t\t\t\t\t<gw:ContentName>embedded_files</gw:ContentName>\n\t\t\t\t\t<gw:ContentValue>sanitise</gw:ContentValue>\n\t\t\t\t</gw:ContentSwitch>\n\t\t\t\t<gw:ContentSwitch>\n\t\t\t\t\t<gw:ContentName>review_comments</gw:ContentName>\n\t\t\t\t\t<gw:ContentValue>sanitise</gw:ContentValue>\n\t\t\t\t</gw:ContentSwitch>\n\t\t\t\t<gw:ContentSwitch>\n\t\t\t\t\t<gw:ContentName>internal_hyperlinks</gw:ContentName>\n\t\t\t\t\t<gw:ContentValue>sanitise</gw:ContentValue>\n\t\t\t\t</gw:ContentSwitch>\n\t\t\t\t<gw:ContentSwitch>\n\t\t\t\t\t<gw:ContentName>external_hyperlinks</gw:ContentName>\n\t\t\t\t\t<gw:ContentValue>sanitise</gw:ContentValue>\n\t\t\t\t</gw:ContentSwitch>\n\t\t\t\t<gw:ContentSwitch>\n\t\t\t\t\t<gw:ContentName>embedded_images</gw:ContentName>\n\t\t\t\t\t<gw:ContentValue>sanitise</gw:ContentValue>\n\t\t\t\t</gw:ContentSwitch>\n\t\t\t</gw:Camera>\n\t\t\t<gw:Camera cameraName=\"xlsConfig\">\n\t\t\t\t<gw:ContentSwitch>\n\t\t\t\t\t<gw:ContentName>metadata</gw:ContentName>\n\t\t\t\t\t<gw:ContentValue>sanitise</gw:ContentValue>\n\t\t\t\t</gw:ContentSwitch>\n\t\t\t\t<gw:ContentSwitch>\n\t\t\t\t\t<gw:ContentName>macros</gw:ContentName>\n\t\t\t\t\t<gw:ContentValue>sanitise</gw:ContentValue>\n\t\t\t\t</gw:ContentSwitch>\n\t\t\t\t<gw:ContentSwitch>\n\t\t\t\t\t<gw:ContentName>embedded_files</gw:ContentName>\n\t\t\t\t\t<gw:ContentValue>sanitise</gw:ContentValue>\n\t\t\t\t</gw:ContentSwitch>\n\t\t\t\t<gw:ContentSwitch>\n\t\t\t\t\t<gw:ContentName>internal_hyperlinks</gw:ContentName>\n\t\t\t\t\t<gw:ContentValue>sanitise</gw:ContentValue>\n\t\t\t\t</gw:ContentSwitch>\n\t\t\t\t<gw:ContentSwitch>\n\t\t\t\t\t<gw:ContentName>external_hyperlinks</gw:ContentName>\n\t\t\t\t\t<gw:ContentValue>sanitise</gw:ContentValue>\n\t\t\t\t</gw:ContentSwitch>\n\t\t\t\t<gw:ContentSwitch>\n\t\t\t\t\t<gw:ContentName>review_comments</gw:ContentName>\n\t\t\t\t\t<gw:ContentValue>sanitise</gw:ContentValue>\n\t\t\t\t</gw:ContentSwitch>\n\t\t\t\t<gw:ContentSwitch>\n\t\t\t\t\t<gw:ContentName>dynamic_data_exchange</gw:ContentName>\n\t\t\t\t\t<gw:ContentValue>sanitise</gw:ContentValue>\n\t\t\t\t</gw:ContentSwitch>\n\t\t\t\t<gw:ContentSwitch>\n\t\t\t\t\t<gw:ContentName>embedded_images</gw:ContentName>\n\t\t\t\t\t<gw:ContentValue>sanitise</gw:ContentValue>\n\t\t\t\t</gw:ContentSwitch>\n\t\t\t</gw:Camera>\n\t\t</gw:ContentManagementPolicy>\n\t\t<gw:ContentGroups groupCount=\"18\">\n\t\t\t<gw:ContentGroup>\n\t\t\t\t<gw:BriefDescription>PDF document has Basic File Section structure instances</gw:BriefDescription>\n\t\t\t\t<gw:ContentItems itemCount=\"3\">\n\t\t\t\t\t<gw:ContentItem>\n\t\t\t\t\t\t<gw:TechnicalDescription>PDF Header Instances</gw:TechnicalDescription>\n\t\t\t\t\t\t<gw:InstanceCount>1</gw:InstanceCount>\n\t\t\t\t\t\t<gw:TotalSizeInBytes>16</gw:TotalSizeInBytes>\n\t\t\t\t\t\t<gw:AverageSizeInBytes>16</gw:AverageSizeInBytes>\n\t\t\t\t\t\t<gw:MinSizeInBytes>16</gw:MinSizeInBytes>\n\t\t\t\t\t\t<gw:MaxSizeInBytes>16</gw:MaxSizeInBytes>\n\t\t\t\t\t</gw:ContentItem>\n\t\t\t\t\t<gw:ContentItem>\n\t\t\t\t\t\t<gw:TechnicalDescription>PDF Object Instances</gw:TechnicalDescription>\n\t\t\t\t\t\t<gw:InstanceCount>19</gw:InstanceCount>\n\t\t\t\t\t\t<gw:TotalSizeInBytes>539150</gw:TotalSizeInBytes>\n\t\t\t\t\t\t<gw:AverageSizeInBytes>28376</gw:AverageSizeInBytes>\n\t\t\t\t\t\t<gw:MinSizeInBytes>48</gw:MinSizeInBytes>\n\t\t\t\t\t\t<gw:MaxSizeInBytes>430665</gw:MaxSizeInBytes>\n\t\t\t\t\t</gw:ContentItem>\n\t\t\t\t\t<gw:ContentItem>\n\t\t\t\t\t\t<gw:TechnicalDescription>PDF StartXref Section Instances</gw:TechnicalDescription>\n\t\t\t\t\t\t<gw:InstanceCount>1</gw:InstanceCount>\n\t\t\t\t\t\t<gw:TotalSizeInBytes>22</gw:TotalSizeInBytes>\n\t\t\t\t\t\t<gw:AverageSizeInBytes>22</gw:AverageSizeInBytes>\n\t\t\t\t\t\t<gw:MinSizeInBytes>22</gw:MinSizeInBytes>\n\t\t\t\t\t\t<gw:MaxSizeInBytes>22</gw:MaxSizeInBytes>\n\t\t\t\t\t</gw:ContentItem>\n\t\t\t\t</gw:ContentItems>\n\t\t\t\t<gw:SanitisationItems itemCount=\"0\" />\n\t\t\t\t<gw:RemedyItems itemCount=\"4\">\n\t\t\t\t\t<gw:RemedyItem>\n\t\t\t\t\t\t<gw:TechnicalDescription>Pdf Object Instances Not Regenerated.</gw:TechnicalDescription>\n\t\t\t\t\t\t<gw:InstanceCount>1</gw:InstanceCount>\n\t\t\t\t\t</gw:RemedyItem>\n\t\t\t\t\t<gw:RemedyItem>\n\t\t\t\t\t\t<gw:TechnicalDescription>Recreate standard PDF section remedies.</gw:TechnicalDescription>\n\t\t\t\t\t\t<gw:InstanceCount>1</gw:InstanceCount>\n\t\t\t\t\t</gw:RemedyItem>\n\t\t\t\t\t<gw:RemedyItem>\n\t\t\t\t\t\t<gw:TechnicalDescription>Recreate standard PDF token remedies.</gw:TechnicalDescription>\n\t\t\t\t\t\t<gw:InstanceCount>1</gw:InstanceCount>\n\t\t\t\t\t</gw:RemedyItem>\n\t\t\t\t\t<gw:RemedyItem>\n\t\t\t\t\t\t<gw:TechnicalDescription>Remedy and insert missing Cross Reference Table entries.</gw:TechnicalDescription>\n\t\t\t\t\t\t<gw:InstanceCount>1</gw:InstanceCount>\n\t\t\t\t\t</gw:RemedyItem>\n\t\t\t\t</gw:RemedyItems>\n\t\t\t\t<gw:IssueItems itemCount=\"0\" />\n\t\t\t</gw:ContentGroup>\n\t\t\t<gw:ContentGroup>\n\t\t\t\t<gw:BriefDescription>PDF document has Basic Object Structure instances</gw:BriefDescription>\n\t\t\t\t<gw:ContentItems itemCount=\"14\">\n\t\t\t\t\t<gw:ContentItem>\n\t\t\t\t\t\t<gw:TechnicalDescription>ARRAY</gw:TechnicalDescription>\n\t\t\t\t\t\t<gw:InstanceCount>32</gw:InstanceCount>\n\t\t\t\t\t\t<gw:TotalSizeInBytes>32</gw:TotalSizeInBytes>\n\t\t\t\t\t\t<gw:AverageSizeInBytes>1</gw:AverageSizeInBytes>\n\t\t\t\t\t\t<gw:MinSizeInBytes>1</gw:MinSizeInBytes>\n\t\t\t\t\t\t<gw:MaxSizeInBytes>1</gw:MaxSizeInBytes>\n\t\t\t\t\t</gw:ContentItem>\n\t\t\t\t\t<gw:ContentItem>\n\t\t\t\t\t\t<gw:TechnicalDescription>ARRAY_end</gw:TechnicalDescription>\n\t\t\t\t\t\t<gw:InstanceCount>32</gw:InstanceCount>\n\t\t\t\t\t\t<gw:TotalSizeInBytes>32</gw:TotalSizeInBytes>\n\t\t\t\t\t\t<gw:AverageSizeInBytes>1</gw:AverageSizeInBytes>\n\t\t\t\t\t\t<gw:MinSizeInBytes>1</gw:MinSizeInBytes>\n\t\t\t\t\t\t<gw:MaxSizeInBytes>1</gw:MaxSizeInBytes>\n\t\t\t\t\t</gw:ContentItem>\n\t\t\t\t\t<gw:ContentItem>\n\t\t\t\t\t\t<gw:TechnicalDescription>BOOLEAN</gw:TechnicalDescription>\n\t\t\t\t\t\t<gw:InstanceCount>1</gw:InstanceCount>\n\t\t\t\t\t\t<gw:TotalSizeInBytes>4</gw:TotalSizeInBytes>\n\t\t\t\t\t\t<gw:AverageSizeInBytes>4</gw:AverageSizeInBytes>\n\t\t\t\t\t\t<gw:MinSizeInBytes>4</gw:MinSizeInBytes>\n\t\t\t\t\t\t<gw:MaxSizeInBytes>4</gw:MaxSizeInBytes>\n\t\t\t\t\t</gw:ContentItem>\n\t\t\t\t\t<gw:ContentItem>\n\t\t\t\t\t\t<gw:TechnicalDescription>DICTIONARY</gw:TechnicalDescription>\n\t\t\t\t\t\t<gw:InstanceCount>24</gw:InstanceCount>\n\t\t\t\t\t\t<gw:TotalSizeInBytes>48</gw:TotalSizeInBytes>\n\t\t\t\t\t\t<gw:AverageSizeInBytes>2</gw:AverageSizeInBytes>\n\t\t\t\t\t\t<gw:MinSizeInBytes>2</gw:MinSizeInBytes>\n\t\t\t\t\t\t<gw:MaxSizeInBytes>2</gw:MaxSizeInBytes>\n\t\t\t\t\t</gw:ContentItem>\n\t\t\t\t\t<gw:ContentItem>\n\t\t\t\t\t\t<gw:TechnicalDescription>DICTIONARY_end</gw:TechnicalDescription>\n\t\t\t\t\t\t<gw:InstanceCount>24</gw:InstanceCount>\n\t\t\t\t\t\t<gw:TotalSizeInBytes>48</gw:TotalSizeInBytes>\n\t\t\t\t\t\t<gw:AverageSizeInBytes>2</gw:AverageSizeInBytes>\n\t\t\t\t\t\t<gw:MinSizeInBytes>2</gw:MinSizeInBytes>\n\t\t\t\t\t\t<gw:MaxSizeInBytes>2</gw:MaxSizeInBytes>\n\t\t\t\t\t</gw:ContentItem>\n\t\t\t\t\t<gw:ContentItem>\n\t\t\t\t\t\t<gw:TechnicalDescription>NAME</gw:TechnicalDescription>\n\t\t\t\t\t\t<gw:InstanceCount>191</gw:InstanceCount>\n\t\t\t\t\t\t<gw:TotalSizeInBytes>1407</gw:TotalSizeInBytes>\n\t\t\t\t\t\t<gw:AverageSizeInBytes>7</gw:AverageSizeInBytes>\n\t\t\t\t\t\t<gw:MinSizeInBytes>2</gw:MinSizeInBytes>\n\t\t\t\t\t\t<gw:MaxSizeInBytes>20</gw:MaxSizeInBytes>\n\t\t\t\t\t</gw:ContentItem>\n\t\t\t\t\t<gw:ContentItem>\n\t\t\t\t\t\t<gw:TechnicalDescription>NUMERIC_INTEGER</gw:TechnicalDescription>\n\t\t\t\t\t\t<gw:InstanceCount>557</gw:InstanceCount>\n\t\t\t\t\t\t<gw:TotalSizeInBytes>1237</gw:TotalSizeInBytes>\n\t\t\t\t\t\t<gw:AverageSizeInBytes>2</gw:AverageSizeInBytes>\n\t\t\t\t\t\t<gw:MinSizeInBytes>1</gw:MinSizeInBytes>\n\t\t\t\t\t\t<gw:MaxSizeInBytes>6</gw:MaxSizeInBytes>\n\t\t\t\t\t</gw:ContentItem>\n\t\t\t\t\t<gw:ContentItem>\n\t\t\t\t\t\t<gw:TechnicalDescription>NUMERIC_REAL</gw:TechnicalDescription>\n\t\t\t\t\t\t<gw:InstanceCount>72</gw:InstanceCount>\n\t\t\t\t\t\t<gw:TotalSizeInBytes>511</gw:TotalSizeInBytes>\n\t\t\t\t\t\t<gw:AverageSizeInBytes>7</gw:AverageSizeInBytes>\n\t\t\t\t\t\t<gw:MinSizeInBytes>4</gw:MinSizeInBytes>\n\t\t\t\t\t\t<gw:MaxSizeInBytes>11</gw:MaxSizeInBytes>\n\t\t\t\t\t</gw:ContentItem>\n\t\t\t\t\t<gw:ContentItem>\n\t\t\t\t\t\t<gw:TechnicalDescription>REFERENCE</gw:TechnicalDescription>\n\t\t\t\t\t\t<gw:InstanceCount>20</gw:InstanceCount>\n\t\t\t\t\t\t<gw:TotalSizeInBytes>110</gw:TotalSizeInBytes>\n\t\t\t\t\t\t<gw:AverageSizeInBytes>5</gw:AverageSizeInBytes>\n\t\t\t\t\t\t<gw:MinSizeInBytes>5</gw:MinSizeInBytes>\n\t\t\t\t\t\t<gw:MaxSizeInBytes>6</gw:MaxSizeInBytes>\n\t\t\t\t\t</gw:ContentItem>\n\t\t\t\t\t<gw:ContentItem>\n\t\t\t\t\t\t<gw:TechnicalDescription>STREAM</gw:TechnicalDescription>\n\t\t\t\t\t\t<gw:InstanceCount>6</gw:InstanceCount>\n\t\t\t\t\t\t<gw:TotalSizeInBytes>535633</gw:TotalSizeInBytes>\n\t\t\t\t\t\t<gw:AverageSizeInBytes>89272</gw:AverageSizeInBytes>\n\t\t\t\t\t\t<gw:MinSizeInBytes>89</gw:MinSizeInBytes>\n\t\t\t\t\t\t<gw:MaxSizeInBytes>430498</gw:MaxSizeInBytes>\n\t\t\t\t\t</gw:ContentItem>\n\t\t\t\t\t<gw:ContentItem>\n\t\t\t\t\t\t<gw:TechnicalDescription>STREAM_GRAPHICS_CMD</gw:TechnicalDescription>\n\t\t\t\t\t\t<gw:InstanceCount>256</gw:InstanceCount>\n\t\t\t\t\t\t<gw:TotalSizeInBytes>409</gw:TotalSizeInBytes>\n\t\t\t\t\t\t<gw:AverageSizeInBytes>1</gw:AverageSizeInBytes>\n\t\t\t\t\t\t<gw:MinSizeInBytes>1</gw:MinSizeInBytes>\n\t\t\t\t\t\t<gw:MaxSizeInBytes>2</gw:MaxSizeInBytes>\n\t\t\t\t\t</gw:ContentItem>\n\t\t\t\t\t<gw:ContentItem>\n\t\t\t\t\t\t<gw:TechnicalDescription>STREAM_end</gw:TechnicalDescription>\n\t\t\t\t\t\t<gw:InstanceCount>6</gw:InstanceCount>\n\t\t\t\t\t\t<gw:TotalSizeInBytes>54</gw:TotalSizeInBytes>\n\t\t\t\t\t\t<gw:AverageSizeInBytes>9</gw:AverageSizeInBytes>\n\t\t\t\t\t\t<gw:MinSizeInBytes>9</gw:MinSizeInBytes>\n\t\t\t\t\t\t<gw:MaxSizeInBytes>9</gw:MaxSizeInBytes>\n\t\t\t\t\t</gw:ContentItem>\n\t\t\t\t\t<gw:ContentItem>\n\t\t\t\t\t\t<gw:TechnicalDescription>STRING_HEX</gw:TechnicalDescription>\n\t\t\t\t\t\t<gw:InstanceCount>2</gw:InstanceCount>\n\t\t\t\t\t\t<gw:TotalSizeInBytes>68</gw:TotalSizeInBytes>\n\t\t\t\t\t\t<gw:AverageSizeInBytes>34</gw:AverageSizeInBytes>\n\t\t\t\t\t\t<gw:MinSizeInBytes>34</gw:MinSizeInBytes>\n\t\t\t\t\t\t<gw:MaxSizeInBytes>34</gw:MaxSizeInBytes>\n\t\t\t\t\t</gw:ContentItem>\n\t\t\t\t\t<gw:ContentItem>\n\t\t\t\t\t\t<gw:TechnicalDescription>STRING_LITERAL</gw:TechnicalDescription>\n\t\t\t\t\t\t<gw:InstanceCount>32</gw:InstanceCount>\n\t\t\t\t\t\t<gw:TotalSizeInBytes>303</gw:TotalSizeInBytes>\n\t\t\t\t\t\t<gw:AverageSizeInBytes>9</gw:AverageSizeInBytes>\n\t\t\t\t\t\t<gw:MinSizeInBytes>2</gw:MinSizeInBytes>\n\t\t\t\t\t\t<gw:MaxSizeInBytes>69</gw:MaxSizeInBytes>\n\t\t\t\t\t</gw:ContentItem>\n\t\t\t\t</gw:ContentItems>\n\t\t\t\t<gw:SanitisationItems itemCount=\"0\" />\n\t\t\t\t<gw:RemedyItems itemCount=\"1\">\n\t\t\t\t\t<gw:RemedyItem>\n\t\t\t\t\t\t<gw:TechnicalDescription>Token tree instances removed.</gw:TechnicalDescription>\n\t\t\t\t\t\t<gw:InstanceCount>3</gw:InstanceCount>\n\t\t\t\t\t</gw:RemedyItem>\n\t\t\t\t</gw:RemedyItems>\n\t\t\t\t<gw:IssueItems itemCount=\"0\" />\n\t\t\t</gw:ContentGroup>\n\t\t\t<gw:ContentGroup>\n\t\t\t\t<gw:BriefDescription>PDF document has Compressed Cross Reference Table instances</gw:BriefDescription>\n\t\t\t\t<gw:ContentItems itemCount=\"1\">\n\t\t\t\t\t<gw:ContentItem>\n\t\t\t\t\t\t<gw:TechnicalDescription>Compressed Cross Reference Table</gw:TechnicalDescription>\n\t\t\t\t\t\t<gw:InstanceCount>2</gw:InstanceCount>\n\t\t\t\t\t\t<gw:TotalSizeInBytes>530</gw:TotalSizeInBytes>\n\t\t\t\t\t\t<gw:AverageSizeInBytes>265</gw:AverageSizeInBytes>\n\t\t\t\t\t\t<gw:MinSizeInBytes>265</gw:MinSizeInBytes>\n\t\t\t\t\t\t<gw:MaxSizeInBytes>265</gw:MaxSizeInBytes>\n\t\t\t\t\t</gw:ContentItem>\n\t\t\t\t</gw:ContentItems>\n\t\t\t\t<gw:SanitisationItems itemCount=\"0\" />\n\t\t\t\t<gw:RemedyItems itemCount=\"0\" />\n\t\t\t\t<gw:IssueItems itemCount=\"0\" />\n\t\t\t</gw:ContentGroup>\n\t\t\t<gw:ContentGroup>\n\t\t\t\t<gw:BriefDescription>PDF document has Content Stream Structure instances</gw:BriefDescription>\n\t\t\t\t<gw:ContentItems itemCount=\"1\">\n\t\t\t\t\t<gw:ContentItem>\n\t\t\t\t\t\t<gw:TechnicalDescription>Content Stream Structure</gw:TechnicalDescription>\n\t\t\t\t\t\t<gw:InstanceCount>4</gw:InstanceCount>\n\t\t\t\t\t\t<gw:TotalSizeInBytes>825</gw:TotalSizeInBytes>\n\t\t\t\t\t\t<gw:AverageSizeInBytes>206</gw:AverageSizeInBytes>\n\t\t\t\t\t\t<gw:MinSizeInBytes>56</gw:MinSizeInBytes>\n\t\t\t\t\t\t<gw:MaxSizeInBytes>394</gw:MaxSizeInBytes>\n\t\t\t\t\t</gw:ContentItem>\n\t\t\t\t</gw:ContentItems>\n\t\t\t\t<gw:SanitisationItems itemCount=\"0\" />\n\t\t\t\t<gw:RemedyItems itemCount=\"2\">\n\t\t\t\t\t<gw:RemedyItem>\n\t\t\t\t\t\t<gw:TechnicalDescription>Marked content tag /P not supported.</gw:TechnicalDescription>\n\t\t\t\t\t\t<gw:InstanceCount>19</gw:InstanceCount>\n\t\t\t\t\t</gw:RemedyItem>\n\t\t\t\t\t<gw:RemedyItem>\n\t\t\t\t\t\t<gw:TechnicalDescription>Marked content tag /Span not supported.</gw:TechnicalDescription>\n\t\t\t\t\t\t<gw:InstanceCount>1</gw:InstanceCount>\n\t\t\t\t\t</gw:RemedyItem>\n\t\t\t\t</gw:RemedyItems>\n\t\t\t\t<gw:IssueItems itemCount=\"0\" />\n\t\t\t</gw:ContentGroup>\n\t\t\t<gw:ContentGroup>\n\t\t\t\t<gw:BriefDescription>PDF document has Indirect Object Structure instances</gw:BriefDescription>\n\t\t\t\t<gw:ContentItems itemCount=\"1\">\n\t\t\t\t\t<gw:ContentItem>\n\t\t\t\t\t\t<gw:TechnicalDescription>Indirect Object</gw:TechnicalDescription>\n\t\t\t\t\t\t<gw:InstanceCount>89</gw:InstanceCount>\n\t\t\t\t\t\t<gw:TotalSizeInBytes>0</gw:TotalSizeInBytes>\n\t\t\t\t\t\t<gw:AverageSizeInBytes>0</gw:AverageSizeInBytes>\n\t\t\t\t\t\t<gw:MinSizeInBytes>0</gw:MinSizeInBytes>\n\t\t\t\t\t\t<gw:MaxSizeInBytes>0</gw:MaxSizeInBytes>\n\t\t\t\t\t</gw:ContentItem>\n\t\t\t\t</gw:ContentItems>\n\t\t\t\t<gw:SanitisationItems itemCount=\"0\" />\n\t\t\t\t<gw:RemedyItems itemCount=\"0\" />\n\t\t\t\t<gw:IssueItems itemCount=\"0\" />\n\t\t\t</gw:ContentGroup>\n\t\t\t<gw:ContentGroup>\n\t\t\t\t<gw:BriefDescription>PDF document has embedded Huffman Filter Stream instances</gw:BriefDescription>\n\t\t\t\t<gw:ContentItems itemCount=\"1\">\n\t\t\t\t\t<gw:ContentItem>\n\t\t\t\t\t\t<gw:TechnicalDescription>Embedded Huffman Filter Stream</gw:TechnicalDescription>\n\t\t\t\t\t\t<gw:InstanceCount>8</gw:InstanceCount>\n\t\t\t\t\t\t<gw:TotalSizeInBytes>535268</gw:TotalSizeInBytes>\n\t\t\t\t\t\t<gw:AverageSizeInBytes>66908</gw:AverageSizeInBytes>\n\t\t\t\t\t\t<gw:MinSizeInBytes>80</gw:MinSizeInBytes>\n\t\t\t\t\t\t<gw:MaxSizeInBytes>430489</gw:MaxSizeInBytes>\n\t\t\t\t\t</gw:ContentItem>\n\t\t\t\t</gw:ContentItems>\n\t\t\t\t<gw:SanitisationItems itemCount=\"0\" />\n\t\t\t\t<gw:RemedyItems itemCount=\"0\" />\n\t\t\t\t<gw:IssueItems itemCount=\"0\" />\n\t\t\t</gw:ContentGroup>\n\t\t\t<gw:ContentGroup>\n\t\t\t\t<gw:BriefDescription>PDF document has Standard Font Data Instances</gw:BriefDescription>\n\t\t\t\t<gw:ContentItems itemCount=\"4\">\n\t\t\t\t\t<gw:ContentItem>\n\t\t\t\t\t\t<gw:TechnicalDescription>/Helvetica</gw:TechnicalDescription>\n\t\t\t\t\t\t<gw:InstanceCount>1</gw:InstanceCount>\n\t\t\t\t\t\t<gw:TotalSizeInBytes>380</gw:TotalSizeInBytes>\n\t\t\t\t\t\t<gw:AverageSizeInBytes>380</gw:AverageSizeInBytes>\n\t\t\t\t\t\t<gw:MinSizeInBytes>380</gw:MinSizeInBytes>\n\t\t\t\t\t\t<gw:MaxSizeInBytes>380</gw:MaxSizeInBytes>\n\t\t\t\t\t</gw:ContentItem>\n\t\t\t\t\t<gw:ContentItem>\n\t\t\t\t\t\t<gw:TechnicalDescription>Direct Font Instances</gw:TechnicalDescription>\n\t\t\t\t\t\t<gw:InstanceCount>3</gw:InstanceCount>\n\t\t\t\t\t\t<gw:TotalSizeInBytes>1717</gw:TotalSizeInBytes>\n\t\t\t\t\t\t<gw:AverageSizeInBytes>572</gw:AverageSizeInBytes>\n\t\t\t\t\t\t<gw:MinSizeInBytes>299</gw:MinSizeInBytes>\n\t\t\t\t\t\t<gw:MaxSizeInBytes>1038</gw:MaxSizeInBytes>\n\t\t\t\t\t</gw:ContentItem>\n\t\t\t\t\t<gw:ContentItem>\n\t\t\t\t\t\t<gw:TechnicalDescription>Type 1 Font Instances</gw:TechnicalDescription>\n\t\t\t\t\t\t<gw:InstanceCount>3</gw:InstanceCount>\n\t\t\t\t\t\t<gw:TotalSizeInBytes>1717</gw:TotalSizeInBytes>\n\t\t\t\t\t\t<gw:AverageSizeInBytes>572</gw:AverageSizeInBytes>\n\t\t\t\t\t\t<gw:MinSizeInBytes>299</gw:MinSizeInBytes>\n\t\t\t\t\t\t<gw:MaxSizeInBytes>1038</gw:MaxSizeInBytes>\n\t\t\t\t\t</gw:ContentItem>\n\t\t\t\t\t<gw:ContentItem>\n\t\t\t\t\t\t<gw:TechnicalDescription>Unspecified Font Face Instances</gw:TechnicalDescription>\n\t\t\t\t\t\t<gw:InstanceCount>2</gw:InstanceCount>\n\t\t\t\t\t\t<gw:TotalSizeInBytes>1337</gw:TotalSizeInBytes>\n\t\t\t\t\t\t<gw:AverageSizeInBytes>668</gw:AverageSizeInBytes>\n\t\t\t\t\t\t<gw:MinSizeInBytes>299</gw:MinSizeInBytes>\n\t\t\t\t\t\t<gw:MaxSizeInBytes>1038</gw:MaxSizeInBytes>\n\t\t\t\t\t</gw:ContentItem>\n\t\t\t\t</gw:ContentItems>\n\t\t\t\t<gw:SanitisationItems itemCount=\"0\" />\n\t\t\t\t<gw:RemedyItems itemCount=\"0\" />\n\t\t\t\t<gw:IssueItems itemCount=\"0\" />\n\t\t\t</gw:ContentGroup>\n\t\t\t<gw:ContentGroup>\n\t\t\t\t<gw:BriefDescription>PDF document has Resource Data Instances</gw:BriefDescription>\n\t\t\t\t<gw:ContentItems itemCount=\"3\">\n\t\t\t\t\t<gw:ContentItem>\n\t\t\t\t\t\t<gw:TechnicalDescription>Inheritable Resource Instances</gw:TechnicalDescription>\n\t\t\t\t\t\t<gw:InstanceCount>3</gw:InstanceCount>\n\t\t\t\t\t\t<gw:TotalSizeInBytes>638</gw:TotalSizeInBytes>\n\t\t\t\t\t\t<gw:AverageSizeInBytes>212</gw:AverageSizeInBytes>\n\t\t\t\t\t\t<gw:MinSizeInBytes>46</gw:MinSizeInBytes>\n\t\t\t\t\t\t<gw:MaxSizeInBytes>380</gw:MaxSizeInBytes>\n\t\t\t\t\t</gw:ContentItem>\n\t\t\t\t\t<gw:ContentItem>\n\t\t\t\t\t\t<gw:TechnicalDescription>Inherited Resource Array Element Instances</gw:TechnicalDescription>\n\t\t\t\t\t\t<gw:InstanceCount>10</gw:InstanceCount>\n\t\t\t\t\t\t<gw:TotalSizeInBytes>2456</gw:TotalSizeInBytes>\n\t\t\t\t\t\t<gw:AverageSizeInBytes>245</gw:AverageSizeInBytes>\n\t\t\t\t\t\t<gw:MinSizeInBytes>212</gw:MinSizeInBytes>\n\t\t\t\t\t\t<gw:MaxSizeInBytes>380</gw:MaxSizeInBytes>\n\t\t\t\t\t</gw:ContentItem>\n\t\t\t\t\t<gw:ContentItem>\n\t\t\t\t\t\t<gw:TechnicalDescription>Resource Dictionary Instances</gw:TechnicalDescription>\n\t\t\t\t\t\t<gw:InstanceCount>2</gw:InstanceCount>\n\t\t\t\t\t\t<gw:TotalSizeInBytes>592</gw:TotalSizeInBytes>\n\t\t\t\t\t\t<gw:AverageSizeInBytes>296</gw:AverageSizeInBytes>\n\t\t\t\t\t\t<gw:MinSizeInBytes>212</gw:MinSizeInBytes>\n\t\t\t\t\t\t<gw:MaxSizeInBytes>380</gw:MaxSizeInBytes>\n\t\t\t\t\t</gw:ContentItem>\n\t\t\t\t</gw:ContentItems>\n\t\t\t\t<gw:SanitisationItems itemCount=\"0\" />\n\t\t\t\t<gw:RemedyItems itemCount=\"0\" />\n\t\t\t\t<gw:IssueItems itemCount=\"0\" />\n\t\t\t</gw:ContentGroup>\n\t\t\t<gw:ContentGroup>\n\t\t\t\t<gw:BriefDescription>PDF document has Graphic Content Stream Instances</gw:BriefDescription>\n\t\t\t\t<gw:ContentItems itemCount=\"3\">\n\t\t\t\t\t<gw:ContentItem>\n\t\t\t\t\t\t<gw:TechnicalDescription>Content Page or Form XObject Instances</gw:TechnicalDescription>\n\t\t\t\t\t\t<gw:InstanceCount>1</gw:InstanceCount>\n\t\t\t\t\t\t<gw:TotalSizeInBytes>212</gw:TotalSizeInBytes>\n\t\t\t\t\t\t<gw:AverageSizeInBytes>212</gw:AverageSizeInBytes>\n\t\t\t\t\t\t<gw:MinSizeInBytes>212</gw:MinSizeInBytes>\n\t\t\t\t\t\t<gw:MaxSizeInBytes>212</gw:MaxSizeInBytes>\n\t\t\t\t\t</gw:ContentItem>\n\t\t\t\t\t<gw:ContentItem>\n\t\t\t\t\t\t<gw:TechnicalDescription>Content Stream Instances</gw:TechnicalDescription>\n\t\t\t\t\t\t<gw:InstanceCount>2</gw:InstanceCount>\n\t\t\t\t\t\t<gw:TotalSizeInBytes>837</gw:TotalSizeInBytes>\n\t\t\t\t\t\t<gw:AverageSizeInBytes>418</gw:AverageSizeInBytes>\n\t\t\t\t\t\t<gw:MinSizeInBytes>380</gw:MinSizeInBytes>\n\t\t\t\t\t\t<gw:MaxSizeInBytes>457</gw:MaxSizeInBytes>\n\t\t\t\t\t</gw:ContentItem>\n\t\t\t\t\t<gw:ContentItem>\n\t\t\t\t\t\t<gw:TechnicalDescription>Content Stream Operator Instances</gw:TechnicalDescription>\n\t\t\t\t\t\t<gw:InstanceCount>298</gw:InstanceCount>\n\t\t\t\t\t\t<gw:TotalSizeInBytes>535</gw:TotalSizeInBytes>\n\t\t\t\t\t\t<gw:AverageSizeInBytes>1</gw:AverageSizeInBytes>\n\t\t\t\t\t\t<gw:MinSizeInBytes>1</gw:MinSizeInBytes>\n\t\t\t\t\t\t<gw:MaxSizeInBytes>3</gw:MaxSizeInBytes>\n\t\t\t\t\t</gw:ContentItem>\n\t\t\t\t</gw:ContentItems>\n\t\t\t\t<gw:SanitisationItems itemCount=\"0\" />\n\t\t\t\t<gw:RemedyItems itemCount=\"2\">\n\t\t\t\t\t<gw:RemedyItem>\n\t\t\t\t\t\t<gw:TechnicalDescription>Content stream operator BDC has at least one invalid operand.</gw:TechnicalDescription>\n\t\t\t\t\t\t<gw:InstanceCount>40</gw:InstanceCount>\n\t\t\t\t\t</gw:RemedyItem>\n\t\t\t\t\t<gw:RemedyItem>\n\t\t\t\t\t\t<gw:TechnicalDescription>Content stream operator BMC has at least one invalid operand.</gw:TechnicalDescription>\n\t\t\t\t\t\t<gw:InstanceCount>1</gw:InstanceCount>\n\t\t\t\t\t</gw:RemedyItem>\n\t\t\t\t</gw:RemedyItems>\n\t\t\t\t<gw:IssueItems itemCount=\"0\" />\n\t\t\t</gw:ContentGroup>\n\t\t\t<gw:ContentGroup>\n\t\t\t\t<gw:BriefDescription>PDF document has Page Tree Data Instances</gw:BriefDescription>\n\t\t\t\t<gw:ContentItems itemCount=\"4\">\n\t\t\t\t\t<gw:ContentItem>\n\t\t\t\t\t\t<gw:TechnicalDescription>Page Object Parent Instances</gw:TechnicalDescription>\n\t\t\t\t\t\t<gw:InstanceCount>1</gw:InstanceCount>\n\t\t\t\t\t\t<gw:TotalSizeInBytes>6</gw:TotalSizeInBytes>\n\t\t\t\t\t\t<gw:AverageSizeInBytes>6</gw:AverageSizeInBytes>\n\t\t\t\t\t\t<gw:MinSizeInBytes>6</gw:MinSizeInBytes>\n\t\t\t\t\t\t<gw:MaxSizeInBytes>6</gw:MaxSizeInBytes>\n\t\t\t\t\t</gw:ContentItem>\n\t\t\t\t\t<gw:ContentItem>\n\t\t\t\t\t\t<gw:TechnicalDescription>Page Tree Instances</gw:TechnicalDescription>\n\t\t\t\t\t\t<gw:InstanceCount>2</gw:InstanceCount>\n\t\t\t\t\t\t<gw:TotalSizeInBytes>4</gw:TotalSizeInBytes>\n\t\t\t\t\t\t<gw:AverageSizeInBytes>2</gw:AverageSizeInBytes>\n\t\t\t\t\t\t<gw:MinSizeInBytes>2</gw:MinSizeInBytes>\n\t\t\t\t\t\t<gw:MaxSizeInBytes>2</gw:MaxSizeInBytes>\n\t\t\t\t\t</gw:ContentItem>\n\t\t\t\t\t<gw:ContentItem>\n\t\t\t\t\t\t<gw:TechnicalDescription>Page Tree Kids Array Instances</gw:TechnicalDescription>\n\t\t\t\t\t\t<gw:InstanceCount>1</gw:InstanceCount>\n\t\t\t\t\t\t<gw:TotalSizeInBytes>46</gw:TotalSizeInBytes>\n\t\t\t\t\t\t<gw:AverageSizeInBytes>46</gw:AverageSizeInBytes>\n\t\t\t\t\t\t<gw:MinSizeInBytes>46</gw:MinSizeInBytes>\n\t\t\t\t\t\t<gw:MaxSizeInBytes>46</gw:MaxSizeInBytes>\n\t\t\t\t\t</gw:ContentItem>\n\t\t\t\t\t<gw:ContentItem>\n\t\t\t\t\t\t<gw:TechnicalDescription>Page Tree Node Instances</gw:TechnicalDescription>\n\t\t\t\t\t\t<gw:InstanceCount>1</gw:InstanceCount>\n\t\t\t\t\t\t<gw:TotalSizeInBytes>46</gw:TotalSizeInBytes>\n\t\t\t\t\t\t<gw:AverageSizeInBytes>46</gw:AverageSizeInBytes>\n\t\t\t\t\t\t<gw:MinSizeInBytes>46</gw:MinSizeInBytes>\n\t\t\t\t\t\t<gw:MaxSizeInBytes>46</gw:MaxSizeInBytes>\n\t\t\t\t\t</gw:ContentItem>\n\t\t\t\t</gw:ContentItems>\n\t\t\t\t<gw:SanitisationItems itemCount=\"0\" />\n\t\t\t\t<gw:RemedyItems itemCount=\"0\" />\n\t\t\t\t<gw:IssueItems itemCount=\"0\" />\n\t\t\t</gw:ContentGroup>\n\t\t\t<gw:ContentGroup>\n\t\t\t\t<gw:BriefDescription>PDF document has Annotations Data Instances</gw:BriefDescription>\n\t\t\t\t<gw:ContentItems itemCount=\"6\">\n\t\t\t\t\t<gw:ContentItem>\n\t\t\t\t\t\t<gw:TechnicalDescription>Action Instances in Link Annotations.</gw:TechnicalDescription>\n\t\t\t\t\t\t<gw:InstanceCount>1</gw:InstanceCount>\n\t\t\t\t\t\t<gw:TotalSizeInBytes>115</gw:TotalSizeInBytes>\n\t\t\t\t\t\t<gw:AverageSizeInBytes>115</gw:AverageSizeInBytes>\n\t\t\t\t\t\t<gw:MinSizeInBytes>115</gw:MinSizeInBytes>\n\t\t\t\t\t\t<gw:MaxSizeInBytes>115</gw:MaxSizeInBytes>\n\t\t\t\t\t</gw:ContentItem>\n\t\t\t\t\t<gw:ContentItem>\n\t\t\t\t\t\t<gw:TechnicalDescription>Annotation Array Instances</gw:TechnicalDescription>\n\t\t\t\t\t\t<gw:InstanceCount>1</gw:InstanceCount>\n\t\t\t\t\t\t<gw:TotalSizeInBytes>212</gw:TotalSizeInBytes>\n\t\t\t\t\t\t<gw:AverageSizeInBytes>212</gw:AverageSizeInBytes>\n\t\t\t\t\t\t<gw:MinSizeInBytes>212</gw:MinSizeInBytes>\n\t\t\t\t\t\t<gw:MaxSizeInBytes>212</gw:MaxSizeInBytes>\n\t\t\t\t\t</gw:ContentItem>\n\t\t\t\t\t<gw:ContentItem>\n\t\t\t\t\t\t<gw:TechnicalDescription>Annotation Border Instances</gw:TechnicalDescription>\n\t\t\t\t\t\t<gw:InstanceCount>1</gw:InstanceCount>\n\t\t\t\t\t\t<gw:TotalSizeInBytes>115</gw:TotalSizeInBytes>\n\t\t\t\t\t\t<gw:AverageSizeInBytes>115</gw:AverageSizeInBytes>\n\t\t\t\t\t\t<gw:MinSizeInBytes>115</gw:MinSizeInBytes>\n\t\t\t\t\t\t<gw:MaxSizeInBytes>115</gw:MaxSizeInBytes>\n\t\t\t\t\t</gw:ContentItem>\n\t\t\t\t\t<gw:ContentItem>\n\t\t\t\t\t\t<gw:TechnicalDescription>Annotation Common Field Instances</gw:TechnicalDescription>\n\t\t\t\t\t\t<gw:InstanceCount>1</gw:InstanceCount>\n\t\t\t\t\t\t<gw:TotalSizeInBytes>115</gw:TotalSizeInBytes>\n\t\t\t\t\t\t<gw:AverageSizeInBytes>115</gw:AverageSizeInBytes>\n\t\t\t\t\t\t<gw:MinSizeInBytes>115</gw:MinSizeInBytes>\n\t\t\t\t\t\t<gw:MaxSizeInBytes>115</gw:MaxSizeInBytes>\n\t\t\t\t\t</gw:ContentItem>\n\t\t\t\t\t<gw:ContentItem>\n\t\t\t\t\t\t<gw:TechnicalDescription>Annotation Dictionary Instances</gw:TechnicalDescription>\n\t\t\t\t\t\t<gw:InstanceCount>1</gw:InstanceCount>\n\t\t\t\t\t\t<gw:TotalSizeInBytes>212</gw:TotalSizeInBytes>\n\t\t\t\t\t\t<gw:AverageSizeInBytes>212</gw:AverageSizeInBytes>\n\t\t\t\t\t\t<gw:MinSizeInBytes>212</gw:MinSizeInBytes>\n\t\t\t\t\t\t<gw:MaxSizeInBytes>212</gw:MaxSizeInBytes>\n\t\t\t\t\t</gw:ContentItem>\n\t\t\t\t\t<gw:ContentItem>\n\t\t\t\t\t\t<gw:TechnicalDescription>Link Annotation Dictionary Instances</gw:TechnicalDescription>\n\t\t\t\t\t\t<gw:InstanceCount>1</gw:InstanceCount>\n\t\t\t\t\t\t<gw:TotalSizeInBytes>115</gw:TotalSizeInBytes>\n\t\t\t\t\t\t<gw:AverageSizeInBytes>115</gw:AverageSizeInBytes>\n\t\t\t\t\t\t<gw:MinSizeInBytes>115</gw:MinSizeInBytes>\n\t\t\t\t\t\t<gw:MaxSizeInBytes>115</gw:MaxSizeInBytes>\n\t\t\t\t\t</gw:ContentItem>\n\t\t\t\t</gw:ContentItems>\n\t\t\t\t<gw:SanitisationItems itemCount=\"1\">\n\t\t\t\t\t<gw:SanitisationItem>\n\t\t\t\t\t\t<gw:TechnicalDescription>Action of type /URI removed by content management policy.</gw:TechnicalDescription>\n\t\t\t\t\t\t<gw:SanitisationId>198508547</gw:SanitisationId>\n\t\t\t\t\t\t<gw:InstanceCount>1</gw:InstanceCount>\n\t\t\t\t\t\t<gw:TotalSizeInBytes>0</gw:TotalSizeInBytes>\n\t\t\t\t\t\t<gw:AverageSizeInBytes>0</gw:AverageSizeInBytes>\n\t\t\t\t\t\t<gw:MinSizeInBytes>0</gw:MinSizeInBytes>\n\t\t\t\t\t\t<gw:MaxSizeInBytes>0</gw:MaxSizeInBytes>\n\t\t\t\t\t</gw:SanitisationItem>\n\t\t\t\t</gw:SanitisationItems>\n\t\t\t\t<gw:RemedyItems itemCount=\"1\">\n\t\t\t\t\t<gw:RemedyItem>\n\t\t\t\t\t\t<gw:TechnicalDescription>Action associated with a link annotation was removed by content management.</gw:TechnicalDescription>\n\t\t\t\t\t\t<gw:InstanceCount>1</gw:InstanceCount>\n\t\t\t\t\t</gw:RemedyItem>\n\t\t\t\t</gw:RemedyItems>\n\t\t\t\t<gw:IssueItems itemCount=\"0\" />\n\t\t\t</gw:ContentGroup>\n\t\t\t<gw:ContentGroup>\n\t\t\t\t<gw:BriefDescription>PDF document has Colour Space Data Instances</gw:BriefDescription>\n\t\t\t\t<gw:ContentItems itemCount=\"2\">\n\t\t\t\t\t<gw:ContentItem>\n\t\t\t\t\t\t<gw:TechnicalDescription>Colour Space Instances</gw:TechnicalDescription>\n\t\t\t\t\t\t<gw:InstanceCount>3</gw:InstanceCount>\n\t\t\t\t\t\t<gw:TotalSizeInBytes>455262</gw:TotalSizeInBytes>\n\t\t\t\t\t\t<gw:AverageSizeInBytes>151754</gw:AverageSizeInBytes>\n\t\t\t\t\t\t<gw:MinSizeInBytes>43</gw:MinSizeInBytes>\n\t\t\t\t\t\t<gw:MaxSizeInBytes>430658</gw:MaxSizeInBytes>\n\t\t\t\t\t</gw:ContentItem>\n\t\t\t\t\t<gw:ContentItem>\n\t\t\t\t\t\t<gw:TechnicalDescription>Direct Colour Space Instances</gw:TechnicalDescription>\n\t\t\t\t\t\t<gw:InstanceCount>3</gw:InstanceCount>\n\t\t\t\t\t\t<gw:TotalSizeInBytes>455262</gw:TotalSizeInBytes>\n\t\t\t\t\t\t<gw:AverageSizeInBytes>151754</gw:AverageSizeInBytes>\n\t\t\t\t\t\t<gw:MinSizeInBytes>43</gw:MinSizeInBytes>\n\t\t\t\t\t\t<gw:MaxSizeInBytes>430658</gw:MaxSizeInBytes>\n\t\t\t\t\t</gw:ContentItem>\n\t\t\t\t</gw:ContentItems>\n\t\t\t\t<gw:SanitisationItems itemCount=\"0\" />\n\t\t\t\t<gw:RemedyItems itemCount=\"0\" />\n\t\t\t\t<gw:IssueItems itemCount=\"0\" />\n\t\t\t</gw:ContentGroup>\n\t\t\t<gw:ContentGroup>\n\t\t\t\t<gw:BriefDescription>PDF document has Graphic State Data Instances</gw:BriefDescription>\n\t\t\t\t<gw:ContentItems itemCount=\"3\">\n\t\t\t\t\t<gw:ContentItem>\n\t\t\t\t\t\t<gw:TechnicalDescription>Blend Mode Element Instances</gw:TechnicalDescription>\n\t\t\t\t\t\t<gw:InstanceCount>2</gw:InstanceCount>\n\t\t\t\t\t\t<gw:TotalSizeInBytes>90</gw:TotalSizeInBytes>\n\t\t\t\t\t\t<gw:AverageSizeInBytes>45</gw:AverageSizeInBytes>\n\t\t\t\t\t\t<gw:MinSizeInBytes>45</gw:MinSizeInBytes>\n\t\t\t\t\t\t<gw:MaxSizeInBytes>45</gw:MaxSizeInBytes>\n\t\t\t\t\t</gw:ContentItem>\n\t\t\t\t\t<gw:ContentItem>\n\t\t\t\t\t\t<gw:TechnicalDescription>Blend Mode Instances</gw:TechnicalDescription>\n\t\t\t\t\t\t<gw:InstanceCount>2</gw:InstanceCount>\n\t\t\t\t\t\t<gw:TotalSizeInBytes>90</gw:TotalSizeInBytes>\n\t\t\t\t\t\t<gw:AverageSizeInBytes>45</gw:AverageSizeInBytes>\n\t\t\t\t\t\t<gw:MinSizeInBytes>45</gw:MinSizeInBytes>\n\t\t\t\t\t\t<gw:MaxSizeInBytes>45</gw:MaxSizeInBytes>\n\t\t\t\t\t</gw:ContentItem>\n\t\t\t\t\t<gw:ContentItem>\n\t\t\t\t\t\t<gw:TechnicalDescription>Graphic State Parameter Dictionary Instances</gw:TechnicalDescription>\n\t\t\t\t\t\t<gw:InstanceCount>2</gw:InstanceCount>\n\t\t\t\t\t\t<gw:TotalSizeInBytes>90</gw:TotalSizeInBytes>\n\t\t\t\t\t\t<gw:AverageSizeInBytes>45</gw:AverageSizeInBytes>\n\t\t\t\t\t\t<gw:MinSizeInBytes>45</gw:MinSizeInBytes>\n\t\t\t\t\t\t<gw:MaxSizeInBytes>45</gw:MaxSizeInBytes>\n\t\t\t\t\t</gw:ContentItem>\n\t\t\t\t</gw:ContentItems>\n\t\t\t\t<gw:SanitisationItems itemCount=\"0\" />\n\t\t\t\t<gw:RemedyItems itemCount=\"0\" />\n\t\t\t\t<gw:IssueItems itemCount=\"0\" />\n\t\t\t</gw:ContentGroup>\n\t\t\t<gw:ContentGroup>\n\t\t\t\t<gw:BriefDescription>PDF document has Common Supporting Data Instances</gw:BriefDescription>\n\t\t\t\t<gw:ContentItems itemCount=\"11\">\n\t\t\t\t\t<gw:ContentItem>\n\t\t\t\t\t\t<gw:TechnicalDescription>BBOX Rectangle Instances</gw:TechnicalDescription>\n\t\t\t\t\t\t<gw:InstanceCount>1</gw:InstanceCount>\n\t\t\t\t\t\t<gw:TotalSizeInBytes>380</gw:TotalSizeInBytes>\n\t\t\t\t\t\t<gw:AverageSizeInBytes>380</gw:AverageSizeInBytes>\n\t\t\t\t\t\t<gw:MinSizeInBytes>380</gw:MinSizeInBytes>\n\t\t\t\t\t\t<gw:MaxSizeInBytes>380</gw:MaxSizeInBytes>\n\t\t\t\t\t</gw:ContentItem>\n\t\t\t\t\t<gw:ContentItem>\n\t\t\t\t\t\t<gw:TechnicalDescription>Check Viewer Instances</gw:TechnicalDescription>\n\t\t\t\t\t\t<gw:InstanceCount>1</gw:InstanceCount>\n\t\t\t\t\t\t<gw:TotalSizeInBytes>112</gw:TotalSizeInBytes>\n\t\t\t\t\t\t<gw:AverageSizeInBytes>112</gw:AverageSizeInBytes>\n\t\t\t\t\t\t<gw:MinSizeInBytes>112</gw:MinSizeInBytes>\n\t\t\t\t\t\t<gw:MaxSizeInBytes>112</gw:MaxSizeInBytes>\n\t\t\t\t\t</gw:ContentItem>\n\t\t\t\t\t<gw:ContentItem>\n\t\t\t\t\t\t<gw:TechnicalDescription>Direct Dictionary Value</gw:TechnicalDescription>\n\t\t\t\t\t\t<gw:InstanceCount>180</gw:InstanceCount>\n\t\t\t\t\t\t<gw:TotalSizeInBytes>1083</gw:TotalSizeInBytes>\n\t\t\t\t\t\t<gw:AverageSizeInBytes>6</gw:AverageSizeInBytes>\n\t\t\t\t\t\t<gw:MinSizeInBytes>1</gw:MinSizeInBytes>\n\t\t\t\t\t\t<gw:MaxSizeInBytes>41</gw:MaxSizeInBytes>\n\t\t\t\t\t</gw:ContentItem>\n\t\t\t\t\t<gw:ContentItem>\n\t\t\t\t\t\t<gw:TechnicalDescription>Glyph Rectangle Instances</gw:TechnicalDescription>\n\t\t\t\t\t\t<gw:InstanceCount>2</gw:InstanceCount>\n\t\t\t\t\t\t<gw:TotalSizeInBytes>468</gw:TotalSizeInBytes>\n\t\t\t\t\t\t<gw:AverageSizeInBytes>234</gw:AverageSizeInBytes>\n\t\t\t\t\t\t<gw:MinSizeInBytes>234</gw:MinSizeInBytes>\n\t\t\t\t\t\t<gw:MaxSizeInBytes>234</gw:MaxSizeInBytes>\n\t\t\t\t\t</gw:ContentItem>\n\t\t\t\t\t<gw:ContentItem>\n\t\t\t\t\t\t<gw:TechnicalDescription>Group Attributes Dictionary Instances</gw:TechnicalDescription>\n\t\t\t\t\t\t<gw:InstanceCount>2</gw:InstanceCount>\n\t\t\t\t\t\t<gw:TotalSizeInBytes>423</gw:TotalSizeInBytes>\n\t\t\t\t\t\t<gw:AverageSizeInBytes>211</gw:AverageSizeInBytes>\n\t\t\t\t\t\t<gw:MinSizeInBytes>43</gw:MinSizeInBytes>\n\t\t\t\t\t\t<gw:MaxSizeInBytes>380</gw:MaxSizeInBytes>\n\t\t\t\t\t</gw:ContentItem>\n\t\t\t\t\t<gw:ContentItem>\n\t\t\t\t\t\t<gw:TechnicalDescription>Known Dictionary</gw:TechnicalDescription>\n\t\t\t\t\t\t<gw:InstanceCount>28</gw:InstanceCount>\n\t\t\t\t\t\t<gw:TotalSizeInBytes>542212</gw:TotalSizeInBytes>\n\t\t\t\t\t\t<gw:AverageSizeInBytes>19364</gw:AverageSizeInBytes>\n\t\t\t\t\t\t<gw:MinSizeInBytes>0</gw:MinSizeInBytes>\n\t\t\t\t\t\t<gw:MaxSizeInBytes>430658</gw:MaxSizeInBytes>\n\t\t\t\t\t</gw:ContentItem>\n\t\t\t\t\t<gw:ContentItem>\n\t\t\t\t\t\t<gw:TechnicalDescription>Metadata Stream Object</gw:TechnicalDescription>\n\t\t\t\t\t\t<gw:InstanceCount>1</gw:InstanceCount>\n\t\t\t\t\t\t<gw:TotalSizeInBytes>1100</gw:TotalSizeInBytes>\n\t\t\t\t\t\t<gw:AverageSizeInBytes>1100</gw:AverageSizeInBytes>\n\t\t\t\t\t\t<gw:MinSizeInBytes>1100</gw:MinSizeInBytes>\n\t\t\t\t\t\t<gw:MaxSizeInBytes>1100</gw:MaxSizeInBytes>\n\t\t\t\t\t</gw:ContentItem>\n\t\t\t\t\t<gw:ContentItem>\n\t\t\t\t\t\t<gw:TechnicalDescription>Numeric Array Instances</gw:TechnicalDescription>\n\t\t\t\t\t\t<gw:InstanceCount>5</gw:InstanceCount>\n\t\t\t\t\t\t<gw:TotalSizeInBytes>26393</gw:TotalSizeInBytes>\n\t\t\t\t\t\t<gw:AverageSizeInBytes>5278</gw:AverageSizeInBytes>\n\t\t\t\t\t\t<gw:MinSizeInBytes>115</gw:MinSizeInBytes>\n\t\t\t\t\t\t<gw:MaxSizeInBytes>24561</gw:MaxSizeInBytes>\n\t\t\t\t\t</gw:ContentItem>\n\t\t\t\t\t<gw:ContentItem>\n\t\t\t\t\t\t<gw:TechnicalDescription>Page Rectangle Instances</gw:TechnicalDescription>\n\t\t\t\t\t\t<gw:InstanceCount>2</gw:InstanceCount>\n\t\t\t\t\t\t<gw:TotalSizeInBytes>327</gw:TotalSizeInBytes>\n\t\t\t\t\t\t<gw:AverageSizeInBytes>163</gw:AverageSizeInBytes>\n\t\t\t\t\t\t<gw:MinSizeInBytes>115</gw:MinSizeInBytes>\n\t\t\t\t\t\t<gw:MaxSizeInBytes>212</gw:MaxSizeInBytes>\n\t\t\t\t\t</gw:ContentItem>\n\t\t\t\t\t<gw:ContentItem>\n\t\t\t\t\t\t<gw:TechnicalDescription>Rectangle Instances</gw:TechnicalDescription>\n\t\t\t\t\t\t<gw:InstanceCount>5</gw:InstanceCount>\n\t\t\t\t\t\t<gw:TotalSizeInBytes>1175</gw:TotalSizeInBytes>\n\t\t\t\t\t\t<gw:AverageSizeInBytes>235</gw:AverageSizeInBytes>\n\t\t\t\t\t\t<gw:MinSizeInBytes>115</gw:MinSizeInBytes>\n\t\t\t\t\t\t<gw:MaxSizeInBytes>380</gw:MaxSizeInBytes>\n\t\t\t\t\t</gw:ContentItem>\n\t\t\t\t\t<gw:ContentItem>\n\t\t\t\t\t\t<gw:TechnicalDescription>Soft Mask Dictionary Instances</gw:TechnicalDescription>\n\t\t\t\t\t\t<gw:InstanceCount>1</gw:InstanceCount>\n\t\t\t\t\t\t<gw:TotalSizeInBytes>24561</gw:TotalSizeInBytes>\n\t\t\t\t\t\t<gw:AverageSizeInBytes>24561</gw:AverageSizeInBytes>\n\t\t\t\t\t\t<gw:MinSizeInBytes>24561</gw:MinSizeInBytes>\n\t\t\t\t\t\t<gw:MaxSizeInBytes>24561</gw:MaxSizeInBytes>\n\t\t\t\t\t</gw:ContentItem>\n\t\t\t\t</gw:ContentItems>\n\t\t\t\t<gw:SanitisationItems itemCount=\"0\" />\n\t\t\t\t<gw:RemedyItems itemCount=\"1\">\n\t\t\t\t\t<gw:RemedyItem>\n\t\t\t\t\t\t<gw:TechnicalDescription>/Info dictionary contained an unexpected key (/RadPdfCustomData).</gw:TechnicalDescription>\n\t\t\t\t\t\t<gw:InstanceCount>1</gw:InstanceCount>\n\t\t\t\t\t</gw:RemedyItem>\n\t\t\t\t</gw:RemedyItems>\n\t\t\t\t<gw:IssueItems itemCount=\"0\" />\n\t\t\t</gw:ContentGroup>\n\t\t\t<gw:ContentGroup>\n\t\t\t\t<gw:BriefDescription>PDF document has Trailer Data Instances</gw:BriefDescription>\n\t\t\t\t<gw:ContentItems itemCount=\"4\">\n\t\t\t\t\t<gw:ContentItem>\n\t\t\t\t\t\t<gw:TechnicalDescription>Document Information dictionary Instances</gw:TechnicalDescription>\n\t\t\t\t\t\t<gw:InstanceCount>1</gw:InstanceCount>\n\t\t\t\t\t\t<gw:TotalSizeInBytes>0</gw:TotalSizeInBytes>\n\t\t\t\t\t\t<gw:AverageSizeInBytes>0</gw:AverageSizeInBytes>\n\t\t\t\t\t\t<gw:MinSizeInBytes>0</gw:MinSizeInBytes>\n\t\t\t\t\t\t<gw:MaxSizeInBytes>0</gw:MaxSizeInBytes>\n\t\t\t\t\t</gw:ContentItem>\n\t\t\t\t\t<gw:ContentItem>\n\t\t\t\t\t\t<gw:TechnicalDescription>PDF Document trailer ID Array Instances</gw:TechnicalDescription>\n\t\t\t\t\t\t<gw:InstanceCount>1</gw:InstanceCount>\n\t\t\t\t\t\t<gw:TotalSizeInBytes>0</gw:TotalSizeInBytes>\n\t\t\t\t\t\t<gw:AverageSizeInBytes>0</gw:AverageSizeInBytes>\n\t\t\t\t\t\t<gw:MinSizeInBytes>0</gw:MinSizeInBytes>\n\t\t\t\t\t\t<gw:MaxSizeInBytes>0</gw:MaxSizeInBytes>\n\t\t\t\t\t</gw:ContentItem>\n\t\t\t\t\t<gw:ContentItem>\n\t\t\t\t\t\t<gw:TechnicalDescription>PDF Document trailer Instances</gw:TechnicalDescription>\n\t\t\t\t\t\t<gw:InstanceCount>1</gw:InstanceCount>\n\t\t\t\t\t\t<gw:TotalSizeInBytes>0</gw:TotalSizeInBytes>\n\t\t\t\t\t\t<gw:AverageSizeInBytes>0</gw:AverageSizeInBytes>\n\t\t\t\t\t\t<gw:MinSizeInBytes>0</gw:MinSizeInBytes>\n\t\t\t\t\t\t<gw:MaxSizeInBytes>0</gw:MaxSizeInBytes>\n\t\t\t\t\t</gw:ContentItem>\n\t\t\t\t\t<gw:ContentItem>\n\t\t\t\t\t\t<gw:TechnicalDescription>PDF Document trailer Size Instances</gw:TechnicalDescription>\n\t\t\t\t\t\t<gw:InstanceCount>1</gw:InstanceCount>\n\t\t\t\t\t\t<gw:TotalSizeInBytes>0</gw:TotalSizeInBytes>\n\t\t\t\t\t\t<gw:AverageSizeInBytes>0</gw:AverageSizeInBytes>\n\t\t\t\t\t\t<gw:MinSizeInBytes>0</gw:MinSizeInBytes>\n\t\t\t\t\t\t<gw:MaxSizeInBytes>0</gw:MaxSizeInBytes>\n\t\t\t\t\t</gw:ContentItem>\n\t\t\t\t</gw:ContentItems>\n\t\t\t\t<gw:SanitisationItems itemCount=\"1\">\n\t\t\t\t\t<gw:SanitisationItem>\n\t\t\t\t\t\t<gw:TechnicalDescription>Document contains metadata: Document information dictionary detected in a document trailer dictionary.</gw:TechnicalDescription>\n\t\t\t\t\t\t<gw:SanitisationId>198115357</gw:SanitisationId>\n\t\t\t\t\t\t<gw:InstanceCount>1</gw:InstanceCount>\n\t\t\t\t\t\t<gw:TotalSizeInBytes>0</gw:TotalSizeInBytes>\n\t\t\t\t\t\t<gw:AverageSizeInBytes>0</gw:AverageSizeInBytes>\n\t\t\t\t\t\t<gw:MinSizeInBytes>0</gw:MinSizeInBytes>\n\t\t\t\t\t\t<gw:MaxSizeInBytes>0</gw:MaxSizeInBytes>\n\t\t\t\t\t</gw:SanitisationItem>\n\t\t\t\t</gw:SanitisationItems>\n\t\t\t\t<gw:RemedyItems itemCount=\"1\">\n\t\t\t\t\t<gw:RemedyItem>\n\t\t\t\t\t\t<gw:TechnicalDescription>Trailer attribute /Size (20) should be the same as the Cross Reference Table maximum object number plus one (19).</gw:TechnicalDescription>\n\t\t\t\t\t\t<gw:InstanceCount>1</gw:InstanceCount>\n\t\t\t\t\t</gw:RemedyItem>\n\t\t\t\t</gw:RemedyItems>\n\t\t\t\t<gw:IssueItems itemCount=\"0\" />\n\t\t\t</gw:ContentGroup>\n\t\t\t<gw:ContentGroup>\n\t\t\t\t<gw:BriefDescription>PDF document has Catalog Data Instances</gw:BriefDescription>\n\t\t\t\t<gw:ContentItems itemCount=\"2\">\n\t\t\t\t\t<gw:ContentItem>\n\t\t\t\t\t\t<gw:TechnicalDescription>Catalog Data</gw:TechnicalDescription>\n\t\t\t\t\t\t<gw:InstanceCount>1</gw:InstanceCount>\n\t\t\t\t\t\t<gw:TotalSizeInBytes>112</gw:TotalSizeInBytes>\n\t\t\t\t\t\t<gw:AverageSizeInBytes>112</gw:AverageSizeInBytes>\n\t\t\t\t\t\t<gw:MinSizeInBytes>112</gw:MinSizeInBytes>\n\t\t\t\t\t\t<gw:MaxSizeInBytes>112</gw:MaxSizeInBytes>\n\t\t\t\t\t</gw:ContentItem>\n\t\t\t\t\t<gw:ContentItem>\n\t\t\t\t\t\t<gw:TechnicalDescription>Catalog XML Metadata Instances</gw:TechnicalDescription>\n\t\t\t\t\t\t<gw:InstanceCount>1</gw:InstanceCount>\n\t\t\t\t\t\t<gw:TotalSizeInBytes>112</gw:TotalSizeInBytes>\n\t\t\t\t\t\t<gw:AverageSizeInBytes>112</gw:AverageSizeInBytes>\n\t\t\t\t\t\t<gw:MinSizeInBytes>112</gw:MinSizeInBytes>\n\t\t\t\t\t\t<gw:MaxSizeInBytes>112</gw:MaxSizeInBytes>\n\t\t\t\t\t</gw:ContentItem>\n\t\t\t\t</gw:ContentItems>\n\t\t\t\t<gw:SanitisationItems itemCount=\"1\">\n\t\t\t\t\t<gw:SanitisationItem>\n\t\t\t\t\t\t<gw:TechnicalDescription>Document contains metadata: XML Metadata detected in a document catalog dictionary.</gw:TechnicalDescription>\n\t\t\t\t\t\t<gw:SanitisationId>198115351</gw:SanitisationId>\n\t\t\t\t\t\t<gw:InstanceCount>1</gw:InstanceCount>\n\t\t\t\t\t\t<gw:TotalSizeInBytes>112</gw:TotalSizeInBytes>\n\t\t\t\t\t\t<gw:AverageSizeInBytes>112</gw:AverageSizeInBytes>\n\t\t\t\t\t\t<gw:MinSizeInBytes>112</gw:MinSizeInBytes>\n\t\t\t\t\t\t<gw:MaxSizeInBytes>112</gw:MaxSizeInBytes>\n\t\t\t\t\t</gw:SanitisationItem>\n\t\t\t\t</gw:SanitisationItems>\n\t\t\t\t<gw:RemedyItems itemCount=\"0\" />\n\t\t\t\t<gw:IssueItems itemCount=\"0\" />\n\t\t\t</gw:ContentGroup>\n\t\t\t<gw:ContentGroup>\n\t\t\t\t<gw:BriefDescription>PDF document has XObject Data Instances</gw:BriefDescription>\n\t\t\t\t<gw:ContentItems itemCount=\"3\">\n\t\t\t\t\t<gw:ContentItem>\n\t\t\t\t\t\t<gw:TechnicalDescription>Direct Image Xobject Instances</gw:TechnicalDescription>\n\t\t\t\t\t\t<gw:InstanceCount>2</gw:InstanceCount>\n\t\t\t\t\t\t<gw:TotalSizeInBytes>455219</gw:TotalSizeInBytes>\n\t\t\t\t\t\t<gw:AverageSizeInBytes>227609</gw:AverageSizeInBytes>\n\t\t\t\t\t\t<gw:MinSizeInBytes>24561</gw:MinSizeInBytes>\n\t\t\t\t\t\t<gw:MaxSizeInBytes>430658</gw:MaxSizeInBytes>\n\t\t\t\t\t</gw:ContentItem>\n\t\t\t\t\t<gw:ContentItem>\n\t\t\t\t\t\t<gw:TechnicalDescription>Form Xobject Instances</gw:TechnicalDescription>\n\t\t\t\t\t\t<gw:InstanceCount>1</gw:InstanceCount>\n\t\t\t\t\t\t<gw:TotalSizeInBytes>380</gw:TotalSizeInBytes>\n\t\t\t\t\t\t<gw:AverageSizeInBytes>380</gw:AverageSizeInBytes>\n\t\t\t\t\t\t<gw:MinSizeInBytes>380</gw:MinSizeInBytes>\n\t\t\t\t\t\t<gw:MaxSizeInBytes>380</gw:MaxSizeInBytes>\n\t\t\t\t\t</gw:ContentItem>\n\t\t\t\t\t<gw:ContentItem>\n\t\t\t\t\t\t<gw:TechnicalDescription>Xobject Instances</gw:TechnicalDescription>\n\t\t\t\t\t\t<gw:InstanceCount>3</gw:InstanceCount>\n\t\t\t\t\t\t<gw:TotalSizeInBytes>24985</gw:TotalSizeInBytes>\n\t\t\t\t\t\t<gw:AverageSizeInBytes>8328</gw:AverageSizeInBytes>\n\t\t\t\t\t\t<gw:MinSizeInBytes>212</gw:MinSizeInBytes>\n\t\t\t\t\t\t<gw:MaxSizeInBytes>24561</gw:MaxSizeInBytes>\n\t\t\t\t\t</gw:ContentItem>\n\t\t\t\t</gw:ContentItems>\n\t\t\t\t<gw:SanitisationItems itemCount=\"0\" />\n\t\t\t\t<gw:RemedyItems itemCount=\"0\" />\n\t\t\t\t<gw:IssueItems itemCount=\"0\" />\n\t\t\t</gw:ContentGroup>\n\t\t\t<gw:ContentGroup>\n\t\t\t\t<gw:BriefDescription>PDF document has Actions Data Instances</gw:BriefDescription>\n\t\t\t\t<gw:ContentItems itemCount=\"3\">\n\t\t\t\t\t<gw:ContentItem>\n\t\t\t\t\t\t<gw:TechnicalDescription>PDF Document /URI Action Dictionary Instances</gw:TechnicalDescription>\n\t\t\t\t\t\t<gw:InstanceCount>1</gw:InstanceCount>\n\t\t\t\t\t\t<gw:TotalSizeInBytes>47</gw:TotalSizeInBytes>\n\t\t\t\t\t\t<gw:AverageSizeInBytes>47</gw:AverageSizeInBytes>\n\t\t\t\t\t\t<gw:MinSizeInBytes>47</gw:MinSizeInBytes>\n\t\t\t\t\t\t<gw:MaxSizeInBytes>47</gw:MaxSizeInBytes>\n\t\t\t\t\t</gw:ContentItem>\n\t\t\t\t\t<gw:ContentItem>\n\t\t\t\t\t\t<gw:TechnicalDescription>PDF Document Action Instances</gw:TechnicalDescription>\n\t\t\t\t\t\t<gw:InstanceCount>1</gw:InstanceCount>\n\t\t\t\t\t\t<gw:TotalSizeInBytes>115</gw:TotalSizeInBytes>\n\t\t\t\t\t\t<gw:AverageSizeInBytes>115</gw:AverageSizeInBytes>\n\t\t\t\t\t\t<gw:MinSizeInBytes>115</gw:MinSizeInBytes>\n\t\t\t\t\t\t<gw:MaxSizeInBytes>115</gw:MaxSizeInBytes>\n\t\t\t\t\t</gw:ContentItem>\n\t\t\t\t\t<gw:ContentItem>\n\t\t\t\t\t\t<gw:TechnicalDescription>Unidentified action Instances</gw:TechnicalDescription>\n\t\t\t\t\t\t<gw:InstanceCount>1</gw:InstanceCount>\n\t\t\t\t\t\t<gw:TotalSizeInBytes>0</gw:TotalSizeInBytes>\n\t\t\t\t\t\t<gw:AverageSizeInBytes>0</gw:AverageSizeInBytes>\n\t\t\t\t\t\t<gw:MinSizeInBytes>0</gw:MinSizeInBytes>\n\t\t\t\t\t\t<gw:MaxSizeInBytes>0</gw:MaxSizeInBytes>\n\t\t\t\t\t</gw:ContentItem>\n\t\t\t\t</gw:ContentItems>\n\t\t\t\t<gw:SanitisationItems itemCount=\"0\" />\n\t\t\t\t<gw:RemedyItems itemCount=\"0\" />\n\t\t\t\t<gw:IssueItems itemCount=\"0\" />\n\t\t\t</gw:ContentGroup>\n\t\t</gw:ContentGroups>\n\t\t<gw:ExtractedItems itemCount=\"0\" />\n\t</gw:DocumentStatistics>\n</gw:GWallInfo>\n"