"<?xml version=\"1.0\" encoding=\"utf-8\"?>\n<gw:GWallInfo xsi:schemaLocation=\"http://glasswall.com/namespace/gwallInfo.xsd\" xmlns:xsi=\"http://www.w3.org/2001/XMLSchema-instance\" xmlns:gw=\"http://glasswall.com/namespace\">\n\t<gw:DocumentStatistics>\n\t\t<gw:DocumentSummary>\n\t\t\t<gw:TotalSizeInBytes>0</gw:TotalSizeInBytes>\n\t\t\t<gw:FileType>xls</gw:FileType>\n\t\t\t<gw:Version>Not Applicable</gw:Version>\n\t\t</gw:DocumentSummary>\n\t\t<gw:ContentManagementPolicy>\n\t\t\t<gw:Camera cameraName=\"pdfConfig\">\n\t\t\t\t<gw:ContentSwitch>\n\t\t\t\t\t<gw:ContentName>metadata</gw:ContentName>\n\t\t\t\t\t<gw:ContentValue>sanitise</gw:ContentValue>\n\t\t\t\t</gw:ContentSwitch>\n\t\t\t\t<gw:ContentSwitch>\n\t\t\t\t\t<gw:ContentName>javascript</gw:ContentName>\n\t\t\t\t\t<gw:ContentValue>sanitise</gw:ContentValue>\n\t\t\t\t</gw:ContentSwitch>\n\t\t\t\t<gw:ContentSwitch>\n\t\t\t\t\t<gw:ContentName>acroform</gw:ContentName>\n\t\t\t\t\t<gw:ContentValue>sanitise</gw:ContentValue>\n\t\t\t\t</gw:ContentSwitch>\n\t\t\t\t<gw:ContentSwitch>\n\t\t\t\t\t<gw:ContentName>actions_all</gw:ContentName>\n\t\t\t\t\t<gw:ContentValue>sanitise</gw:ContentValue>\n\t\t\t\t</gw:ContentSwitch>\n\t\t\t\t<gw:ContentSwitch>\n\t\t\t\t\t<gw:ContentName>embedded_files</gw:ContentName>\n\t\t\t\t\t<gw:ContentValue>sanitise</gw:ContentValue>\n\t\t\t\t</gw:ContentSwitch>\n\t\t\t\t<gw:ContentSwitch>\n\t\t\t\t\t<gw:ContentName>external_hyperlinks</gw:ContentName>\n\t\t\t\t\t<gw:ContentValue>sanitise</gw:ContentValue>\n\t\t\t\t</gw:ContentSwitch>\n\t\t\t\t<gw:ContentSwitch>\n\t\t\t\t\t<gw:ContentName>internal_hyperlinks</gw:ContentName>\n\t\t\t\t\t<gw:ContentValue>sanitise</gw:ContentValue>\n\t\t\t\t</gw:ContentSwitch>\n\t\t\t\t<gw:ContentSwitch>\n\t\t\t\t\t<gw:ContentName>embedded_images</gw:ContentName>\n\t\t\t\t\t<gw:ContentValue>sanitise</gw:ContentValue>\n\t\t\t\t</gw:ContentSwitch>\n\t\t\t</gw:Camera>\n\t\t\t<gw:Camera cameraName=\"wordConfig\">\n\t\t\t\t<gw:ContentSwitch>\n\t\t\t\t\t<gw:ContentName>metadata</gw:ContentName>\n\t\t\t\t\t<gw:ContentValue>sanitise</gw:ContentValue>\n\t\t\t\t</gw:ContentSwitch>\n\t\t\t\t<gw:ContentSwitch>\n\t\t\t\t\t<gw:ContentName>macros</gw:ContentName>\n\t\t\t\t\t<gw:ContentValue>sanitise</gw:ContentValue>\n\t\t\t\t</gw:ContentSwitch>\n\t\t\t\t<gw:ContentSwitch>\n\t\t\t\t\t<gw:ContentName>embedded_files</gw:ContentName>\n\t\t\t\t\t<gw:ContentValue>sanitise</gw:ContentValue>\n\t\t\t\t</gw:ContentSwitch>\n\t\t\t\t<gw:ContentSwitch>\n\t\t\t\t\t<gw:ContentName>review_comments</gw:ContentName>\n\t\t\t\t\t<gw:ContentValue>sanitise</gw:ContentValue>\n\t\t\t\t</gw:ContentSwitch>\n\t\t\t\t<gw:ContentSwitch>\n\t\t\t\t\t<gw:ContentName>internal_hyperlinks</gw:ContentName>\n\t\t\t\t\t<gw:ContentValue>sanitise</gw:ContentValue>\n\t\t\t\t</gw:ContentSwitch>\n\t\t\t\t<gw:ContentSwitch>\n\t\t\t\t\t<gw:ContentName>external_hyperlinks</gw:ContentName>\n\t\t\t\t\t<gw:ContentValue>sanitise</gw:ContentValue>\n\t\t\t\t</gw:ContentSwitch>\n\t\t\t\t<gw:ContentSwitch>\n\t\t\t\t\t<gw:ContentName>dynamic_data_exchange</gw:ContentName>\n\t\t\t\t\t<gw:ContentValue>sanitise</gw:ContentValue>\n\t\t\t\t</gw:ContentSwitch>\n\t\t\t\t<gw:ContentSwitch>\n\t\t\t\t\t<gw:ContentName>embedded_images</gw:ContentName>\n\t\t\t\t\t<gw:ContentValue>sanitise</gw:ContentValue>\n\t\t\t\t</gw:ContentSwitch>\n\t\t\t</gw:Camera>\n\t\t\t<gw:Camera cameraName=\"pptConfig\">\n\t\t\t\t<gw:ContentSwitch>\n\t\t\t\t\t<gw:ContentName>metadata</gw:ContentName>\n\t\t\t\t\t<gw:ContentValue>sanitise</gw:ContentValue>\n\t\t\t\t</gw:ContentSwitch>\n\t\t\t\t<gw:ContentSwitch>\n\t\t\t\t\t<gw:ContentName>macros</gw:ContentName>\n\t\t\t\t\t<gw:ContentValue>sanitise</gw:ContentValue>\n\t\t\t\t</gw:ContentSwitch>\n\t\t\t\t<gw:ContentSwitch>\n\t\t\t\t\t<gw:ContentName>embedded_files</gw:ContentName>\n\t\t\t\t\t<gw:ContentValue>sanitise</gw:ContentValue>\n\t\t\t\t</gw:ContentSwitch>\n\t\t\t\t<gw:ContentSwitch>\n\t\t\t\t\t<gw:ContentName>review_comments</gw:ContentName>\n\t\t\t\t\t<gw:ContentValue>sanitise</gw:ContentValue>\n\t\t\t\t</gw:ContentSwitch>\n\t\t\t\t<gw:ContentSwitch>\n\t\t\t\t\t<gw:ContentName>internal_hyperlinks</gw:ContentName>\n\t\t\t\t\t<gw:ContentValue>sanitise</gw:ContentValue>\n\t\t\t\t</gw:ContentSwitch>\n\t\t\t\t<gw:ContentSwitch>\n\t\t\t\t\t<gw:ContentName>external_hyperlinks</gw:ContentName>\n\t\t\t\t\t<gw:ContentValue>sanitise</gw:ContentValue>\n\t\t\t\t</gw:ContentSwitch>\n\t\t\t\t<gw:ContentSwitch>\n\t\t\t\t\t<gw:ContentName>embedded_images</gw:ContentName>\n\t\t\t\t\t<gw:ContentValue>sanitise</gw:ContentValue>\n\t\t\t\t</gw:ContentSwitch>\n\t\t\t</gw:Camera>\n\t\t\t<gw:Camera cameraName=\"xlsConfig\">\n\t\t\t\t<gw:ContentSwitch>\n\t\t\t\t\t<gw:ContentName>metadata</gw:ContentName>\n\t\t\t\t\t<gw:ContentValue>sanitise</gw:ContentValue>\n\t\t\t\t</gw:ContentSwitch>\n\t\t\t\t<gw:ContentSwitch>\n\t\t\t\t\t<gw:ContentName>macros</gw:ContentName>\n\t\t\t\t\t<gw:ContentValue>sanitise</gw:ContentValue>\n\t\t\t\t</gw:ContentSwitch>\n\t\t\t\t<gw:ContentSwitch>\n\t\t\t\t\t<gw:ContentName>embedded_files</gw:ContentName>\n\t\t\t\t\t<gw:ContentValue>sanitise</gw:ContentValue>\n\t\t\t\t</gw:ContentSwitch>\n\t\t\t\t<gw:ContentSwitch>\n\t\t\t\t\t<gw:ContentName>internal_hyperlinks</gw:ContentName>\n\t\t\t\t\t<gw:ContentValue>sanitise</gw:ContentValue>\n\t\t\t\t</gw:ContentSwitch>\n\t\t\t\t<gw:ContentSwitch>\n\t\t\t\t\t<gw:ContentName>external_hyperlinks</gw:ContentName>\n\t\t\t\t\t<gw:ContentValue>sanitise</gw:ContentValue>\n\t\t\t\t</gw:ContentSwitch>\n\t\t\t\t<gw:ContentSwitch>\n\t\t\t\t\t<gw:ContentName>review_comments</gw:ContentName>\n\t\t\t\t\t<gw:ContentValue>sanitise</gw:ContentValue>\n\t\t\t\t</gw:ContentSwitch>\n\t\t\t\t<gw:ContentSwitch>\n\t\t\t\t\t<gw:ContentName>dynamic_data_exchange</gw:ContentName>\n\t\t\t\t\t<gw:ContentValue>sanitise</gw:ContentValue>\n\t\t\t\t</gw:ContentSwitch>\n\t\t\t\t<gw:ContentSwitch>\n\t\t\t\t\t<gw:ContentName>embedded_images</gw:ContentName>\n\t\t\t\t\t<gw:ContentValue>sanitise</gw:ContentValue>\n\t\t\t\t</gw:ContentSwitch>\n\t\t\t</gw:Camera>\n\t\t</gw:ContentManagementPolicy>\n\t\t<gw:ContentGroups groupCount=\"17\">\n\t\t\t<gw:ContentGroup>\n\t\t\t\t<gw:BriefDescription>Compound File Structure Instances</gw:BriefDescription>\n\t\t\t\t<gw:ContentItems itemCount=\"3\">\n\t\t\t\t\t<gw:ContentItem>\n\t\t\t\t\t\t<gw:TechnicalDescription>#01CompObj</gw:TechnicalDescription>\n\t\t\t\t\t\t<gw:InstanceCount>1</gw:InstanceCount>\n\t\t\t\t\t\t<gw:TotalSizeInBytes>107</gw:TotalSizeInBytes>\n\t\t\t\t\t\t<gw:AverageSizeInBytes>107</gw:AverageSizeInBytes>\n\t\t\t\t\t\t<gw:MinSizeInBytes>107</gw:MinSizeInBytes>\n\t\t\t\t\t\t<gw:MaxSizeInBytes>107</gw:MaxSizeInBytes>\n\t\t\t\t\t</gw:ContentItem>\n\t\t\t\t\t<gw:ContentItem>\n\t\t\t\t\t\t<gw:TechnicalDescription>#05DocumentSummaryInformation</gw:TechnicalDescription>\n\t\t\t\t\t\t<gw:InstanceCount>1</gw:InstanceCount>\n\t\t\t\t\t\t<gw:TotalSizeInBytes>364</gw:TotalSizeInBytes>\n\t\t\t\t\t\t<gw:AverageSizeInBytes>364</gw:AverageSizeInBytes>\n\t\t\t\t\t\t<gw:MinSizeInBytes>364</gw:MinSizeInBytes>\n\t\t\t\t\t\t<gw:MaxSizeInBytes>364</gw:MaxSizeInBytes>\n\t\t\t\t\t</gw:ContentItem>\n\t\t\t\t\t<gw:ContentItem>\n\t\t\t\t\t\t<gw:TechnicalDescription>#05SummaryInformation</gw:TechnicalDescription>\n\t\t\t\t\t\t<gw:InstanceCount>1</gw:InstanceCount>\n\t\t\t\t\t\t<gw:TotalSizeInBytes>216</gw:TotalSizeInBytes>\n\t\t\t\t\t\t<gw:AverageSizeInBytes>216</gw:AverageSizeInBytes>\n\t\t\t\t\t\t<gw:MinSizeInBytes>216</gw:MinSizeInBytes>\n\t\t\t\t\t\t<gw:MaxSizeInBytes>216</gw:MaxSizeInBytes>\n\t\t\t\t\t</gw:ContentItem>\n\t\t\t\t</gw:ContentItems>\n\t\t\t\t<gw:SanitisationItems itemCount=\"0\" />\n\t\t\t\t<gw:RemedyItems itemCount=\"0\" />\n\t\t\t\t<gw:IssueItems itemCount=\"0\" />\n\t\t\t</gw:ContentGroup>\n\t\t\t<gw:ContentGroup>\n\t\t\t\t<gw:BriefDescription>Compound File Binary - Directory Instances</gw:BriefDescription>\n\t\t\t\t<gw:ContentItems itemCount=\"2\">\n\t\t\t\t\t<gw:ContentItem>\n\t\t\t\t\t\t<gw:TechnicalDescription>CFB directories found</gw:TechnicalDescription>\n\t\t\t\t\t\t<gw:InstanceCount>1</gw:InstanceCount>\n\t\t\t\t\t\t<gw:TotalSizeInBytes>25</gw:TotalSizeInBytes>\n\t\t\t\t\t\t<gw:AverageSizeInBytes>25</gw:AverageSizeInBytes>\n\t\t\t\t\t\t<gw:MinSizeInBytes>25</gw:MinSizeInBytes>\n\t\t\t\t\t\t<gw:MaxSizeInBytes>25</gw:MaxSizeInBytes>\n\t\t\t\t\t</gw:ContentItem>\n\t\t\t\t\t<gw:ContentItem>\n\t\t\t\t\t\t<gw:TechnicalDescription>Directory Instances</gw:TechnicalDescription>\n\t\t\t\t\t\t<gw:InstanceCount>8</gw:InstanceCount>\n\t\t\t\t\t\t<gw:TotalSizeInBytes>0</gw:TotalSizeInBytes>\n\t\t\t\t\t\t<gw:AverageSizeInBytes>0</gw:AverageSizeInBytes>\n\t\t\t\t\t\t<gw:MinSizeInBytes>0</gw:MinSizeInBytes>\n\t\t\t\t\t\t<gw:MaxSizeInBytes>0</gw:MaxSizeInBytes>\n\t\t\t\t\t</gw:ContentItem>\n\t\t\t\t</gw:ContentItems>\n\t\t\t\t<gw:SanitisationItems itemCount=\"4\">\n\t\t\t\t\t<gw:SanitisationItem>\n\t\t\t\t\t\t<gw:TechnicalDescription>Macros present in _VBA_PROJECT_CUR</gw:TechnicalDescription>\n\t\t\t\t\t\t<gw:SanitisationId>46923777</gw:SanitisationId>\n\t\t\t\t\t\t<gw:InstanceCount>1</gw:InstanceCount>\n\t\t\t\t\t\t<gw:TotalSizeInBytes>0</gw:TotalSizeInBytes>\n\t\t\t\t\t\t<gw:AverageSizeInBytes>0</gw:AverageSizeInBytes>\n\t\t\t\t\t\t<gw:MinSizeInBytes>0</gw:MinSizeInBytes>\n\t\t\t\t\t\t<gw:MaxSizeInBytes>0</gw:MaxSizeInBytes>\n\t\t\t\t\t</gw:SanitisationItem>\n\t\t\t\t\t<gw:SanitisationItem>\n\t\t\t\t\t\t<gw:TechnicalDescription>Metadata detected in #01CompObj</gw:TechnicalDescription>\n\t\t\t\t\t\t<gw:SanitisationId>47120389</gw:SanitisationId>\n\t\t\t\t\t\t<gw:InstanceCount>1</gw:InstanceCount>\n\t\t\t\t\t\t<gw:TotalSizeInBytes>107</gw:TotalSizeInBytes>\n\t\t\t\t\t\t<gw:AverageSizeInBytes>107</gw:AverageSizeInBytes>\n\t\t\t\t\t\t<gw:MinSizeInBytes>107</gw:MinSizeInBytes>\n\t\t\t\t\t\t<gw:MaxSizeInBytes>107</gw:MaxSizeInBytes>\n\t\t\t\t\t</gw:SanitisationItem>\n\t\t\t\t\t<gw:SanitisationItem>\n\t\t\t\t\t\t<gw:TechnicalDescription>Metadata detected in #05DocumentSummaryInformation</gw:TechnicalDescription>\n\t\t\t\t\t\t<gw:SanitisationId>47120387</gw:SanitisationId>\n\t\t\t\t\t\t<gw:InstanceCount>1</gw:InstanceCount>\n\t\t\t\t\t\t<gw:TotalSizeInBytes>364</gw:TotalSizeInBytes>\n\t\t\t\t\t\t<gw:AverageSizeInBytes>364</gw:AverageSizeInBytes>\n\t\t\t\t\t\t<gw:MinSizeInBytes>364</gw:MinSizeInBytes>\n\t\t\t\t\t\t<gw:MaxSizeInBytes>364</gw:MaxSizeInBytes>\n\t\t\t\t\t</gw:SanitisationItem>\n\t\t\t\t\t<gw:SanitisationItem>\n\t\t\t\t\t\t<gw:TechnicalDescription>Metadata detected in #05SummaryInformation</gw:TechnicalDescription>\n\t\t\t\t\t\t<gw:SanitisationId>47120386</gw:SanitisationId>\n\t\t\t\t\t\t<gw:InstanceCount>1</gw:InstanceCount>\n\t\t\t\t\t\t<gw:TotalSizeInBytes>216</gw:TotalSizeInBytes>\n\t\t\t\t\t\t<gw:AverageSizeInBytes>216</gw:AverageSizeInBytes>\n\t\t\t\t\t\t<gw:MinSizeInBytes>216</gw:MinSizeInBytes>\n\t\t\t\t\t\t<gw:MaxSizeInBytes>216</gw:MaxSizeInBytes>\n\t\t\t\t\t</gw:SanitisationItem>\n\t\t\t\t</gw:SanitisationItems>\n\t\t\t\t<gw:RemedyItems itemCount=\"1\">\n\t\t\t\t\t<gw:RemedyItem>\n\t\t\t\t\t\t<gw:TechnicalDescription>Corrected Colour Flag in root storage Directory Entry</gw:TechnicalDescription>\n\t\t\t\t\t\t<gw:InstanceCount>1</gw:InstanceCount>\n\t\t\t\t\t</gw:RemedyItem>\n\t\t\t\t</gw:RemedyItems>\n\t\t\t\t<gw:IssueItems itemCount=\"0\" />\n\t\t\t</gw:ContentGroup>\n\t\t\t<gw:ContentGroup>\n\t\t\t\t<gw:BriefDescription>Word Document Structure Instances</gw:BriefDescription>\n\t\t\t\t<gw:ContentItems itemCount=\"2\">\n\t\t\t\t\t<gw:ContentItem>\n\t\t\t\t\t\t<gw:TechnicalDescription>MsoDataStore</gw:TechnicalDescription>\n\t\t\t\t\t\t<gw:InstanceCount>1</gw:InstanceCount>\n\t\t\t\t\t\t<gw:TotalSizeInBytes>0</gw:TotalSizeInBytes>\n\t\t\t\t\t\t<gw:AverageSizeInBytes>0</gw:AverageSizeInBytes>\n\t\t\t\t\t\t<gw:MinSizeInBytes>0</gw:MinSizeInBytes>\n\t\t\t\t\t\t<gw:MaxSizeInBytes>0</gw:MaxSizeInBytes>\n\t\t\t\t\t</gw:ContentItem>\n\t\t\t\t\t<gw:ContentItem>\n\t\t\t\t\t\t<gw:TechnicalDescription>_VBA_PROJECT_CUR</gw:TechnicalDescription>\n\t\t\t\t\t\t<gw:InstanceCount>1</gw:InstanceCount>\n\t\t\t\t\t\t<gw:TotalSizeInBytes>0</gw:TotalSizeInBytes>\n\t\t\t\t\t\t<gw:AverageSizeInBytes>0</gw:AverageSizeInBytes>\n\t\t\t\t\t\t<gw:MinSizeInBytes>0</gw:MinSizeInBytes>\n\t\t\t\t\t\t<gw:MaxSizeInBytes>0</gw:MaxSizeInBytes>\n\t\t\t\t\t</gw:ContentItem>\n\t\t\t\t</gw:ContentItems>\n\t\t\t\t<gw:SanitisationItems itemCount=\"0\" />\n\t\t\t\t<gw:RemedyItems itemCount=\"0\" />\n\t\t\t\t<gw:IssueItems itemCount=\"0\" />\n\t\t\t</gw:ContentGroup>\n\t\t\t<gw:ContentGroup>\n\t\t\t\t<gw:BriefDescription>Excel Document File Structure Instances</gw:BriefDescription>\n\t\t\t\t<gw:ContentItems itemCount=\"1\">\n\t\t\t\t\t<gw:ContentItem>\n\t\t\t\t\t\t<gw:TechnicalDescription>Workbook</gw:TechnicalDescription>\n\t\t\t\t\t\t<gw:InstanceCount>1</gw:InstanceCount>\n\t\t\t\t\t\t<gw:TotalSizeInBytes>15800</gw:TotalSizeInBytes>\n\t\t\t\t\t\t<gw:AverageSizeInBytes>15800</gw:AverageSizeInBytes>\n\t\t\t\t\t\t<gw:MinSizeInBytes>15800</gw:MinSizeInBytes>\n\t\t\t\t\t\t<gw:MaxSizeInBytes>15800</gw:MaxSizeInBytes>\n\t\t\t\t\t</gw:ContentItem>\n\t\t\t\t</gw:ContentItems>\n\t\t\t\t<gw:SanitisationItems itemCount=\"0\" />\n\t\t\t\t<gw:RemedyItems itemCount=\"1\">\n\t\t\t\t\t<gw:RemedyItem>\n\t\t\t\t\t\t<gw:TechnicalDescription>Unexpected stream: MsoDataStore</gw:TechnicalDescription>\n\t\t\t\t\t\t<gw:InstanceCount>1</gw:InstanceCount>\n\t\t\t\t\t</gw:RemedyItem>\n\t\t\t\t</gw:RemedyItems>\n\t\t\t\t<gw:IssueItems itemCount=\"0\" />\n\t\t\t</gw:ContentGroup>\n\t\t\t<gw:ContentGroup>\n\t\t\t\t<gw:BriefDescription>Excel User Interface Instances</gw:BriefDescription>\n\t\t\t\t<gw:ContentItems itemCount=\"4\">\n\t\t\t\t\t<gw:ContentItem>\n\t\t\t\t\t\t<gw:TechnicalDescription>InterfaceEnd</gw:TechnicalDescription>\n\t\t\t\t\t\t<gw:InstanceCount>1</gw:InstanceCount>\n\t\t\t\t\t\t<gw:TotalSizeInBytes>0</gw:TotalSizeInBytes>\n\t\t\t\t\t\t<gw:AverageSizeInBytes>0</gw:AverageSizeInBytes>\n\t\t\t\t\t\t<gw:MinSizeInBytes>0</gw:MinSizeInBytes>\n\t\t\t\t\t\t<gw:MaxSizeInBytes>0</gw:MaxSizeInBytes>\n\t\t\t\t\t</gw:ContentItem>\n\t\t\t\t\t<gw:ContentItem>\n\t\t\t\t\t\t<gw:TechnicalDescription>InterfaceHdr</gw:TechnicalDescription>\n\t\t\t\t\t\t<gw:InstanceCount>1</gw:InstanceCount>\n\t\t\t\t\t\t<gw:TotalSizeInBytes>2</gw:TotalSizeInBytes>\n\t\t\t\t\t\t<gw:AverageSizeInBytes>2</gw:AverageSizeInBytes>\n\t\t\t\t\t\t<gw:MinSizeInBytes>2</gw:MinSizeInBytes>\n\t\t\t\t\t\t<gw:MaxSizeInBytes>2</gw:MaxSizeInBytes>\n\t\t\t\t\t</gw:ContentItem>\n\t\t\t\t\t<gw:ContentItem>\n\t\t\t\t\t\t<gw:TechnicalDescription>PLV</gw:TechnicalDescription>\n\t\t\t\t\t\t<gw:InstanceCount>1</gw:InstanceCount>\n\t\t\t\t\t\t<gw:TotalSizeInBytes>16</gw:TotalSizeInBytes>\n\t\t\t\t\t\t<gw:AverageSizeInBytes>16</gw:AverageSizeInBytes>\n\t\t\t\t\t\t<gw:MinSizeInBytes>16</gw:MinSizeInBytes>\n\t\t\t\t\t\t<gw:MaxSizeInBytes>16</gw:MaxSizeInBytes>\n\t\t\t\t\t</gw:ContentItem>\n\t\t\t\t\t<gw:ContentItem>\n\t\t\t\t\t\t<gw:TechnicalDescription>Theme</gw:TechnicalDescription>\n\t\t\t\t\t\t<gw:InstanceCount>1</gw:InstanceCount>\n\t\t\t\t\t\t<gw:TotalSizeInBytes>3138</gw:TotalSizeInBytes>\n\t\t\t\t\t\t<gw:AverageSizeInBytes>3138</gw:AverageSizeInBytes>\n\t\t\t\t\t\t<gw:MinSizeInBytes>3138</gw:MinSizeInBytes>\n\t\t\t\t\t\t<gw:MaxSizeInBytes>3138</gw:MaxSizeInBytes>\n\t\t\t\t\t</gw:ContentItem>\n\t\t\t\t</gw:ContentItems>\n\t\t\t\t<gw:SanitisationItems itemCount=\"0\" />\n\t\t\t\t<gw:RemedyItems itemCount=\"0\" />\n\t\t\t\t<gw:IssueItems itemCount=\"0\" />\n\t\t\t</gw:ContentGroup>\n\t\t\t<gw:ContentGroup>\n\t\t\t\t<gw:BriefDescription>Excel Functions Instances</gw:BriefDescription>\n\t\t\t\t<gw:ContentItems itemCount=\"2\">\n\t\t\t\t\t<gw:ContentItem>\n\t\t\t\t\t\t<gw:TechnicalDescription>BuiltInFnGroupCount</gw:TechnicalDescription>\n\t\t\t\t\t\t<gw:InstanceCount>1</gw:InstanceCount>\n\t\t\t\t\t\t<gw:TotalSizeInBytes>2</gw:TotalSizeInBytes>\n\t\t\t\t\t\t<gw:AverageSizeInBytes>2</gw:AverageSizeInBytes>\n\t\t\t\t\t\t<gw:MinSizeInBytes>2</gw:MinSizeInBytes>\n\t\t\t\t\t\t<gw:MaxSizeInBytes>2</gw:MaxSizeInBytes>\n\t\t\t\t\t</gw:ContentItem>\n\t\t\t\t\t<gw:ContentItem>\n\t\t\t\t\t\t<gw:TechnicalDescription>MTRSettings</gw:TechnicalDescription>\n\t\t\t\t\t\t<gw:InstanceCount>1</gw:InstanceCount>\n\t\t\t\t\t\t<gw:TotalSizeInBytes>24</gw:TotalSizeInBytes>\n\t\t\t\t\t\t<gw:AverageSizeInBytes>24</gw:AverageSizeInBytes>\n\t\t\t\t\t\t<gw:MinSizeInBytes>24</gw:MinSizeInBytes>\n\t\t\t\t\t\t<gw:MaxSizeInBytes>24</gw:MaxSizeInBytes>\n\t\t\t\t\t</gw:ContentItem>\n\t\t\t\t</gw:ContentItems>\n\t\t\t\t<gw:SanitisationItems itemCount=\"0\" />\n\t\t\t\t<gw:RemedyItems itemCount=\"0\" />\n\t\t\t\t<gw:IssueItems itemCount=\"0\" />\n\t\t\t</gw:ContentGroup>\n\t\t\t<gw:ContentGroup>\n\t\t\t\t<gw:BriefDescription>Excel Workbook Protection Instances</gw:BriefDescription>\n\t\t\t\t<gw:ContentItems itemCount=\"4\">\n\t\t\t\t\t<gw:ContentItem>\n\t\t\t\t\t\t<gw:TechnicalDescription>Password</gw:TechnicalDescription>\n\t\t\t\t\t\t<gw:InstanceCount>1</gw:InstanceCount>\n\t\t\t\t\t\t<gw:TotalSizeInBytes>2</gw:TotalSizeInBytes>\n\t\t\t\t\t\t<gw:AverageSizeInBytes>2</gw:AverageSizeInBytes>\n\t\t\t\t\t\t<gw:MinSizeInBytes>2</gw:MinSizeInBytes>\n\t\t\t\t\t\t<gw:MaxSizeInBytes>2</gw:MaxSizeInBytes>\n\t\t\t\t\t</gw:ContentItem>\n\t\t\t\t\t<gw:ContentItem>\n\t\t\t\t\t\t<gw:TechnicalDescription>Prot4RevPass</gw:TechnicalDescription>\n\t\t\t\t\t\t<gw:InstanceCount>1</gw:InstanceCount>\n\t\t\t\t\t\t<gw:TotalSizeInBytes>2</gw:TotalSizeInBytes>\n\t\t\t\t\t\t<gw:AverageSizeInBytes>2</gw:AverageSizeInBytes>\n\t\t\t\t\t\t<gw:MinSizeInBytes>2</gw:MinSizeInBytes>\n\t\t\t\t\t\t<gw:MaxSizeInBytes>2</gw:MaxSizeInBytes>\n\t\t\t\t\t</gw:ContentItem>\n\t\t\t\t\t<gw:ContentItem>\n\t\t\t\t\t\t<gw:TechnicalDescription>Protect</gw:TechnicalDescription>\n\t\t\t\t\t\t<gw:InstanceCount>1</gw:InstanceCount>\n\t\t\t\t\t\t<gw:TotalSizeInBytes>2</gw:TotalSizeInBytes>\n\t\t\t\t\t\t<gw:AverageSizeInBytes>2</gw:AverageSizeInBytes>\n\t\t\t\t\t\t<gw:MinSizeInBytes>2</gw:MinSizeInBytes>\n\t\t\t\t\t\t<gw:MaxSizeInBytes>2</gw:MaxSizeInBytes>\n\t\t\t\t\t</gw:ContentItem>\n\t\t\t\t\t<gw:ContentItem>\n\t\t\t\t\t\t<gw:TechnicalDescription>WinProtect</gw:TechnicalDescription>\n\t\t\t\t\t\t<gw:InstanceCount>1</gw:InstanceCount>\n\t\t\t\t\t\t<gw:TotalSizeInBytes>2</gw:TotalSizeInBytes>\n\t\t\t\t\t\t<gw:AverageSizeInBytes>2</gw:AverageSizeInBytes>\n\t\t\t\t\t\t<gw:MinSizeInBytes>2</gw:MinSizeInBytes>\n\t\t\t\t\t\t<gw:MaxSizeInBytes>2</gw:MaxSizeInBytes>\n\t\t\t\t\t</gw:ContentItem>\n\t\t\t\t</gw:ContentItems>\n\t\t\t\t<gw:SanitisationItems itemCount=\"0\" />\n\t\t\t\t<gw:RemedyItems itemCount=\"0\" />\n\t\t\t\t<gw:IssueItems itemCount=\"0\" />\n\t\t\t</gw:ContentGroup>\n\t\t\t<gw:ContentGroup>\n\t\t\t\t<gw:BriefDescription>Excel Formatting Instances</gw:BriefDescription>\n\t\t\t\t<gw:ContentItems itemCount=\"8\">\n\t\t\t\t\t<gw:ContentItem>\n\t\t\t\t\t\t<gw:TechnicalDescription>DefColWidth</gw:TechnicalDescription>\n\t\t\t\t\t\t<gw:InstanceCount>1</gw:InstanceCount>\n\t\t\t\t\t\t<gw:TotalSizeInBytes>2</gw:TotalSizeInBytes>\n\t\t\t\t\t\t<gw:AverageSizeInBytes>2</gw:AverageSizeInBytes>\n\t\t\t\t\t\t<gw:MinSizeInBytes>2</gw:MinSizeInBytes>\n\t\t\t\t\t\t<gw:MaxSizeInBytes>2</gw:MaxSizeInBytes>\n\t\t\t\t\t</gw:ContentItem>\n\t\t\t\t\t<gw:ContentItem>\n\t\t\t\t\t\t<gw:TechnicalDescription>Dimensions</gw:TechnicalDescription>\n\t\t\t\t\t\t<gw:InstanceCount>1</gw:InstanceCount>\n\t\t\t\t\t\t<gw:TotalSizeInBytes>14</gw:TotalSizeInBytes>\n\t\t\t\t\t\t<gw:AverageSizeInBytes>14</gw:AverageSizeInBytes>\n\t\t\t\t\t\t<gw:MinSizeInBytes>14</gw:MinSizeInBytes>\n\t\t\t\t\t\t<gw:MaxSizeInBytes>14</gw:MaxSizeInBytes>\n\t\t\t\t\t</gw:ContentItem>\n\t\t\t\t\t<gw:ContentItem>\n\t\t\t\t\t\t<gw:TechnicalDescription>Font</gw:TechnicalDescription>\n\t\t\t\t\t\t<gw:InstanceCount>21</gw:InstanceCount>\n\t\t\t\t\t\t<gw:TotalSizeInBytes>642</gw:TotalSizeInBytes>\n\t\t\t\t\t\t<gw:AverageSizeInBytes>30</gw:AverageSizeInBytes>\n\t\t\t\t\t\t<gw:MinSizeInBytes>30</gw:MinSizeInBytes>\n\t\t\t\t\t\t<gw:MaxSizeInBytes>42</gw:MaxSizeInBytes>\n\t\t\t\t\t</gw:ContentItem>\n\t\t\t\t\t<gw:ContentItem>\n\t\t\t\t\t\t<gw:TechnicalDescription>Format</gw:TechnicalDescription>\n\t\t\t\t\t\t<gw:InstanceCount>16</gw:InstanceCount>\n\t\t\t\t\t\t<gw:TotalSizeInBytes>680</gw:TotalSizeInBytes>\n\t\t\t\t\t\t<gw:AverageSizeInBytes>42</gw:AverageSizeInBytes>\n\t\t\t\t\t\t<gw:MinSizeInBytes>24</gw:MinSizeInBytes>\n\t\t\t\t\t\t<gw:MaxSizeInBytes>63</gw:MaxSizeInBytes>\n\t\t\t\t\t</gw:ContentItem>\n\t\t\t\t\t<gw:ContentItem>\n\t\t\t\t\t\t<gw:TechnicalDescription>LeftMargin</gw:TechnicalDescription>\n\t\t\t\t\t\t<gw:InstanceCount>1</gw:InstanceCount>\n\t\t\t\t\t\t<gw:TotalSizeInBytes>8</gw:TotalSizeInBytes>\n\t\t\t\t\t\t<gw:AverageSizeInBytes>8</gw:AverageSizeInBytes>\n\t\t\t\t\t\t<gw:MinSizeInBytes>8</gw:MinSizeInBytes>\n\t\t\t\t\t\t<gw:MaxSizeInBytes>8</gw:MaxSizeInBytes>\n\t\t\t\t\t</gw:ContentItem>\n\t\t\t\t\t<gw:ContentItem>\n\t\t\t\t\t\t<gw:TechnicalDescription>Mms</gw:TechnicalDescription>\n\t\t\t\t\t\t<gw:InstanceCount>1</gw:InstanceCount>\n\t\t\t\t\t\t<gw:TotalSizeInBytes>2</gw:TotalSizeInBytes>\n\t\t\t\t\t\t<gw:AverageSizeInBytes>2</gw:AverageSizeInBytes>\n\t\t\t\t\t\t<gw:MinSizeInBytes>2</gw:MinSizeInBytes>\n\t\t\t\t\t\t<gw:MaxSizeInBytes>2</gw:MaxSizeInBytes>\n\t\t\t\t\t</gw:ContentItem>\n\t\t\t\t\t<gw:ContentItem>\n\t\t\t\t\t\t<gw:TechnicalDescription>RightMargin</gw:TechnicalDescription>\n\t\t\t\t\t\t<gw:InstanceCount>1</gw:InstanceCount>\n\t\t\t\t\t\t<gw:TotalSizeInBytes>8</gw:TotalSizeInBytes>\n\t\t\t\t\t\t<gw:AverageSizeInBytes>8</gw:AverageSizeInBytes>\n\t\t\t\t\t\t<gw:MinSizeInBytes>8</gw:MinSizeInBytes>\n\t\t\t\t\t\t<gw:MaxSizeInBytes>8</gw:MaxSizeInBytes>\n\t\t\t\t\t</gw:ContentItem>\n\t\t\t\t\t<gw:ContentItem>\n\t\t\t\t\t\t<gw:TechnicalDescription>TopMargin</gw:TechnicalDescription>\n\t\t\t\t\t\t<gw:InstanceCount>1</gw:InstanceCount>\n\t\t\t\t\t\t<gw:TotalSizeInBytes>8</gw:TotalSizeInBytes>\n\t\t\t\t\t\t<gw:AverageSizeInBytes>8</gw:AverageSizeInBytes>\n\t\t\t\t\t\t<gw:MinSizeInBytes>8</gw:MinSizeInBytes>\n\t\t\t\t\t\t<gw:MaxSizeInBytes>8</gw:MaxSizeInBytes>\n\t\t\t\t\t</gw:ContentItem>\n\t\t\t\t</gw:ContentItems>\n\t\t\t\t<gw:SanitisationItems itemCount=\"0\" />\n\t\t\t\t<gw:RemedyItems itemCount=\"0\" />\n\t\t\t\t<gw:IssueItems itemCount=\"0\" />\n\t\t\t</gw:ContentGroup>\n\t\t\t<gw:ContentGroup>\n\t\t\t\t<gw:BriefDescription>Excel Printer Setting Instances</gw:BriefDescription>\n\t\t\t\t<gw:ContentItems itemCount=\"7\">\n\t\t\t\t\t<gw:ContentItem>\n\t\t\t\t\t\t<gw:TechnicalDescription>Footer</gw:TechnicalDescription>\n\t\t\t\t\t\t<gw:InstanceCount>1</gw:InstanceCount>\n\t\t\t\t\t\t<gw:TotalSizeInBytes>0</gw:TotalSizeInBytes>\n\t\t\t\t\t\t<gw:AverageSizeInBytes>0</gw:AverageSizeInBytes>\n\t\t\t\t\t\t<gw:MinSizeInBytes>0</gw:MinSizeInBytes>\n\t\t\t\t\t\t<gw:MaxSizeInBytes>0</gw:MaxSizeInBytes>\n\t\t\t\t\t</gw:ContentItem>\n\t\t\t\t\t<gw:ContentItem>\n\t\t\t\t\t\t<gw:TechnicalDescription>HCenter</gw:TechnicalDescription>\n\t\t\t\t\t\t<gw:InstanceCount>1</gw:InstanceCount>\n\t\t\t\t\t\t<gw:TotalSizeInBytes>2</gw:TotalSizeInBytes>\n\t\t\t\t\t\t<gw:AverageSizeInBytes>2</gw:AverageSizeInBytes>\n\t\t\t\t\t\t<gw:MinSizeInBytes>2</gw:MinSizeInBytes>\n\t\t\t\t\t\t<gw:MaxSizeInBytes>2</gw:MaxSizeInBytes>\n\t\t\t\t\t</gw:ContentItem>\n\t\t\t\t\t<gw:ContentItem>\n\t\t\t\t\t\t<gw:TechnicalDescription>Header</gw:TechnicalDescription>\n\t\t\t\t\t\t<gw:InstanceCount>1</gw:InstanceCount>\n\t\t\t\t\t\t<gw:TotalSizeInBytes>0</gw:TotalSizeInBytes>\n\t\t\t\t\t\t<gw:AverageSizeInBytes>0</gw:AverageSizeInBytes>\n\t\t\t\t\t\t<gw:MinSizeInBytes>0</gw:MinSizeInBytes>\n\t\t\t\t\t\t<gw:MaxSizeInBytes>0</gw:MaxSizeInBytes>\n\t\t\t\t\t</gw:ContentItem>\n\t\t\t\t\t<gw:ContentItem>\n\t\t\t\t\t\t<gw:TechnicalDescription>PrintGrid</gw:TechnicalDescription>\n\t\t\t\t\t\t<gw:InstanceCount>1</gw:InstanceCount>\n\t\t\t\t\t\t<gw:TotalSizeInBytes>2</gw:TotalSizeInBytes>\n\t\t\t\t\t\t<gw:AverageSizeInBytes>2</gw:AverageSizeInBytes>\n\t\t\t\t\t\t<gw:MinSizeInBytes>2</gw:MinSizeInBytes>\n\t\t\t\t\t\t<gw:MaxSizeInBytes>2</gw:MaxSizeInBytes>\n\t\t\t\t\t</gw:ContentItem>\n\t\t\t\t\t<gw:ContentItem>\n\t\t\t\t\t\t<gw:TechnicalDescription>PrintRowCol</gw:TechnicalDescription>\n\t\t\t\t\t\t<gw:InstanceCount>1</gw:InstanceCount>\n\t\t\t\t\t\t<gw:TotalSizeInBytes>2</gw:TotalSizeInBytes>\n\t\t\t\t\t\t<gw:AverageSizeInBytes>2</gw:AverageSizeInBytes>\n\t\t\t\t\t\t<gw:MinSizeInBytes>2</gw:MinSizeInBytes>\n\t\t\t\t\t\t<gw:MaxSizeInBytes>2</gw:MaxSizeInBytes>\n\t\t\t\t\t</gw:ContentItem>\n\t\t\t\t\t<gw:ContentItem>\n\t\t\t\t\t\t<gw:TechnicalDescription>Setup</gw:TechnicalDescription>\n\t\t\t\t\t\t<gw:InstanceCount>1</gw:InstanceCount>\n\t\t\t\t\t\t<gw:TotalSizeInBytes>34</gw:TotalSizeInBytes>\n\t\t\t\t\t\t<gw:AverageSizeInBytes>34</gw:AverageSizeInBytes>\n\t\t\t\t\t\t<gw:MinSizeInBytes>34</gw:MinSizeInBytes>\n\t\t\t\t\t\t<gw:MaxSizeInBytes>34</gw:MaxSizeInBytes>\n\t\t\t\t\t</gw:ContentItem>\n\t\t\t\t\t<gw:ContentItem>\n\t\t\t\t\t\t<gw:TechnicalDescription>VCenter</gw:TechnicalDescription>\n\t\t\t\t\t\t<gw:InstanceCount>1</gw:InstanceCount>\n\t\t\t\t\t\t<gw:TotalSizeInBytes>2</gw:TotalSizeInBytes>\n\t\t\t\t\t\t<gw:AverageSizeInBytes>2</gw:AverageSizeInBytes>\n\t\t\t\t\t\t<gw:MinSizeInBytes>2</gw:MinSizeInBytes>\n\t\t\t\t\t\t<gw:MaxSizeInBytes>2</gw:MaxSizeInBytes>\n\t\t\t\t\t</gw:ContentItem>\n\t\t\t\t</gw:ContentItems>\n\t\t\t\t<gw:SanitisationItems itemCount=\"0\" />\n\t\t\t\t<gw:RemedyItems itemCount=\"0\" />\n\t\t\t\t<gw:IssueItems itemCount=\"0\" />\n\t\t\t</gw:ContentGroup>\n\t\t\t<gw:ContentGroup>\n\t\t\t\t<gw:BriefDescription>Excel Data Source Information Instances</gw:BriefDescription>\n\t\t\t\t<gw:ContentItems itemCount=\"2\">\n\t\t\t\t\t<gw:ContentItem>\n\t\t\t\t\t\t<gw:TechnicalDescription>HideObj</gw:TechnicalDescription>\n\t\t\t\t\t\t<gw:InstanceCount>1</gw:InstanceCount>\n\t\t\t\t\t\t<gw:TotalSizeInBytes>2</gw:TotalSizeInBytes>\n\t\t\t\t\t\t<gw:AverageSizeInBytes>2</gw:AverageSizeInBytes>\n\t\t\t\t\t\t<gw:MinSizeInBytes>2</gw:MinSizeInBytes>\n\t\t\t\t\t\t<gw:MaxSizeInBytes>2</gw:MaxSizeInBytes>\n\t\t\t\t\t</gw:ContentItem>\n\t\t\t\t\t<gw:ContentItem>\n\t\t\t\t\t\t<gw:TechnicalDescription>RefreshAll</gw:TechnicalDescription>\n\t\t\t\t\t\t<gw:InstanceCount>1</gw:InstanceCount>\n\t\t\t\t\t\t<gw:TotalSizeInBytes>2</gw:TotalSizeInBytes>\n\t\t\t\t\t\t<gw:AverageSizeInBytes>2</gw:AverageSizeInBytes>\n\t\t\t\t\t\t<gw:MinSizeInBytes>2</gw:MinSizeInBytes>\n\t\t\t\t\t\t<gw:MaxSizeInBytes>2</gw:MaxSizeInBytes>\n\t\t\t\t\t</gw:ContentItem>\n\t\t\t\t</gw:ContentItems>\n\t\t\t\t<gw:SanitisationItems itemCount=\"0\" />\n\t\t\t\t<gw:RemedyItems itemCount=\"0\" />\n\t\t\t\t<gw:IssueItems itemCount=\"0\" />\n\t\t\t</gw:ContentGroup>\n\t\t\t<gw:ContentGroup>\n\t\t\t\t<gw:BriefDescription>Excel Sheet Information Instances</gw:BriefDescription>\n\t\t\t\t<gw:ContentItems itemCount=\"34\">\n\t\t\t\t\t<gw:ContentItem>\n\t\t\t\t\t\t<gw:TechnicalDescription>BottomMargin</gw:TechnicalDescription>\n\t\t\t\t\t\t<gw:InstanceCount>1</gw:InstanceCount>\n\t\t\t\t\t\t<gw:TotalSizeInBytes>8</gw:TotalSizeInBytes>\n\t\t\t\t\t\t<gw:AverageSizeInBytes>8</gw:AverageSizeInBytes>\n\t\t\t\t\t\t<gw:MinSizeInBytes>8</gw:MinSizeInBytes>\n\t\t\t\t\t\t<gw:MaxSizeInBytes>8</gw:MaxSizeInBytes>\n\t\t\t\t\t</gw:ContentItem>\n\t\t\t\t\t<gw:ContentItem>\n\t\t\t\t\t\t<gw:TechnicalDescription>BoundSheet8</gw:TechnicalDescription>\n\t\t\t\t\t\t<gw:InstanceCount>1</gw:InstanceCount>\n\t\t\t\t\t\t<gw:TotalSizeInBytes>14</gw:TotalSizeInBytes>\n\t\t\t\t\t\t<gw:AverageSizeInBytes>14</gw:AverageSizeInBytes>\n\t\t\t\t\t\t<gw:MinSizeInBytes>14</gw:MinSizeInBytes>\n\t\t\t\t\t\t<gw:MaxSizeInBytes>14</gw:MaxSizeInBytes>\n\t\t\t\t\t</gw:ContentItem>\n\t\t\t\t\t<gw:ContentItem>\n\t\t\t\t\t\t<gw:TechnicalDescription>CalcCount</gw:TechnicalDescription>\n\t\t\t\t\t\t<gw:InstanceCount>1</gw:InstanceCount>\n\t\t\t\t\t\t<gw:TotalSizeInBytes>2</gw:TotalSizeInBytes>\n\t\t\t\t\t\t<gw:AverageSizeInBytes>2</gw:AverageSizeInBytes>\n\t\t\t\t\t\t<gw:MinSizeInBytes>2</gw:MinSizeInBytes>\n\t\t\t\t\t\t<gw:MaxSizeInBytes>2</gw:MaxSizeInBytes>\n\t\t\t\t\t</gw:ContentItem>\n\t\t\t\t\t<gw:ContentItem>\n\t\t\t\t\t\t<gw:TechnicalDescription>CalcDelta</gw:TechnicalDescription>\n\t\t\t\t\t\t<gw:InstanceCount>1</gw:InstanceCount>\n\t\t\t\t\t\t<gw:TotalSizeInBytes>8</gw:TotalSizeInBytes>\n\t\t\t\t\t\t<gw:AverageSizeInBytes>8</gw:AverageSizeInBytes>\n\t\t\t\t\t\t<gw:MinSizeInBytes>8</gw:MinSizeInBytes>\n\t\t\t\t\t\t<gw:MaxSizeInBytes>8</gw:MaxSizeInBytes>\n\t\t\t\t\t</gw:ContentItem>\n\t\t\t\t\t<gw:ContentItem>\n\t\t\t\t\t\t<gw:TechnicalDescription>CalcIter</gw:TechnicalDescription>\n\t\t\t\t\t\t<gw:InstanceCount>1</gw:InstanceCount>\n\t\t\t\t\t\t<gw:TotalSizeInBytes>2</gw:TotalSizeInBytes>\n\t\t\t\t\t\t<gw:AverageSizeInBytes>2</gw:AverageSizeInBytes>\n\t\t\t\t\t\t<gw:MinSizeInBytes>2</gw:MinSizeInBytes>\n\t\t\t\t\t\t<gw:MaxSizeInBytes>2</gw:MaxSizeInBytes>\n\t\t\t\t\t</gw:ContentItem>\n\t\t\t\t\t<gw:ContentItem>\n\t\t\t\t\t\t<gw:TechnicalDescription>CalcMode</gw:TechnicalDescription>\n\t\t\t\t\t\t<gw:InstanceCount>1</gw:InstanceCount>\n\t\t\t\t\t\t<gw:TotalSizeInBytes>2</gw:TotalSizeInBytes>\n\t\t\t\t\t\t<gw:AverageSizeInBytes>2</gw:AverageSizeInBytes>\n\t\t\t\t\t\t<gw:MinSizeInBytes>2</gw:MinSizeInBytes>\n\t\t\t\t\t\t<gw:MaxSizeInBytes>2</gw:MaxSizeInBytes>\n\t\t\t\t\t</gw:ContentItem>\n\t\t\t\t\t<gw:ContentItem>\n\t\t\t\t\t\t<gw:TechnicalDescription>CalcPrecision</gw:TechnicalDescription>\n\t\t\t\t\t\t<gw:InstanceCount>1</gw:InstanceCount>\n\t\t\t\t\t\t<gw:TotalSizeInBytes>2</gw:TotalSizeInBytes>\n\t\t\t\t\t\t<gw:AverageSizeInBytes>2</gw:AverageSizeInBytes>\n\t\t\t\t\t\t<gw:MinSizeInBytes>2</gw:MinSizeInBytes>\n\t\t\t\t\t\t<gw:MaxSizeInBytes>2</gw:MaxSizeInBytes>\n\t\t\t\t\t</gw:ContentItem>\n\t\t\t\t\t<gw:ContentItem>\n\t\t\t\t\t\t<gw:TechnicalDescription>CalcRefMode</gw:TechnicalDescription>\n\t\t\t\t\t\t<gw:InstanceCount>1</gw:InstanceCount>\n\t\t\t\t\t\t<gw:TotalSizeInBytes>2</gw:TotalSizeInBytes>\n\t\t\t\t\t\t<gw:AverageSizeInBytes>2</gw:AverageSizeInBytes>\n\t\t\t\t\t\t<gw:MinSizeInBytes>2</gw:MinSizeInBytes>\n\t\t\t\t\t\t<gw:MaxSizeInBytes>2</gw:MaxSizeInBytes>\n\t\t\t\t\t</gw:ContentItem>\n\t\t\t\t\t<gw:ContentItem>\n\t\t\t\t\t\t<gw:TechnicalDescription>CalcSaveRecalc</gw:TechnicalDescription>\n\t\t\t\t\t\t<gw:InstanceCount>1</gw:InstanceCount>\n\t\t\t\t\t\t<gw:TotalSizeInBytes>2</gw:TotalSizeInBytes>\n\t\t\t\t\t\t<gw:AverageSizeInBytes>2</gw:AverageSizeInBytes>\n\t\t\t\t\t\t<gw:MinSizeInBytes>2</gw:MinSizeInBytes>\n\t\t\t\t\t\t<gw:MaxSizeInBytes>2</gw:MaxSizeInBytes>\n\t\t\t\t\t</gw:ContentItem>\n\t\t\t\t\t<gw:ContentItem>\n\t\t\t\t\t\t<gw:TechnicalDescription>CodeName</gw:TechnicalDescription>\n\t\t\t\t\t\t<gw:InstanceCount>2</gw:InstanceCount>\n\t\t\t\t\t\t<gw:TotalSizeInBytes>24</gw:TotalSizeInBytes>\n\t\t\t\t\t\t<gw:AverageSizeInBytes>12</gw:AverageSizeInBytes>\n\t\t\t\t\t\t<gw:MinSizeInBytes>9</gw:MinSizeInBytes>\n\t\t\t\t\t\t<gw:MaxSizeInBytes>15</gw:MaxSizeInBytes>\n\t\t\t\t\t</gw:ContentItem>\n\t\t\t\t\t<gw:ContentItem>\n\t\t\t\t\t\t<gw:TechnicalDescription>CodePage</gw:TechnicalDescription>\n\t\t\t\t\t\t<gw:InstanceCount>1</gw:InstanceCount>\n\t\t\t\t\t\t<gw:TotalSizeInBytes>2</gw:TotalSizeInBytes>\n\t\t\t\t\t\t<gw:AverageSizeInBytes>2</gw:AverageSizeInBytes>\n\t\t\t\t\t\t<gw:MinSizeInBytes>2</gw:MinSizeInBytes>\n\t\t\t\t\t\t<gw:MaxSizeInBytes>2</gw:MaxSizeInBytes>\n\t\t\t\t\t</gw:ContentItem>\n\t\t\t\t\t<gw:ContentItem>\n\t\t\t\t\t\t<gw:TechnicalDescription>Compat12</gw:TechnicalDescription>\n\t\t\t\t\t\t<gw:InstanceCount>1</gw:InstanceCount>\n\t\t\t\t\t\t<gw:TotalSizeInBytes>16</gw:TotalSizeInBytes>\n\t\t\t\t\t\t<gw:AverageSizeInBytes>16</gw:AverageSizeInBytes>\n\t\t\t\t\t\t<gw:MinSizeInBytes>16</gw:MinSizeInBytes>\n\t\t\t\t\t\t<gw:MaxSizeInBytes>16</gw:MaxSizeInBytes>\n\t\t\t\t\t</gw:ContentItem>\n\t\t\t\t\t<gw:ContentItem>\n\t\t\t\t\t\t<gw:TechnicalDescription>DBCell</gw:TechnicalDescription>\n\t\t\t\t\t\t<gw:InstanceCount>1</gw:InstanceCount>\n\t\t\t\t\t\t<gw:TotalSizeInBytes>6</gw:TotalSizeInBytes>\n\t\t\t\t\t\t<gw:AverageSizeInBytes>6</gw:AverageSizeInBytes>\n\t\t\t\t\t\t<gw:MinSizeInBytes>6</gw:MinSizeInBytes>\n\t\t\t\t\t\t<gw:MaxSizeInBytes>6</gw:MaxSizeInBytes>\n\t\t\t\t\t</gw:ContentItem>\n\t\t\t\t\t<gw:ContentItem>\n\t\t\t\t\t\t<gw:TechnicalDescription>DSF</gw:TechnicalDescription>\n\t\t\t\t\t\t<gw:InstanceCount>1</gw:InstanceCount>\n\t\t\t\t\t\t<gw:TotalSizeInBytes>2</gw:TotalSizeInBytes>\n\t\t\t\t\t\t<gw:AverageSizeInBytes>2</gw:AverageSizeInBytes>\n\t\t\t\t\t\t<gw:MinSizeInBytes>2</gw:MinSizeInBytes>\n\t\t\t\t\t\t<gw:MaxSizeInBytes>2</gw:MaxSizeInBytes>\n\t\t\t\t\t</gw:ContentItem>\n\t\t\t\t\t<gw:ContentItem>\n\t\t\t\t\t\t<gw:TechnicalDescription>DefaultRowHeight</gw:TechnicalDescription>\n\t\t\t\t\t\t<gw:InstanceCount>1</gw:InstanceCount>\n\t\t\t\t\t\t<gw:TotalSizeInBytes>4</gw:TotalSizeInBytes>\n\t\t\t\t\t\t<gw:AverageSizeInBytes>4</gw:AverageSizeInBytes>\n\t\t\t\t\t\t<gw:MinSizeInBytes>4</gw:MinSizeInBytes>\n\t\t\t\t\t\t<gw:MaxSizeInBytes>4</gw:MaxSizeInBytes>\n\t\t\t\t\t</gw:ContentItem>\n\t\t\t\t\t<gw:ContentItem>\n\t\t\t\t\t\t<gw:TechnicalDescription>EOF</gw:TechnicalDescription>\n\t\t\t\t\t\t<gw:InstanceCount>2</gw:InstanceCount>\n\t\t\t\t\t\t<gw:TotalSizeInBytes>0</gw:TotalSizeInBytes>\n\t\t\t\t\t\t<gw:AverageSizeInBytes>0</gw:AverageSizeInBytes>\n\t\t\t\t\t\t<gw:MinSizeInBytes>0</gw:MinSizeInBytes>\n\t\t\t\t\t\t<gw:MaxSizeInBytes>0</gw:MaxSizeInBytes>\n\t\t\t\t\t</gw:ContentItem>\n\t\t\t\t\t<gw:ContentItem>\n\t\t\t\t\t\t<gw:TechnicalDescription>ForceFullCalculation</gw:TechnicalDescription>\n\t\t\t\t\t\t<gw:InstanceCount>1</gw:InstanceCount>\n\t\t\t\t\t\t<gw:TotalSizeInBytes>16</gw:TotalSizeInBytes>\n\t\t\t\t\t\t<gw:AverageSizeInBytes>16</gw:AverageSizeInBytes>\n\t\t\t\t\t\t<gw:MinSizeInBytes>16</gw:MinSizeInBytes>\n\t\t\t\t\t\t<gw:MaxSizeInBytes>16</gw:MaxSizeInBytes>\n\t\t\t\t\t</gw:ContentItem>\n\t\t\t\t\t<gw:ContentItem>\n\t\t\t\t\t\t<gw:TechnicalDescription>GridSet</gw:TechnicalDescription>\n\t\t\t\t\t\t<gw:InstanceCount>1</gw:InstanceCount>\n\t\t\t\t\t\t<gw:TotalSizeInBytes>2</gw:TotalSizeInBytes>\n\t\t\t\t\t\t<gw:AverageSizeInBytes>2</gw:AverageSizeInBytes>\n\t\t\t\t\t\t<gw:MinSizeInBytes>2</gw:MinSizeInBytes>\n\t\t\t\t\t\t<gw:MaxSizeInBytes>2</gw:MaxSizeInBytes>\n\t\t\t\t\t</gw:ContentItem>\n\t\t\t\t\t<gw:ContentItem>\n\t\t\t\t\t\t<gw:TechnicalDescription>Guts</gw:TechnicalDescription>\n\t\t\t\t\t\t<gw:InstanceCount>1</gw:InstanceCount>\n\t\t\t\t\t\t<gw:TotalSizeInBytes>8</gw:TotalSizeInBytes>\n\t\t\t\t\t\t<gw:AverageSizeInBytes>8</gw:AverageSizeInBytes>\n\t\t\t\t\t\t<gw:MinSizeInBytes>8</gw:MinSizeInBytes>\n\t\t\t\t\t\t<gw:MaxSizeInBytes>8</gw:MaxSizeInBytes>\n\t\t\t\t\t</gw:ContentItem>\n\t\t\t\t\t<gw:ContentItem>\n\t\t\t\t\t\t<gw:TechnicalDescription>HeaderFooter</gw:TechnicalDescription>\n\t\t\t\t\t\t<gw:InstanceCount>1</gw:InstanceCount>\n\t\t\t\t\t\t<gw:TotalSizeInBytes>38</gw:TotalSizeInBytes>\n\t\t\t\t\t\t<gw:AverageSizeInBytes>38</gw:AverageSizeInBytes>\n\t\t\t\t\t\t<gw:MinSizeInBytes>38</gw:MinSizeInBytes>\n\t\t\t\t\t\t<gw:MaxSizeInBytes>38</gw:MaxSizeInBytes>\n\t\t\t\t\t</gw:ContentItem>\n\t\t\t\t\t<gw:ContentItem>\n\t\t\t\t\t\t<gw:TechnicalDescription>Index</gw:TechnicalDescription>\n\t\t\t\t\t\t<gw:InstanceCount>1</gw:InstanceCount>\n\t\t\t\t\t\t<gw:TotalSizeInBytes>20</gw:TotalSizeInBytes>\n\t\t\t\t\t\t<gw:AverageSizeInBytes>20</gw:AverageSizeInBytes>\n\t\t\t\t\t\t<gw:MinSizeInBytes>20</gw:MinSizeInBytes>\n\t\t\t\t\t\t<gw:MaxSizeInBytes>20</gw:MaxSizeInBytes>\n\t\t\t\t\t</gw:ContentItem>\n\t\t\t\t\t<gw:ContentItem>\n\t\t\t\t\t\t<gw:TechnicalDescription>LabelSst</gw:TechnicalDescription>\n\t\t\t\t\t\t<gw:InstanceCount>1</gw:InstanceCount>\n\t\t\t\t\t\t<gw:TotalSizeInBytes>10</gw:TotalSizeInBytes>\n\t\t\t\t\t\t<gw:AverageSizeInBytes>10</gw:AverageSizeInBytes>\n\t\t\t\t\t\t<gw:MinSizeInBytes>10</gw:MinSizeInBytes>\n\t\t\t\t\t\t<gw:MaxSizeInBytes>10</gw:MaxSizeInBytes>\n\t\t\t\t\t</gw:ContentItem>\n\t\t\t\t\t<gw:ContentItem>\n\t\t\t\t\t\t<gw:TechnicalDescription>ObProj</gw:TechnicalDescription>\n\t\t\t\t\t\t<gw:InstanceCount>1</gw:InstanceCount>\n\t\t\t\t\t\t<gw:TotalSizeInBytes>0</gw:TotalSizeInBytes>\n\t\t\t\t\t\t<gw:AverageSizeInBytes>0</gw:AverageSizeInBytes>\n\t\t\t\t\t\t<gw:MinSizeInBytes>0</gw:MinSizeInBytes>\n\t\t\t\t\t\t<gw:MaxSizeInBytes>0</gw:MaxSizeInBytes>\n\t\t\t\t\t</gw:ContentItem>\n\t\t\t\t\t<gw:ContentItem>\n\t\t\t\t\t\t<gw:TechnicalDescription>RecalcId</gw:TechnicalDescription>\n\t\t\t\t\t\t<gw:InstanceCount>1</gw:InstanceCount>\n\t\t\t\t\t\t<gw:TotalSizeInBytes>8</gw:TotalSizeInBytes>\n\t\t\t\t\t\t<gw:AverageSizeInBytes>8</gw:AverageSizeInBytes>\n\t\t\t\t\t\t<gw:MinSizeInBytes>8</gw:MinSizeInBytes>\n\t\t\t\t\t\t<gw:MaxSizeInBytes>8</gw:MaxSizeInBytes>\n\t\t\t\t\t</gw:ContentItem>\n\t\t\t\t\t<gw:ContentItem>\n\t\t\t\t\t\t<gw:TechnicalDescription>Row</gw:TechnicalDescription>\n\t\t\t\t\t\t<gw:InstanceCount>1</gw:InstanceCount>\n\t\t\t\t\t\t<gw:TotalSizeInBytes>16</gw:TotalSizeInBytes>\n\t\t\t\t\t\t<gw:AverageSizeInBytes>16</gw:AverageSizeInBytes>\n\t\t\t\t\t\t<gw:MinSizeInBytes>16</gw:MinSizeInBytes>\n\t\t\t\t\t\t<gw:MaxSizeInBytes>16</gw:MaxSizeInBytes>\n\t\t\t\t\t</gw:ContentItem>\n\t\t\t\t\t<gw:ContentItem>\n\t\t\t\t\t\t<gw:TechnicalDescription>Selection</gw:TechnicalDescription>\n\t\t\t\t\t\t<gw:InstanceCount>1</gw:InstanceCount>\n\t\t\t\t\t\t<gw:TotalSizeInBytes>15</gw:TotalSizeInBytes>\n\t\t\t\t\t\t<gw:AverageSizeInBytes>15</gw:AverageSizeInBytes>\n\t\t\t\t\t\t<gw:MinSizeInBytes>15</gw:MinSizeInBytes>\n\t\t\t\t\t\t<gw:MaxSizeInBytes>15</gw:MaxSizeInBytes>\n\t\t\t\t\t</gw:ContentItem>\n\t\t\t\t\t<gw:ContentItem>\n\t\t\t\t\t\t<gw:TechnicalDescription>Style</gw:TechnicalDescription>\n\t\t\t\t\t\t<gw:InstanceCount>47</gw:InstanceCount>\n\t\t\t\t\t\t<gw:TotalSizeInBytes>640</gw:TotalSizeInBytes>\n\t\t\t\t\t\t<gw:AverageSizeInBytes>13</gw:AverageSizeInBytes>\n\t\t\t\t\t\t<gw:MinSizeInBytes>4</gw:MinSizeInBytes>\n\t\t\t\t\t\t<gw:MaxSizeInBytes>21</gw:MaxSizeInBytes>\n\t\t\t\t\t</gw:ContentItem>\n\t\t\t\t\t<gw:ContentItem>\n\t\t\t\t\t\t<gw:TechnicalDescription>StyleExt</gw:TechnicalDescription>\n\t\t\t\t\t\t<gw:InstanceCount>47</gw:InstanceCount>\n\t\t\t\t\t\t<gw:TotalSizeInBytes>3395</gw:TotalSizeInBytes>\n\t\t\t\t\t\t<gw:AverageSizeInBytes>72</gw:AverageSizeInBytes>\n\t\t\t\t\t\t<gw:MinSizeInBytes>32</gw:MinSizeInBytes>\n\t\t\t\t\t\t<gw:MaxSizeInBytes>129</gw:MaxSizeInBytes>\n\t\t\t\t\t</gw:ContentItem>\n\t\t\t\t\t<gw:ContentItem>\n\t\t\t\t\t\t<gw:TechnicalDescription>Window1</gw:TechnicalDescription>\n\t\t\t\t\t\t<gw:InstanceCount>1</gw:InstanceCount>\n\t\t\t\t\t\t<gw:TotalSizeInBytes>18</gw:TotalSizeInBytes>\n\t\t\t\t\t\t<gw:AverageSizeInBytes>18</gw:AverageSizeInBytes>\n\t\t\t\t\t\t<gw:MinSizeInBytes>18</gw:MinSizeInBytes>\n\t\t\t\t\t\t<gw:MaxSizeInBytes>18</gw:MaxSizeInBytes>\n\t\t\t\t\t</gw:ContentItem>\n\t\t\t\t\t<gw:ContentItem>\n\t\t\t\t\t\t<gw:TechnicalDescription>Window2</gw:TechnicalDescription>\n\t\t\t\t\t\t<gw:InstanceCount>1</gw:InstanceCount>\n\t\t\t\t\t\t<gw:TotalSizeInBytes>18</gw:TotalSizeInBytes>\n\t\t\t\t\t\t<gw:AverageSizeInBytes>18</gw:AverageSizeInBytes>\n\t\t\t\t\t\t<gw:MinSizeInBytes>18</gw:MinSizeInBytes>\n\t\t\t\t\t\t<gw:MaxSizeInBytes>18</gw:MaxSizeInBytes>\n\t\t\t\t\t</gw:ContentItem>\n\t\t\t\t\t<gw:ContentItem>\n\t\t\t\t\t\t<gw:TechnicalDescription>WsBool</gw:TechnicalDescription>\n\t\t\t\t\t\t<gw:InstanceCount>1</gw:InstanceCount>\n\t\t\t\t\t\t<gw:TotalSizeInBytes>2</gw:TotalSizeInBytes>\n\t\t\t\t\t\t<gw:AverageSizeInBytes>2</gw:AverageSizeInBytes>\n\t\t\t\t\t\t<gw:MinSizeInBytes>2</gw:MinSizeInBytes>\n\t\t\t\t\t\t<gw:MaxSizeInBytes>2</gw:MaxSizeInBytes>\n\t\t\t\t\t</gw:ContentItem>\n\t\t\t\t\t<gw:ContentItem>\n\t\t\t\t\t\t<gw:TechnicalDescription>XF</gw:TechnicalDescription>\n\t\t\t\t\t\t<gw:InstanceCount>62</gw:InstanceCount>\n\t\t\t\t\t\t<gw:TotalSizeInBytes>1240</gw:TotalSizeInBytes>\n\t\t\t\t\t\t<gw:AverageSizeInBytes>20</gw:AverageSizeInBytes>\n\t\t\t\t\t\t<gw:MinSizeInBytes>20</gw:MinSizeInBytes>\n\t\t\t\t\t\t<gw:MaxSizeInBytes>20</gw:MaxSizeInBytes>\n\t\t\t\t\t</gw:ContentItem>\n\t\t\t\t\t<gw:ContentItem>\n\t\t\t\t\t\t<gw:TechnicalDescription>XFCRC</gw:TechnicalDescription>\n\t\t\t\t\t\t<gw:InstanceCount>1</gw:InstanceCount>\n\t\t\t\t\t\t<gw:TotalSizeInBytes>20</gw:TotalSizeInBytes>\n\t\t\t\t\t\t<gw:AverageSizeInBytes>20</gw:AverageSizeInBytes>\n\t\t\t\t\t\t<gw:MinSizeInBytes>20</gw:MinSizeInBytes>\n\t\t\t\t\t\t<gw:MaxSizeInBytes>20</gw:MaxSizeInBytes>\n\t\t\t\t\t</gw:ContentItem>\n\t\t\t\t\t<gw:ContentItem>\n\t\t\t\t\t\t<gw:TechnicalDescription>XFExt</gw:TechnicalDescription>\n\t\t\t\t\t\t<gw:InstanceCount>62</gw:InstanceCount>\n\t\t\t\t\t\t<gw:TotalSizeInBytes>3950</gw:TotalSizeInBytes>\n\t\t\t\t\t\t<gw:AverageSizeInBytes>63</gw:AverageSizeInBytes>\n\t\t\t\t\t\t<gw:MinSizeInBytes>45</gw:MinSizeInBytes>\n\t\t\t\t\t\t<gw:MaxSizeInBytes>145</gw:MaxSizeInBytes>\n\t\t\t\t\t</gw:ContentItem>\n\t\t\t\t</gw:ContentItems>\n\t\t\t\t<gw:SanitisationItems itemCount=\"0\" />\n\t\t\t\t<gw:RemedyItems itemCount=\"0\" />\n\t\t\t\t<gw:IssueItems itemCount=\"0\" />\n\t\t\t</gw:ContentGroup>\n\t\t\t<gw:ContentGroup>\n\t\t\t\t<gw:BriefDescription>Excel Metadata Instances</gw:BriefDescription>\n\t\t\t\t<gw:ContentItems itemCount=\"9\">\n\t\t\t\t\t<gw:ContentItem>\n\t\t\t\t\t\t<gw:TechnicalDescription>BOF</gw:TechnicalDescription>\n\t\t\t\t\t\t<gw:InstanceCount>2</gw:InstanceCount>\n\t\t\t\t\t\t<gw:TotalSizeInBytes>32</gw:TotalSizeInBytes>\n\t\t\t\t\t\t<gw:AverageSizeInBytes>16</gw:AverageSizeInBytes>\n\t\t\t\t\t\t<gw:MinSizeInBytes>16</gw:MinSizeInBytes>\n\t\t\t\t\t\t<gw:MaxSizeInBytes>16</gw:MaxSizeInBytes>\n\t\t\t\t\t</gw:ContentItem>\n\t\t\t\t\t<gw:ContentItem>\n\t\t\t\t\t\t<gw:TechnicalDescription>Backup</gw:TechnicalDescription>\n\t\t\t\t\t\t<gw:InstanceCount>1</gw:InstanceCount>\n\t\t\t\t\t\t<gw:TotalSizeInBytes>2</gw:TotalSizeInBytes>\n\t\t\t\t\t\t<gw:AverageSizeInBytes>2</gw:AverageSizeInBytes>\n\t\t\t\t\t\t<gw:MinSizeInBytes>2</gw:MinSizeInBytes>\n\t\t\t\t\t\t<gw:MaxSizeInBytes>2</gw:MaxSizeInBytes>\n\t\t\t\t\t</gw:ContentItem>\n\t\t\t\t\t<gw:ContentItem>\n\t\t\t\t\t\t<gw:TechnicalDescription>BookBool</gw:TechnicalDescription>\n\t\t\t\t\t\t<gw:InstanceCount>1</gw:InstanceCount>\n\t\t\t\t\t\t<gw:TotalSizeInBytes>2</gw:TotalSizeInBytes>\n\t\t\t\t\t\t<gw:AverageSizeInBytes>2</gw:AverageSizeInBytes>\n\t\t\t\t\t\t<gw:MinSizeInBytes>2</gw:MinSizeInBytes>\n\t\t\t\t\t\t<gw:MaxSizeInBytes>2</gw:MaxSizeInBytes>\n\t\t\t\t\t</gw:ContentItem>\n\t\t\t\t\t<gw:ContentItem>\n\t\t\t\t\t\t<gw:TechnicalDescription>BookExt</gw:TechnicalDescription>\n\t\t\t\t\t\t<gw:InstanceCount>1</gw:InstanceCount>\n\t\t\t\t\t\t<gw:TotalSizeInBytes>22</gw:TotalSizeInBytes>\n\t\t\t\t\t\t<gw:AverageSizeInBytes>22</gw:AverageSizeInBytes>\n\t\t\t\t\t\t<gw:MinSizeInBytes>22</gw:MinSizeInBytes>\n\t\t\t\t\t\t<gw:MaxSizeInBytes>22</gw:MaxSizeInBytes>\n\t\t\t\t\t</gw:ContentItem>\n\t\t\t\t\t<gw:ContentItem>\n\t\t\t\t\t\t<gw:TechnicalDescription>Country</gw:TechnicalDescription>\n\t\t\t\t\t\t<gw:InstanceCount>1</gw:InstanceCount>\n\t\t\t\t\t\t<gw:TotalSizeInBytes>4</gw:TotalSizeInBytes>\n\t\t\t\t\t\t<gw:AverageSizeInBytes>4</gw:AverageSizeInBytes>\n\t\t\t\t\t\t<gw:MinSizeInBytes>4</gw:MinSizeInBytes>\n\t\t\t\t\t\t<gw:MaxSizeInBytes>4</gw:MaxSizeInBytes>\n\t\t\t\t\t</gw:ContentItem>\n\t\t\t\t\t<gw:ContentItem>\n\t\t\t\t\t\t<gw:TechnicalDescription>Date1904</gw:TechnicalDescription>\n\t\t\t\t\t\t<gw:InstanceCount>1</gw:InstanceCount>\n\t\t\t\t\t\t<gw:TotalSizeInBytes>2</gw:TotalSizeInBytes>\n\t\t\t\t\t\t<gw:AverageSizeInBytes>2</gw:AverageSizeInBytes>\n\t\t\t\t\t\t<gw:MinSizeInBytes>2</gw:MinSizeInBytes>\n\t\t\t\t\t\t<gw:MaxSizeInBytes>2</gw:MaxSizeInBytes>\n\t\t\t\t\t</gw:ContentItem>\n\t\t\t\t\t<gw:ContentItem>\n\t\t\t\t\t\t<gw:TechnicalDescription>Excel9File</gw:TechnicalDescription>\n\t\t\t\t\t\t<gw:InstanceCount>1</gw:InstanceCount>\n\t\t\t\t\t\t<gw:TotalSizeInBytes>0</gw:TotalSizeInBytes>\n\t\t\t\t\t\t<gw:AverageSizeInBytes>0</gw:AverageSizeInBytes>\n\t\t\t\t\t\t<gw:MinSizeInBytes>0</gw:MinSizeInBytes>\n\t\t\t\t\t\t<gw:MaxSizeInBytes>0</gw:MaxSizeInBytes>\n\t\t\t\t\t</gw:ContentItem>\n\t\t\t\t\t<gw:ContentItem>\n\t\t\t\t\t\t<gw:TechnicalDescription>GUIDTypeLib</gw:TechnicalDescription>\n\t\t\t\t\t\t<gw:InstanceCount>1</gw:InstanceCount>\n\t\t\t\t\t\t<gw:TotalSizeInBytes>28</gw:TotalSizeInBytes>\n\t\t\t\t\t\t<gw:AverageSizeInBytes>28</gw:AverageSizeInBytes>\n\t\t\t\t\t\t<gw:MinSizeInBytes>28</gw:MinSizeInBytes>\n\t\t\t\t\t\t<gw:MaxSizeInBytes>28</gw:MaxSizeInBytes>\n\t\t\t\t\t</gw:ContentItem>\n\t\t\t\t\t<gw:ContentItem>\n\t\t\t\t\t\t<gw:TechnicalDescription>WriteAccess</gw:TechnicalDescription>\n\t\t\t\t\t\t<gw:InstanceCount>1</gw:InstanceCount>\n\t\t\t\t\t\t<gw:TotalSizeInBytes>112</gw:TotalSizeInBytes>\n\t\t\t\t\t\t<gw:AverageSizeInBytes>112</gw:AverageSizeInBytes>\n\t\t\t\t\t\t<gw:MinSizeInBytes>112</gw:MinSizeInBytes>\n\t\t\t\t\t\t<gw:MaxSizeInBytes>112</gw:MaxSizeInBytes>\n\t\t\t\t\t</gw:ContentItem>\n\t\t\t\t</gw:ContentItems>\n\t\t\t\t<gw:SanitisationItems itemCount=\"1\">\n\t\t\t\t\t<gw:SanitisationItem>\n\t\t\t\t\t\t<gw:TechnicalDescription>Metadata detected in WriteAccess.userName</gw:TechnicalDescription>\n\t\t\t\t\t\t<gw:SanitisationId>47120607</gw:SanitisationId>\n\t\t\t\t\t\t<gw:InstanceCount>2</gw:InstanceCount>\n\t\t\t\t\t\t<gw:TotalSizeInBytes>7</gw:TotalSizeInBytes>\n\t\t\t\t\t\t<gw:AverageSizeInBytes>3</gw:AverageSizeInBytes>\n\t\t\t\t\t\t<gw:MinSizeInBytes>2</gw:MinSizeInBytes>\n\t\t\t\t\t\t<gw:MaxSizeInBytes>5</gw:MaxSizeInBytes>\n\t\t\t\t\t</gw:SanitisationItem>\n\t\t\t\t</gw:SanitisationItems>\n\t\t\t\t<gw:RemedyItems itemCount=\"0\" />\n\t\t\t\t<gw:IssueItems itemCount=\"0\" />\n\t\t\t</gw:ContentGroup>\n\t\t\t<gw:ContentGroup>\n\t\t\t\t<gw:BriefDescription>Excel Drawing Objects Instances</gw:BriefDescription>\n\t\t\t\t<gw:ContentItems itemCount=\"1\">\n\t\t\t\t\t<gw:ContentItem>\n\t\t\t\t\t\t<gw:TechnicalDescription>CompressPictures</gw:TechnicalDescription>\n\t\t\t\t\t\t<gw:InstanceCount>1</gw:InstanceCount>\n\t\t\t\t\t\t<gw:TotalSizeInBytes>16</gw:TotalSizeInBytes>\n\t\t\t\t\t\t<gw:AverageSizeInBytes>16</gw:AverageSizeInBytes>\n\t\t\t\t\t\t<gw:MinSizeInBytes>16</gw:MinSizeInBytes>\n\t\t\t\t\t\t<gw:MaxSizeInBytes>16</gw:MaxSizeInBytes>\n\t\t\t\t\t</gw:ContentItem>\n\t\t\t\t</gw:ContentItems>\n\t\t\t\t<gw:SanitisationItems itemCount=\"0\" />\n\t\t\t\t<gw:RemedyItems itemCount=\"0\" />\n\t\t\t\t<gw:IssueItems itemCount=\"0\" />\n\t\t\t</gw:ContentGroup>\n\t\t\t<gw:ContentGroup>\n\t\t\t\t<gw:BriefDescription>Excel Formulas Instances</gw:BriefDescription>\n\t\t\t\t<gw:ContentItems itemCount=\"1\">\n\t\t\t\t\t<gw:ContentItem>\n\t\t\t\t\t\t<gw:TechnicalDescription>UsesELFs</gw:TechnicalDescription>\n\t\t\t\t\t\t<gw:InstanceCount>1</gw:InstanceCount>\n\t\t\t\t\t\t<gw:TotalSizeInBytes>2</gw:TotalSizeInBytes>\n\t\t\t\t\t\t<gw:AverageSizeInBytes>2</gw:AverageSizeInBytes>\n\t\t\t\t\t\t<gw:MinSizeInBytes>2</gw:MinSizeInBytes>\n\t\t\t\t\t\t<gw:MaxSizeInBytes>2</gw:MaxSizeInBytes>\n\t\t\t\t\t</gw:ContentItem>\n\t\t\t\t</gw:ContentItems>\n\t\t\t\t<gw:SanitisationItems itemCount=\"0\" />\n\t\t\t\t<gw:RemedyItems itemCount=\"0\" />\n\t\t\t\t<gw:IssueItems itemCount=\"0\" />\n\t\t\t</gw:ContentGroup>\n\t\t\t<gw:ContentGroup>\n\t\t\t\t<gw:BriefDescription>Excel Shared Workbook Information Instances</gw:BriefDescription>\n\t\t\t\t<gw:ContentItems itemCount=\"3\">\n\t\t\t\t\t<gw:ContentItem>\n\t\t\t\t\t\t<gw:TechnicalDescription>FeatHdr</gw:TechnicalDescription>\n\t\t\t\t\t\t<gw:InstanceCount>1</gw:InstanceCount>\n\t\t\t\t\t\t<gw:TotalSizeInBytes>23</gw:TotalSizeInBytes>\n\t\t\t\t\t\t<gw:AverageSizeInBytes>23</gw:AverageSizeInBytes>\n\t\t\t\t\t\t<gw:MinSizeInBytes>23</gw:MinSizeInBytes>\n\t\t\t\t\t\t<gw:MaxSizeInBytes>23</gw:MaxSizeInBytes>\n\t\t\t\t\t</gw:ContentItem>\n\t\t\t\t\t<gw:ContentItem>\n\t\t\t\t\t\t<gw:TechnicalDescription>Prot4Rev</gw:TechnicalDescription>\n\t\t\t\t\t\t<gw:InstanceCount>1</gw:InstanceCount>\n\t\t\t\t\t\t<gw:TotalSizeInBytes>2</gw:TotalSizeInBytes>\n\t\t\t\t\t\t<gw:AverageSizeInBytes>2</gw:AverageSizeInBytes>\n\t\t\t\t\t\t<gw:MinSizeInBytes>2</gw:MinSizeInBytes>\n\t\t\t\t\t\t<gw:MaxSizeInBytes>2</gw:MaxSizeInBytes>\n\t\t\t\t\t</gw:ContentItem>\n\t\t\t\t\t<gw:ContentItem>\n\t\t\t\t\t\t<gw:TechnicalDescription>RRTabId</gw:TechnicalDescription>\n\t\t\t\t\t\t<gw:InstanceCount>1</gw:InstanceCount>\n\t\t\t\t\t\t<gw:TotalSizeInBytes>2</gw:TotalSizeInBytes>\n\t\t\t\t\t\t<gw:AverageSizeInBytes>2</gw:AverageSizeInBytes>\n\t\t\t\t\t\t<gw:MinSizeInBytes>2</gw:MinSizeInBytes>\n\t\t\t\t\t\t<gw:MaxSizeInBytes>2</gw:MaxSizeInBytes>\n\t\t\t\t\t</gw:ContentItem>\n\t\t\t\t</gw:ContentItems>\n\t\t\t\t<gw:SanitisationItems itemCount=\"0\" />\n\t\t\t\t<gw:RemedyItems itemCount=\"0\" />\n\t\t\t\t<gw:IssueItems itemCount=\"0\" />\n\t\t\t</gw:ContentGroup>\n\t\t\t<gw:ContentGroup>\n\t\t\t\t<gw:BriefDescription>Excel String Constants Instances</gw:BriefDescription>\n\t\t\t\t<gw:ContentItems itemCount=\"2\">\n\t\t\t\t\t<gw:ContentItem>\n\t\t\t\t\t\t<gw:TechnicalDescription>ExtSST</gw:TechnicalDescription>\n\t\t\t\t\t\t<gw:InstanceCount>1</gw:InstanceCount>\n\t\t\t\t\t\t<gw:TotalSizeInBytes>10</gw:TotalSizeInBytes>\n\t\t\t\t\t\t<gw:AverageSizeInBytes>10</gw:AverageSizeInBytes>\n\t\t\t\t\t\t<gw:MinSizeInBytes>10</gw:MinSizeInBytes>\n\t\t\t\t\t\t<gw:MaxSizeInBytes>10</gw:MaxSizeInBytes>\n\t\t\t\t\t</gw:ContentItem>\n\t\t\t\t\t<gw:ContentItem>\n\t\t\t\t\t\t<gw:TechnicalDescription>SST</gw:TechnicalDescription>\n\t\t\t\t\t\t<gw:InstanceCount>1</gw:InstanceCount>\n\t\t\t\t\t\t<gw:TotalSizeInBytes>21</gw:TotalSizeInBytes>\n\t\t\t\t\t\t<gw:AverageSizeInBytes>21</gw:AverageSizeInBytes>\n\t\t\t\t\t\t<gw:MinSizeInBytes>21</gw:MinSizeInBytes>\n\t\t\t\t\t\t<gw:MaxSizeInBytes>21</gw:MaxSizeInBytes>\n\t\t\t\t\t</gw:ContentItem>\n\t\t\t\t</gw:ContentItems>\n\t\t\t\t<gw:SanitisationItems itemCount=\"0\" />\n\t\t\t\t<gw:RemedyItems itemCount=\"0\" />\n\t\t\t\t<gw:IssueItems itemCount=\"0\" />\n\t\t\t</gw:ContentGroup>\n\t\t\t<gw:ContentGroup>\n\t\t\t\t<gw:BriefDescription>Excel Other Instances</gw:BriefDescription>\n\t\t\t\t<gw:ContentItems itemCount=\"41\">\n\t\t\t\t\t<gw:ContentItem>\n\t\t\t\t\t\t<gw:TechnicalDescription>BookExt_Conditional11</gw:TechnicalDescription>\n\t\t\t\t\t\t<gw:InstanceCount>1</gw:InstanceCount>\n\t\t\t\t\t\t<gw:TotalSizeInBytes>1</gw:TotalSizeInBytes>\n\t\t\t\t\t\t<gw:AverageSizeInBytes>1</gw:AverageSizeInBytes>\n\t\t\t\t\t\t<gw:MinSizeInBytes>1</gw:MinSizeInBytes>\n\t\t\t\t\t\t<gw:MaxSizeInBytes>1</gw:MaxSizeInBytes>\n\t\t\t\t\t</gw:ContentItem>\n\t\t\t\t\t<gw:ContentItem>\n\t\t\t\t\t\t<gw:TechnicalDescription>BookExt_Conditional12</gw:TechnicalDescription>\n\t\t\t\t\t\t<gw:InstanceCount>1</gw:InstanceCount>\n\t\t\t\t\t\t<gw:TotalSizeInBytes>1</gw:TotalSizeInBytes>\n\t\t\t\t\t\t<gw:AverageSizeInBytes>1</gw:AverageSizeInBytes>\n\t\t\t\t\t\t<gw:MinSizeInBytes>1</gw:MinSizeInBytes>\n\t\t\t\t\t\t<gw:MaxSizeInBytes>1</gw:MaxSizeInBytes>\n\t\t\t\t\t</gw:ContentItem>\n\t\t\t\t\t<gw:ContentItem>\n\t\t\t\t\t\t<gw:TechnicalDescription>BuiltInStyle</gw:TechnicalDescription>\n\t\t\t\t\t\t<gw:InstanceCount>53</gw:InstanceCount>\n\t\t\t\t\t\t<gw:TotalSizeInBytes>106</gw:TotalSizeInBytes>\n\t\t\t\t\t\t<gw:AverageSizeInBytes>2</gw:AverageSizeInBytes>\n\t\t\t\t\t\t<gw:MinSizeInBytes>2</gw:MinSizeInBytes>\n\t\t\t\t\t\t<gw:MaxSizeInBytes>2</gw:MaxSizeInBytes>\n\t\t\t\t\t</gw:ContentItem>\n\t\t\t\t\t<gw:ContentItem>\n\t\t\t\t\t\t<gw:TechnicalDescription>CellXF</gw:TechnicalDescription>\n\t\t\t\t\t\t<gw:InstanceCount>1</gw:InstanceCount>\n\t\t\t\t\t\t<gw:TotalSizeInBytes>14</gw:TotalSizeInBytes>\n\t\t\t\t\t\t<gw:AverageSizeInBytes>14</gw:AverageSizeInBytes>\n\t\t\t\t\t\t<gw:MinSizeInBytes>14</gw:MinSizeInBytes>\n\t\t\t\t\t\t<gw:MaxSizeInBytes>14</gw:MaxSizeInBytes>\n\t\t\t\t\t</gw:ContentItem>\n\t\t\t\t\t<gw:ContentItem>\n\t\t\t\t\t\t<gw:TechnicalDescription>ColByteU</gw:TechnicalDescription>\n\t\t\t\t\t\t<gw:InstanceCount>2</gw:InstanceCount>\n\t\t\t\t\t\t<gw:TotalSizeInBytes>2</gw:TotalSizeInBytes>\n\t\t\t\t\t\t<gw:AverageSizeInBytes>1</gw:AverageSizeInBytes>\n\t\t\t\t\t\t<gw:MinSizeInBytes>1</gw:MinSizeInBytes>\n\t\t\t\t\t\t<gw:MaxSizeInBytes>1</gw:MaxSizeInBytes>\n\t\t\t\t\t</gw:ContentItem>\n\t\t\t\t\t<gw:ContentItem>\n\t\t\t\t\t\t<gw:TechnicalDescription>ColU</gw:TechnicalDescription>\n\t\t\t\t\t\t<gw:InstanceCount>3</gw:InstanceCount>\n\t\t\t\t\t\t<gw:TotalSizeInBytes>6</gw:TotalSizeInBytes>\n\t\t\t\t\t\t<gw:AverageSizeInBytes>2</gw:AverageSizeInBytes>\n\t\t\t\t\t\t<gw:MinSizeInBytes>2</gw:MinSizeInBytes>\n\t\t\t\t\t\t<gw:MaxSizeInBytes>2</gw:MaxSizeInBytes>\n\t\t\t\t\t</gw:ContentItem>\n\t\t\t\t\t<gw:ContentItem>\n\t\t\t\t\t\t<gw:TechnicalDescription>EnhancedProtection</gw:TechnicalDescription>\n\t\t\t\t\t\t<gw:InstanceCount>1</gw:InstanceCount>\n\t\t\t\t\t\t<gw:TotalSizeInBytes>4</gw:TotalSizeInBytes>\n\t\t\t\t\t\t<gw:AverageSizeInBytes>4</gw:AverageSizeInBytes>\n\t\t\t\t\t\t<gw:MinSizeInBytes>4</gw:MinSizeInBytes>\n\t\t\t\t\t\t<gw:MaxSizeInBytes>4</gw:MaxSizeInBytes>\n\t\t\t\t\t</gw:ContentItem>\n\t\t\t\t\t<gw:ContentItem>\n\t\t\t\t\t\t<gw:TechnicalDescription>ExcelCoreStreams</gw:TechnicalDescription>\n\t\t\t\t\t\t<gw:InstanceCount>1</gw:InstanceCount>\n\t\t\t\t\t\t<gw:TotalSizeInBytes>15800</gw:TotalSizeInBytes>\n\t\t\t\t\t\t<gw:AverageSizeInBytes>15800</gw:AverageSizeInBytes>\n\t\t\t\t\t\t<gw:MinSizeInBytes>15800</gw:MinSizeInBytes>\n\t\t\t\t\t\t<gw:MaxSizeInBytes>15800</gw:MaxSizeInBytes>\n\t\t\t\t\t</gw:ContentItem>\n\t\t\t\t\t<gw:ContentItem>\n\t\t\t\t\t\t<gw:TechnicalDescription>ExtProp</gw:TechnicalDescription>\n\t\t\t\t\t\t<gw:InstanceCount>182</gw:InstanceCount>\n\t\t\t\t\t\t<gw:TotalSizeInBytes>2710</gw:TotalSizeInBytes>\n\t\t\t\t\t\t<gw:AverageSizeInBytes>14</gw:AverageSizeInBytes>\n\t\t\t\t\t\t<gw:MinSizeInBytes>5</gw:MinSizeInBytes>\n\t\t\t\t\t\t<gw:MaxSizeInBytes>20</gw:MaxSizeInBytes>\n\t\t\t\t\t</gw:ContentItem>\n\t\t\t\t\t<gw:ContentItem>\n\t\t\t\t\t\t<gw:TechnicalDescription>FontIndex</gw:TechnicalDescription>\n\t\t\t\t\t\t<gw:InstanceCount>62</gw:InstanceCount>\n\t\t\t\t\t\t<gw:TotalSizeInBytes>124</gw:TotalSizeInBytes>\n\t\t\t\t\t\t<gw:AverageSizeInBytes>2</gw:AverageSizeInBytes>\n\t\t\t\t\t\t<gw:MinSizeInBytes>2</gw:MinSizeInBytes>\n\t\t\t\t\t\t<gw:MaxSizeInBytes>2</gw:MaxSizeInBytes>\n\t\t\t\t\t</gw:ContentItem>\n\t\t\t\t\t<gw:ContentItem>\n\t\t\t\t\t\t<gw:TechnicalDescription>FontScheme</gw:TechnicalDescription>\n\t\t\t\t\t\t<gw:InstanceCount>62</gw:InstanceCount>\n\t\t\t\t\t\t<gw:TotalSizeInBytes>62</gw:TotalSizeInBytes>\n\t\t\t\t\t\t<gw:AverageSizeInBytes>1</gw:AverageSizeInBytes>\n\t\t\t\t\t\t<gw:MinSizeInBytes>1</gw:MinSizeInBytes>\n\t\t\t\t\t\t<gw:MaxSizeInBytes>1</gw:MaxSizeInBytes>\n\t\t\t\t\t</gw:ContentItem>\n\t\t\t\t\t<gw:ContentItem>\n\t\t\t\t\t\t<gw:TechnicalDescription>FrtFlags</gw:TechnicalDescription>\n\t\t\t\t\t\t<gw:InstanceCount>121</gw:InstanceCount>\n\t\t\t\t\t\t<gw:TotalSizeInBytes>242</gw:TotalSizeInBytes>\n\t\t\t\t\t\t<gw:AverageSizeInBytes>2</gw:AverageSizeInBytes>\n\t\t\t\t\t\t<gw:MinSizeInBytes>2</gw:MinSizeInBytes>\n\t\t\t\t\t\t<gw:MaxSizeInBytes>2</gw:MaxSizeInBytes>\n\t\t\t\t\t</gw:ContentItem>\n\t\t\t\t\t<gw:ContentItem>\n\t\t\t\t\t\t<gw:TechnicalDescription>FrtHeader</gw:TechnicalDescription>\n\t\t\t\t\t\t<gw:InstanceCount>121</gw:InstanceCount>\n\t\t\t\t\t\t<gw:TotalSizeInBytes>1452</gw:TotalSizeInBytes>\n\t\t\t\t\t\t<gw:AverageSizeInBytes>12</gw:AverageSizeInBytes>\n\t\t\t\t\t\t<gw:MinSizeInBytes>12</gw:MinSizeInBytes>\n\t\t\t\t\t\t<gw:MaxSizeInBytes>12</gw:MaxSizeInBytes>\n\t\t\t\t\t</gw:ContentItem>\n\t\t\t\t\t<gw:ContentItem>\n\t\t\t\t\t\t<gw:TechnicalDescription>FullColorExt</gw:TechnicalDescription>\n\t\t\t\t\t\t<gw:InstanceCount>120</gw:InstanceCount>\n\t\t\t\t\t\t<gw:TotalSizeInBytes>1920</gw:TotalSizeInBytes>\n\t\t\t\t\t\t<gw:AverageSizeInBytes>16</gw:AverageSizeInBytes>\n\t\t\t\t\t\t<gw:MinSizeInBytes>16</gw:MinSizeInBytes>\n\t\t\t\t\t\t<gw:MaxSizeInBytes>16</gw:MaxSizeInBytes>\n\t\t\t\t\t</gw:ContentItem>\n\t\t\t\t\t<gw:ContentItem>\n\t\t\t\t\t\t<gw:TechnicalDescription>GUID</gw:TechnicalDescription>\n\t\t\t\t\t\t<gw:InstanceCount>2</gw:InstanceCount>\n\t\t\t\t\t\t<gw:TotalSizeInBytes>32</gw:TotalSizeInBytes>\n\t\t\t\t\t\t<gw:AverageSizeInBytes>16</gw:AverageSizeInBytes>\n\t\t\t\t\t\t<gw:MinSizeInBytes>16</gw:MinSizeInBytes>\n\t\t\t\t\t\t<gw:MaxSizeInBytes>16</gw:MaxSizeInBytes>\n\t\t\t\t\t</gw:ContentItem>\n\t\t\t\t\t<gw:ContentItem>\n\t\t\t\t\t\t<gw:TechnicalDescription>IFmt</gw:TechnicalDescription>\n\t\t\t\t\t\t<gw:InstanceCount>78</gw:InstanceCount>\n\t\t\t\t\t\t<gw:TotalSizeInBytes>156</gw:TotalSizeInBytes>\n\t\t\t\t\t\t<gw:AverageSizeInBytes>2</gw:AverageSizeInBytes>\n\t\t\t\t\t\t<gw:MinSizeInBytes>2</gw:MinSizeInBytes>\n\t\t\t\t\t\t<gw:MaxSizeInBytes>2</gw:MaxSizeInBytes>\n\t\t\t\t\t</gw:ContentItem>\n\t\t\t\t\t<gw:ContentItem>\n\t\t\t\t\t\t<gw:TechnicalDescription>ISSTInf</gw:TechnicalDescription>\n\t\t\t\t\t\t<gw:InstanceCount>1</gw:InstanceCount>\n\t\t\t\t\t\t<gw:TotalSizeInBytes>8</gw:TotalSizeInBytes>\n\t\t\t\t\t\t<gw:AverageSizeInBytes>8</gw:AverageSizeInBytes>\n\t\t\t\t\t\t<gw:MinSizeInBytes>8</gw:MinSizeInBytes>\n\t\t\t\t\t\t<gw:MaxSizeInBytes>8</gw:MaxSizeInBytes>\n\t\t\t\t\t</gw:ContentItem>\n\t\t\t\t\t<gw:ContentItem>\n\t\t\t\t\t\t<gw:TechnicalDescription>LPWideString</gw:TechnicalDescription>\n\t\t\t\t\t\t<gw:InstanceCount>47</gw:InstanceCount>\n\t\t\t\t\t\t<gw:TotalSizeInBytes>1010</gw:TotalSizeInBytes>\n\t\t\t\t\t\t<gw:AverageSizeInBytes>21</gw:AverageSizeInBytes>\n\t\t\t\t\t\t<gw:MinSizeInBytes>8</gw:MinSizeInBytes>\n\t\t\t\t\t\t<gw:MaxSizeInBytes>34</gw:MaxSizeInBytes>\n\t\t\t\t\t</gw:ContentItem>\n\t\t\t\t\t<gw:ContentItem>\n\t\t\t\t\t\t<gw:TechnicalDescription>LongRGBA</gw:TechnicalDescription>\n\t\t\t\t\t\t<gw:InstanceCount>99</gw:InstanceCount>\n\t\t\t\t\t\t<gw:TotalSizeInBytes>396</gw:TotalSizeInBytes>\n\t\t\t\t\t\t<gw:AverageSizeInBytes>4</gw:AverageSizeInBytes>\n\t\t\t\t\t\t<gw:MinSizeInBytes>4</gw:MinSizeInBytes>\n\t\t\t\t\t\t<gw:MaxSizeInBytes>4</gw:MaxSizeInBytes>\n\t\t\t\t\t</gw:ContentItem>\n\t\t\t\t\t<gw:ContentItem>\n\t\t\t\t\t\t<gw:TechnicalDescription>Records</gw:TechnicalDescription>\n\t\t\t\t\t\t<gw:InstanceCount>1</gw:InstanceCount>\n\t\t\t\t\t\t<gw:TotalSizeInBytes>15800</gw:TotalSizeInBytes>\n\t\t\t\t\t\t<gw:AverageSizeInBytes>15800</gw:AverageSizeInBytes>\n\t\t\t\t\t\t<gw:MinSizeInBytes>15800</gw:MinSizeInBytes>\n\t\t\t\t\t\t<gw:MaxSizeInBytes>15800</gw:MaxSizeInBytes>\n\t\t\t\t\t</gw:ContentItem>\n\t\t\t\t\t<gw:ContentItem>\n\t\t\t\t\t\t<gw:TechnicalDescription>RefU</gw:TechnicalDescription>\n\t\t\t\t\t\t<gw:InstanceCount>1</gw:InstanceCount>\n\t\t\t\t\t\t<gw:TotalSizeInBytes>6</gw:TotalSizeInBytes>\n\t\t\t\t\t\t<gw:AverageSizeInBytes>6</gw:AverageSizeInBytes>\n\t\t\t\t\t\t<gw:MinSizeInBytes>6</gw:MinSizeInBytes>\n\t\t\t\t\t\t<gw:MaxSizeInBytes>6</gw:MaxSizeInBytes>\n\t\t\t\t\t</gw:ContentItem>\n\t\t\t\t\t<gw:ContentItem>\n\t\t\t\t\t\t<gw:TechnicalDescription>RwLongU</gw:TechnicalDescription>\n\t\t\t\t\t\t<gw:InstanceCount>2</gw:InstanceCount>\n\t\t\t\t\t\t<gw:TotalSizeInBytes>8</gw:TotalSizeInBytes>\n\t\t\t\t\t\t<gw:AverageSizeInBytes>4</gw:AverageSizeInBytes>\n\t\t\t\t\t\t<gw:MinSizeInBytes>4</gw:MinSizeInBytes>\n\t\t\t\t\t\t<gw:MaxSizeInBytes>4</gw:MaxSizeInBytes>\n\t\t\t\t\t</gw:ContentItem>\n\t\t\t\t\t<gw:ContentItem>\n\t\t\t\t\t\t<gw:TechnicalDescription>RwU</gw:TechnicalDescription>\n\t\t\t\t\t\t<gw:InstanceCount>4</gw:InstanceCount>\n\t\t\t\t\t\t<gw:TotalSizeInBytes>8</gw:TotalSizeInBytes>\n\t\t\t\t\t\t<gw:AverageSizeInBytes>2</gw:AverageSizeInBytes>\n\t\t\t\t\t\t<gw:MinSizeInBytes>2</gw:MinSizeInBytes>\n\t\t\t\t\t\t<gw:MaxSizeInBytes>2</gw:MaxSizeInBytes>\n\t\t\t\t\t</gw:ContentItem>\n\t\t\t\t\t<gw:ContentItem>\n\t\t\t\t\t\t<gw:TechnicalDescription>SelectionXLS</gw:TechnicalDescription>\n\t\t\t\t\t\t<gw:InstanceCount>1</gw:InstanceCount>\n\t\t\t\t\t\t<gw:TotalSizeInBytes>14</gw:TotalSizeInBytes>\n\t\t\t\t\t\t<gw:AverageSizeInBytes>14</gw:AverageSizeInBytes>\n\t\t\t\t\t\t<gw:MinSizeInBytes>14</gw:MinSizeInBytes>\n\t\t\t\t\t\t<gw:MaxSizeInBytes>14</gw:MaxSizeInBytes>\n\t\t\t\t\t</gw:ContentItem>\n\t\t\t\t\t<gw:ContentItem>\n\t\t\t\t\t\t<gw:TechnicalDescription>ShortXLUnicodeString</gw:TechnicalDescription>\n\t\t\t\t\t\t<gw:InstanceCount>22</gw:InstanceCount>\n\t\t\t\t\t\t<gw:TotalSizeInBytes>356</gw:TotalSizeInBytes>\n\t\t\t\t\t\t<gw:AverageSizeInBytes>16</gw:AverageSizeInBytes>\n\t\t\t\t\t\t<gw:MinSizeInBytes>8</gw:MinSizeInBytes>\n\t\t\t\t\t\t<gw:MaxSizeInBytes>28</gw:MaxSizeInBytes>\n\t\t\t\t\t</gw:ContentItem>\n\t\t\t\t\t<gw:ContentItem>\n\t\t\t\t\t\t<gw:TechnicalDescription>Streams</gw:TechnicalDescription>\n\t\t\t\t\t\t<gw:InstanceCount>1</gw:InstanceCount>\n\t\t\t\t\t\t<gw:TotalSizeInBytes>15800</gw:TotalSizeInBytes>\n\t\t\t\t\t\t<gw:AverageSizeInBytes>15800</gw:AverageSizeInBytes>\n\t\t\t\t\t\t<gw:MinSizeInBytes>15800</gw:MinSizeInBytes>\n\t\t\t\t\t\t<gw:MaxSizeInBytes>15800</gw:MaxSizeInBytes>\n\t\t\t\t\t</gw:ContentItem>\n\t\t\t\t\t<gw:ContentItem>\n\t\t\t\t\t\t<gw:TechnicalDescription>StyleXF</gw:TechnicalDescription>\n\t\t\t\t\t\t<gw:InstanceCount>61</gw:InstanceCount>\n\t\t\t\t\t\t<gw:TotalSizeInBytes>854</gw:TotalSizeInBytes>\n\t\t\t\t\t\t<gw:AverageSizeInBytes>14</gw:AverageSizeInBytes>\n\t\t\t\t\t\t<gw:MinSizeInBytes>14</gw:MinSizeInBytes>\n\t\t\t\t\t\t<gw:MaxSizeInBytes>14</gw:MaxSizeInBytes>\n\t\t\t\t\t</gw:ContentItem>\n\t\t\t\t\t<gw:ContentItem>\n\t\t\t\t\t\t<gw:TechnicalDescription>TabIndex</gw:TechnicalDescription>\n\t\t\t\t\t\t<gw:InstanceCount>2</gw:InstanceCount>\n\t\t\t\t\t\t<gw:TotalSizeInBytes>4</gw:TotalSizeInBytes>\n\t\t\t\t\t\t<gw:AverageSizeInBytes>2</gw:AverageSizeInBytes>\n\t\t\t\t\t\t<gw:MinSizeInBytes>2</gw:MinSizeInBytes>\n\t\t\t\t\t\t<gw:MaxSizeInBytes>2</gw:MaxSizeInBytes>\n\t\t\t\t\t</gw:ContentItem>\n\t\t\t\t\t<gw:ContentItem>\n\t\t\t\t\t\t<gw:TechnicalDescription>XFIndex</gw:TechnicalDescription>\n\t\t\t\t\t\t<gw:InstanceCount>62</gw:InstanceCount>\n\t\t\t\t\t\t<gw:TotalSizeInBytes>124</gw:TotalSizeInBytes>\n\t\t\t\t\t\t<gw:AverageSizeInBytes>2</gw:AverageSizeInBytes>\n\t\t\t\t\t\t<gw:MinSizeInBytes>2</gw:MinSizeInBytes>\n\t\t\t\t\t\t<gw:MaxSizeInBytes>2</gw:MaxSizeInBytes>\n\t\t\t\t\t</gw:ContentItem>\n\t\t\t\t\t<gw:ContentItem>\n\t\t\t\t\t\t<gw:TechnicalDescription>XFProp</gw:TechnicalDescription>\n\t\t\t\t\t\t<gw:InstanceCount>140</gw:InstanceCount>\n\t\t\t\t\t\t<gw:TotalSizeInBytes>1445</gw:TotalSizeInBytes>\n\t\t\t\t\t\t<gw:AverageSizeInBytes>10</gw:AverageSizeInBytes>\n\t\t\t\t\t\t<gw:MinSizeInBytes>5</gw:MinSizeInBytes>\n\t\t\t\t\t\t<gw:MaxSizeInBytes>14</gw:MaxSizeInBytes>\n\t\t\t\t\t</gw:ContentItem>\n\t\t\t\t\t<gw:ContentItem>\n\t\t\t\t\t\t<gw:TechnicalDescription>XFPropBorder</gw:TechnicalDescription>\n\t\t\t\t\t\t<gw:InstanceCount>26</gw:InstanceCount>\n\t\t\t\t\t\t<gw:TotalSizeInBytes>260</gw:TotalSizeInBytes>\n\t\t\t\t\t\t<gw:AverageSizeInBytes>10</gw:AverageSizeInBytes>\n\t\t\t\t\t\t<gw:MinSizeInBytes>10</gw:MinSizeInBytes>\n\t\t\t\t\t\t<gw:MaxSizeInBytes>10</gw:MaxSizeInBytes>\n\t\t\t\t\t</gw:ContentItem>\n\t\t\t\t\t<gw:ContentItem>\n\t\t\t\t\t\t<gw:TechnicalDescription>XFPropColor</gw:TechnicalDescription>\n\t\t\t\t\t\t<gw:InstanceCount>99</gw:InstanceCount>\n\t\t\t\t\t\t<gw:TotalSizeInBytes>792</gw:TotalSizeInBytes>\n\t\t\t\t\t\t<gw:AverageSizeInBytes>8</gw:AverageSizeInBytes>\n\t\t\t\t\t\t<gw:MinSizeInBytes>8</gw:MinSizeInBytes>\n\t\t\t\t\t\t<gw:MaxSizeInBytes>8</gw:MaxSizeInBytes>\n\t\t\t\t\t</gw:ContentItem>\n\t\t\t\t\t<gw:ContentItem>\n\t\t\t\t\t\t<gw:TechnicalDescription>XFPropData8</gw:TechnicalDescription>\n\t\t\t\t\t\t<gw:InstanceCount>41</gw:InstanceCount>\n\t\t\t\t\t\t<gw:TotalSizeInBytes>41</gw:TotalSizeInBytes>\n\t\t\t\t\t\t<gw:AverageSizeInBytes>1</gw:AverageSizeInBytes>\n\t\t\t\t\t\t<gw:MinSizeInBytes>1</gw:MinSizeInBytes>\n\t\t\t\t\t\t<gw:MaxSizeInBytes>1</gw:MaxSizeInBytes>\n\t\t\t\t\t</gw:ContentItem>\n\t\t\t\t\t<gw:ContentItem>\n\t\t\t\t\t\t<gw:TechnicalDescription>XFPropTextRotation</gw:TechnicalDescription>\n\t\t\t\t\t\t<gw:InstanceCount>62</gw:InstanceCount>\n\t\t\t\t\t\t<gw:TotalSizeInBytes>62</gw:TotalSizeInBytes>\n\t\t\t\t\t\t<gw:AverageSizeInBytes>1</gw:AverageSizeInBytes>\n\t\t\t\t\t\t<gw:MinSizeInBytes>1</gw:MinSizeInBytes>\n\t\t\t\t\t\t<gw:MaxSizeInBytes>1</gw:MaxSizeInBytes>\n\t\t\t\t\t</gw:ContentItem>\n\t\t\t\t\t<gw:ContentItem>\n\t\t\t\t\t\t<gw:TechnicalDescription>XFProps</gw:TechnicalDescription>\n\t\t\t\t\t\t<gw:InstanceCount>47</gw:InstanceCount>\n\t\t\t\t\t\t<gw:TotalSizeInBytes>1633</gw:TotalSizeInBytes>\n\t\t\t\t\t\t<gw:AverageSizeInBytes>34</gw:AverageSizeInBytes>\n\t\t\t\t\t\t<gw:MinSizeInBytes>4</gw:MinSizeInBytes>\n\t\t\t\t\t\t<gw:MaxSizeInBytes>89</gw:MaxSizeInBytes>\n\t\t\t\t\t</gw:ContentItem>\n\t\t\t\t\t<gw:ContentItem>\n\t\t\t\t\t\t<gw:TechnicalDescription>XLTableStyles</gw:TechnicalDescription>\n\t\t\t\t\t\t<gw:InstanceCount>1</gw:InstanceCount>\n\t\t\t\t\t\t<gw:TotalSizeInBytes>88</gw:TotalSizeInBytes>\n\t\t\t\t\t\t<gw:AverageSizeInBytes>88</gw:AverageSizeInBytes>\n\t\t\t\t\t\t<gw:MinSizeInBytes>88</gw:MinSizeInBytes>\n\t\t\t\t\t\t<gw:MaxSizeInBytes>88</gw:MaxSizeInBytes>\n\t\t\t\t\t</gw:ContentItem>\n\t\t\t\t\t<gw:ContentItem>\n\t\t\t\t\t\t<gw:TechnicalDescription>XLUnicodeString</gw:TechnicalDescription>\n\t\t\t\t\t\t<gw:InstanceCount>60</gw:InstanceCount>\n\t\t\t\t\t\t<gw:TotalSizeInBytes>1214</gw:TotalSizeInBytes>\n\t\t\t\t\t\t<gw:AverageSizeInBytes>20</gw:AverageSizeInBytes>\n\t\t\t\t\t\t<gw:MinSizeInBytes>6</gw:MinSizeInBytes>\n\t\t\t\t\t\t<gw:MaxSizeInBytes>61</gw:MaxSizeInBytes>\n\t\t\t\t\t</gw:ContentItem>\n\t\t\t\t\t<gw:ContentItem>\n\t\t\t\t\t\t<gw:TechnicalDescription>Xnum</gw:TechnicalDescription>\n\t\t\t\t\t\t<gw:InstanceCount>3</gw:InstanceCount>\n\t\t\t\t\t\t<gw:TotalSizeInBytes>24</gw:TotalSizeInBytes>\n\t\t\t\t\t\t<gw:AverageSizeInBytes>8</gw:AverageSizeInBytes>\n\t\t\t\t\t\t<gw:MinSizeInBytes>8</gw:MinSizeInBytes>\n\t\t\t\t\t\t<gw:MaxSizeInBytes>8</gw:MaxSizeInBytes>\n\t\t\t\t\t</gw:ContentItem>\n\t\t\t\t\t<gw:ContentItem>\n\t\t\t\t\t\t<gw:TechnicalDescription>rgbOne</gw:TechnicalDescription>\n\t\t\t\t\t\t<gw:InstanceCount>21</gw:InstanceCount>\n\t\t\t\t\t\t<gw:TotalSizeInBytes>306</gw:TotalSizeInBytes>\n\t\t\t\t\t\t<gw:AverageSizeInBytes>14</gw:AverageSizeInBytes>\n\t\t\t\t\t\t<gw:MinSizeInBytes>14</gw:MinSizeInBytes>\n\t\t\t\t\t\t<gw:MaxSizeInBytes>26</gw:MaxSizeInBytes>\n\t\t\t\t\t</gw:ContentItem>\n\t\t\t\t\t<gw:ContentItem>\n\t\t\t\t\t\t<gw:TechnicalDescription>rgbTwo</gw:TechnicalDescription>\n\t\t\t\t\t\t<gw:InstanceCount>1</gw:InstanceCount>\n\t\t\t\t\t\t<gw:TotalSizeInBytes>6</gw:TotalSizeInBytes>\n\t\t\t\t\t\t<gw:AverageSizeInBytes>6</gw:AverageSizeInBytes>\n\t\t\t\t\t\t<gw:MinSizeInBytes>6</gw:MinSizeInBytes>\n\t\t\t\t\t\t<gw:MaxSizeInBytes>6</gw:MaxSizeInBytes>\n\t\t\t\t\t</gw:ContentItem>\n\t\t\t\t\t<gw:ContentItem>\n\t\t\t\t\t\t<gw:TechnicalDescription>rgbTwoXLUnicodeString</gw:TechnicalDescription>\n\t\t\t\t\t\t<gw:InstanceCount>60</gw:InstanceCount>\n\t\t\t\t\t\t<gw:TotalSizeInBytes>1034</gw:TotalSizeInBytes>\n\t\t\t\t\t\t<gw:AverageSizeInBytes>17</gw:AverageSizeInBytes>\n\t\t\t\t\t\t<gw:MinSizeInBytes>3</gw:MinSizeInBytes>\n\t\t\t\t\t\t<gw:MaxSizeInBytes>58</gw:MaxSizeInBytes>\n\t\t\t\t\t</gw:ContentItem>\n\t\t\t\t</gw:ContentItems>\n\t\t\t\t<gw:SanitisationItems itemCount=\"1\">\n\t\t\t\t\t<gw:SanitisationItem>\n\t\t\t\t\t\t<gw:TechnicalDescription>Macros present in Type</gw:TechnicalDescription>\n\t\t\t\t\t\t<gw:SanitisationId>46923982</gw:SanitisationId>\n\t\t\t\t\t\t<gw:InstanceCount>1</gw:InstanceCount>\n\t\t\t\t\t\t<gw:TotalSizeInBytes>0</gw:TotalSizeInBytes>\n\t\t\t\t\t\t<gw:AverageSizeInBytes>0</gw:AverageSizeInBytes>\n\t\t\t\t\t\t<gw:MinSizeInBytes>0</gw:MinSizeInBytes>\n\t\t\t\t\t\t<gw:MaxSizeInBytes>0</gw:MaxSizeInBytes>\n\t\t\t\t\t</gw:SanitisationItem>\n\t\t\t\t</gw:SanitisationItems>\n\t\t\t\t<gw:RemedyItems itemCount=\"0\" />\n\t\t\t\t<gw:IssueItems itemCount=\"0\" />\n\t\t\t</gw:ContentGroup>\n\t\t</gw:ContentGroups>\n\t\t<gw:ExtractedItems itemCount=\"0\" />\n\t</gw:DocumentStatistics>\n</gw:GWallInfo>\n"