"<?xml version=\"1.0\" encoding=\"utf-8\"?>\n<gw:GWallInfo xsi:schemaLocation=\"http://glasswall.com/namespace/gwallInfo.xsd\" xmlns:xsi=\"http://www.w3.org/2001/XMLSchema-instance\" xmlns:gw=\"http://glasswall.com/namespace\">\n\t<gw:DocumentStatistics>\n\t\t<gw:DocumentSummary>\n\t\t\t<gw:TotalSizeInBytes>0</gw:TotalSizeInBytes>\n\t\t\t<gw:FileType>pdf</gw:FileType>\n\t\t\t<gw:Version>PDF-1.7</gw:Version>\n\t\t</gw:DocumentSummary>\n\t\t<gw:ContentManagementPolicy>\n\t\t\t<gw:Camera cameraName=\"pdfConfig\">\n\t\t\t\t<gw:ContentSwitch>\n\t\t\t\t\t<gw:ContentName>metadata</gw:ContentName>\n\t\t\t\t\t<gw:ContentValue>sanitise</gw:ContentValue>\n\t\t\t\t</gw:ContentSwitch>\n\t\t\t\t<gw:ContentSwitch>\n\t\t\t\t\t<gw:ContentName>javascript</gw:ContentName>\n\t\t\t\t\t<gw:ContentValue>sanitise</gw:ContentValue>\n\t\t\t\t</gw:ContentSwitch>\n\t\t\t\t<gw:ContentSwitch>\n\t\t\t\t\t<gw:ContentName>acroform</gw:ContentName>\n\t\t\t\t\t<gw:ContentValue>sanitise</gw:ContentValue>\n\t\t\t\t</gw:ContentSwitch>\n\t\t\t\t<gw:ContentSwitch>\n\t\t\t\t\t<gw:ContentName>actions_all</gw:ContentName>\n\t\t\t\t\t<gw:ContentValue>sanitise</gw:ContentValue>\n\t\t\t\t</gw:ContentSwitch>\n\t\t\t\t<gw:ContentSwitch>\n\t\t\t\t\t<gw:ContentName>embedded_files</gw:ContentName>\n\t\t\t\t\t<gw:ContentValue>sanitise</gw:ContentValue>\n\t\t\t\t</gw:ContentSwitch>\n\t\t\t\t<gw:ContentSwitch>\n\t\t\t\t\t<gw:ContentName>external_hyperlinks</gw:ContentName>\n\t\t\t\t\t<gw:ContentValue>sanitise</gw:ContentValue>\n\t\t\t\t</gw:ContentSwitch>\n\t\t\t\t<gw:ContentSwitch>\n\t\t\t\t\t<gw:ContentName>internal_hyperlinks</gw:ContentName>\n\t\t\t\t\t<gw:ContentValue>sanitise</gw:ContentValue>\n\t\t\t\t</gw:ContentSwitch>\n\t\t\t\t<gw:ContentSwitch>\n\t\t\t\t\t<gw:ContentName>embedded_images</gw:ContentName>\n\t\t\t\t\t<gw:ContentValue>sanitise</gw:ContentValue>\n\t\t\t\t</gw:ContentSwitch>\n\t\t\t</gw:Camera>\n\t\t\t<gw:Camera cameraName=\"wordConfig\">\n\t\t\t\t<gw:ContentSwitch>\n\t\t\t\t\t<gw:ContentName>metadata</gw:ContentName>\n\t\t\t\t\t<gw:ContentValue>sanitise</gw:ContentValue>\n\t\t\t\t</gw:ContentSwitch>\n\t\t\t\t<gw:ContentSwitch>\n\t\t\t\t\t<gw:ContentName>macros</gw:ContentName>\n\t\t\t\t\t<gw:ContentValue>sanitise</gw:ContentValue>\n\t\t\t\t</gw:ContentSwitch>\n\t\t\t\t<gw:ContentSwitch>\n\t\t\t\t\t<gw:ContentName>embedded_files</gw:ContentName>\n\t\t\t\t\t<gw:ContentValue>sanitise</gw:ContentValue>\n\t\t\t\t</gw:ContentSwitch>\n\t\t\t\t<gw:ContentSwitch>\n\t\t\t\t\t<gw:ContentName>review_comments</gw:ContentName>\n\t\t\t\t\t<gw:ContentValue>sanitise</gw:ContentValue>\n\t\t\t\t</gw:ContentSwitch>\n\t\t\t\t<gw:ContentSwitch>\n\t\t\t\t\t<gw:ContentName>internal_hyperlinks</gw:ContentName>\n\t\t\t\t\t<gw:ContentValue>sanitise</gw:ContentValue>\n\t\t\t\t</gw:ContentSwitch>\n\t\t\t\t<gw:ContentSwitch>\n\t\t\t\t\t<gw:ContentName>external_hyperlinks</gw:ContentName>\n\t\t\t\t\t<gw:ContentValue>sanitise</gw:ContentValue>\n\t\t\t\t</gw:ContentSwitch>\n\t\t\t\t<gw:ContentSwitch>\n\t\t\t\t\t<gw:ContentName>dynamic_data_exchange</gw:ContentName>\n\t\t\t\t\t<gw:ContentValue>sanitise</gw:ContentValue>\n\t\t\t\t</gw:ContentSwitch>\n\t\t\t\t<gw:ContentSwitch>\n\t\t\t\t\t<gw:ContentName>embedded_images</gw:ContentName>\n\t\t\t\t\t<gw:ContentValue>sanitise</gw:ContentValue>\n\t\t\t\t</gw:ContentSwitch>\n\t\t\t</gw:Camera>\n\t\t\t<gw:Camera cameraName=\"pptConfig\">\n\t\t\t\t<gw:ContentSwitch>\n\t\t\t\t\t<gw:ContentName>metadata</gw:ContentName>\n\t\t\t\t\t<gw:ContentValue>sanitise</gw:ContentValue>\n\t\t\t\t</gw:ContentSwitch>\n\t\t\t\t<gw:ContentSwitch>\n\t\t\t\t\t<gw:ContentName>macros</gw:ContentName>\n\t\t\t\t\t<gw:ContentValue>sanitise</gw:ContentValue>\n\t\t\t\t</gw:ContentSwitch>\n\t\t\t\t<gw:ContentSwitch>\n\t\t\t\t\t<gw:ContentName>embedded_files</gw:ContentName>\n\t\t\t\t\t<gw:ContentValue>sanitise</gw:ContentValue>\n\t\t\t\t</gw:ContentSwitch>\n\t\t\t\t<gw:ContentSwitch>\n\t\t\t\t\t<gw:ContentName>review_comments</gw:ContentName>\n\t\t\t\t\t<gw:ContentValue>sanitise</gw:ContentValue>\n\t\t\t\t</gw:ContentSwitch>\n\t\t\t\t<gw:ContentSwitch>\n\t\t\t\t\t<gw:ContentName>internal_hyperlinks</gw:ContentName>\n\t\t\t\t\t<gw:ContentValue>sanitise</gw:ContentValue>\n\t\t\t\t</gw:ContentSwitch>\n\t\t\t\t<gw:ContentSwitch>\n\t\t\t\t\t<gw:ContentName>external_hyperlinks</gw:ContentName>\n\t\t\t\t\t<gw:ContentValue>sanitise</gw:ContentValue>\n\t\t\t\t</gw:ContentSwitch>\n\t\t\t\t<gw:ContentSwitch>\n\t\t\t\t\t<gw:ContentName>embedded_images</gw:ContentName>\n\t\t\t\t\t<gw:ContentValue>sanitise</gw:ContentValue>\n\t\t\t\t</gw:ContentSwitch>\n\t\t\t</gw:Camera>\n\t\t\t<gw:Camera cameraName=\"xlsConfig\">\n\t\t\t\t<gw:ContentSwitch>\n\t\t\t\t\t<gw:ContentName>metadata</gw:ContentName>\n\t\t\t\t\t<gw:ContentValue>sanitise</gw:ContentValue>\n\t\t\t\t</gw:ContentSwitch>\n\t\t\t\t<gw:ContentSwitch>\n\t\t\t\t\t<gw:ContentName>macros</gw:ContentName>\n\t\t\t\t\t<gw:ContentValue>sanitise</gw:ContentValue>\n\t\t\t\t</gw:ContentSwitch>\n\t\t\t\t<gw:ContentSwitch>\n\t\t\t\t\t<gw:ContentName>embedded_files</gw:ContentName>\n\t\t\t\t\t<gw:ContentValue>sanitise</gw:ContentValue>\n\t\t\t\t</gw:ContentSwitch>\n\t\t\t\t<gw:ContentSwitch>\n\t\t\t\t\t<gw:ContentName>internal_hyperlinks</gw:ContentName>\n\t\t\t\t\t<gw:ContentValue>sanitise</gw:ContentValue>\n\t\t\t\t</gw:ContentSwitch>\n\t\t\t\t<gw:ContentSwitch>\n\t\t\t\t\t<gw:ContentName>external_hyperlinks</gw:ContentName>\n\t\t\t\t\t<gw:ContentValue>sanitise</gw:ContentValue>\n\t\t\t\t</gw:ContentSwitch>\n\t\t\t\t<gw:ContentSwitch>\n\t\t\t\t\t<gw:ContentName>review_comments</gw:ContentName>\n\t\t\t\t\t<gw:ContentValue>sanitise</gw:ContentValue>\n\t\t\t\t</gw:ContentSwitch>\n\t\t\t\t<gw:ContentSwitch>\n\t\t\t\t\t<gw:ContentName>dynamic_data_exchange</gw:ContentName>\n\t\t\t\t\t<gw:ContentValue>sanitise</gw:ContentValue>\n\t\t\t\t</gw:ContentSwitch>\n\t\t\t\t<gw:ContentSwitch>\n\t\t\t\t\t<gw:ContentName>embedded_images</gw:ContentName>\n\t\t\t\t\t<gw:ContentValue>sanitise</gw:ContentValue>\n\t\t\t\t</gw:ContentSwitch>\n\t\t\t</gw:Camera>\n\t\t</gw:ContentManagementPolicy>\n\t\t<gw:ContentGroups groupCount=\"17\">\n\t\t\t<gw:ContentGroup>\n\t\t\t\t<gw:BriefDescription>PDF document has Basic File Section structure instances</gw:BriefDescription>\n\t\t\t\t<gw:ContentItems itemCount=\"5\">\n\t\t\t\t\t<gw:ContentItem>\n\t\t\t\t\t\t<gw:TechnicalDescription>PDF Cross Reference Table Instances</gw:TechnicalDescription>\n\t\t\t\t\t\t<gw:InstanceCount>2</gw:InstanceCount>\n\t\t\t\t\t\t<gw:TotalSizeInBytes>483</gw:TotalSizeInBytes>\n\t\t\t\t\t\t<gw:AverageSizeInBytes>241</gw:AverageSizeInBytes>\n\t\t\t\t\t\t<gw:MinSizeInBytes>11</gw:MinSizeInBytes>\n\t\t\t\t\t\t<gw:MaxSizeInBytes>472</gw:MaxSizeInBytes>\n\t\t\t\t\t</gw:ContentItem>\n\t\t\t\t\t<gw:ContentItem>\n\t\t\t\t\t\t<gw:TechnicalDescription>PDF Header Instances</gw:TechnicalDescription>\n\t\t\t\t\t\t<gw:InstanceCount>1</gw:InstanceCount>\n\t\t\t\t\t\t<gw:TotalSizeInBytes>17</gw:TotalSizeInBytes>\n\t\t\t\t\t\t<gw:AverageSizeInBytes>17</gw:AverageSizeInBytes>\n\t\t\t\t\t\t<gw:MinSizeInBytes>17</gw:MinSizeInBytes>\n\t\t\t\t\t\t<gw:MaxSizeInBytes>17</gw:MaxSizeInBytes>\n\t\t\t\t\t</gw:ContentItem>\n\t\t\t\t\t<gw:ContentItem>\n\t\t\t\t\t\t<gw:TechnicalDescription>PDF Object Instances</gw:TechnicalDescription>\n\t\t\t\t\t\t<gw:InstanceCount>15</gw:InstanceCount>\n\t\t\t\t\t\t<gw:TotalSizeInBytes>27816</gw:TotalSizeInBytes>\n\t\t\t\t\t\t<gw:AverageSizeInBytes>1854</gw:AverageSizeInBytes>\n\t\t\t\t\t\t<gw:MinSizeInBytes>45</gw:MinSizeInBytes>\n\t\t\t\t\t\t<gw:MaxSizeInBytes>22213</gw:MaxSizeInBytes>\n\t\t\t\t\t</gw:ContentItem>\n\t\t\t\t\t<gw:ContentItem>\n\t\t\t\t\t\t<gw:TechnicalDescription>PDF StartXref Section Instances</gw:TechnicalDescription>\n\t\t\t\t\t\t<gw:InstanceCount>2</gw:InstanceCount>\n\t\t\t\t\t\t<gw:TotalSizeInBytes>48</gw:TotalSizeInBytes>\n\t\t\t\t\t\t<gw:AverageSizeInBytes>24</gw:AverageSizeInBytes>\n\t\t\t\t\t\t<gw:MinSizeInBytes>23</gw:MinSizeInBytes>\n\t\t\t\t\t\t<gw:MaxSizeInBytes>25</gw:MaxSizeInBytes>\n\t\t\t\t\t</gw:ContentItem>\n\t\t\t\t\t<gw:ContentItem>\n\t\t\t\t\t\t<gw:TechnicalDescription>PDF Trailer Section Instances</gw:TechnicalDescription>\n\t\t\t\t\t\t<gw:InstanceCount>2</gw:InstanceCount>\n\t\t\t\t\t\t<gw:TotalSizeInBytes>259</gw:TotalSizeInBytes>\n\t\t\t\t\t\t<gw:AverageSizeInBytes>129</gw:AverageSizeInBytes>\n\t\t\t\t\t\t<gw:MinSizeInBytes>117</gw:MinSizeInBytes>\n\t\t\t\t\t\t<gw:MaxSizeInBytes>142</gw:MaxSizeInBytes>\n\t\t\t\t\t</gw:ContentItem>\n\t\t\t\t</gw:ContentItems>\n\t\t\t\t<gw:SanitisationItems itemCount=\"0\" />\n\t\t\t\t<gw:RemedyItems itemCount=\"4\">\n\t\t\t\t\t<gw:RemedyItem>\n\t\t\t\t\t\t<gw:TechnicalDescription>Object specified as free in original PDF will be removed</gw:TechnicalDescription>\n\t\t\t\t\t\t<gw:InstanceCount>8</gw:InstanceCount>\n\t\t\t\t\t</gw:RemedyItem>\n\t\t\t\t\t<gw:RemedyItem>\n\t\t\t\t\t\t<gw:TechnicalDescription>Pdf Object Instances Not Regenerated.</gw:TechnicalDescription>\n\t\t\t\t\t\t<gw:InstanceCount>1</gw:InstanceCount>\n\t\t\t\t\t</gw:RemedyItem>\n\t\t\t\t\t<gw:RemedyItem>\n\t\t\t\t\t\t<gw:TechnicalDescription>Recreate standard PDF section remedies.</gw:TechnicalDescription>\n\t\t\t\t\t\t<gw:InstanceCount>1</gw:InstanceCount>\n\t\t\t\t\t</gw:RemedyItem>\n\t\t\t\t\t<gw:RemedyItem>\n\t\t\t\t\t\t<gw:TechnicalDescription>Recreate standard PDF token remedies.</gw:TechnicalDescription>\n\t\t\t\t\t\t<gw:InstanceCount>1</gw:InstanceCount>\n\t\t\t\t\t</gw:RemedyItem>\n\t\t\t\t</gw:RemedyItems>\n\t\t\t\t<gw:IssueItems itemCount=\"0\" />\n\t\t\t</gw:ContentGroup>\n\t\t\t<gw:ContentGroup>\n\t\t\t\t<gw:BriefDescription>PDF document has Basic Object Structure instances</gw:BriefDescription>\n\t\t\t\t<gw:ContentItems itemCount=\"14\">\n\t\t\t\t\t<gw:ContentItem>\n\t\t\t\t\t\t<gw:TechnicalDescription>ARRAY</gw:TechnicalDescription>\n\t\t\t\t\t\t<gw:InstanceCount>17</gw:InstanceCount>\n\t\t\t\t\t\t<gw:TotalSizeInBytes>17</gw:TotalSizeInBytes>\n\t\t\t\t\t\t<gw:AverageSizeInBytes>1</gw:AverageSizeInBytes>\n\t\t\t\t\t\t<gw:MinSizeInBytes>1</gw:MinSizeInBytes>\n\t\t\t\t\t\t<gw:MaxSizeInBytes>1</gw:MaxSizeInBytes>\n\t\t\t\t\t</gw:ContentItem>\n\t\t\t\t\t<gw:ContentItem>\n\t\t\t\t\t\t<gw:TechnicalDescription>ARRAY_end</gw:TechnicalDescription>\n\t\t\t\t\t\t<gw:InstanceCount>17</gw:InstanceCount>\n\t\t\t\t\t\t<gw:TotalSizeInBytes>17</gw:TotalSizeInBytes>\n\t\t\t\t\t\t<gw:AverageSizeInBytes>1</gw:AverageSizeInBytes>\n\t\t\t\t\t\t<gw:MinSizeInBytes>1</gw:MinSizeInBytes>\n\t\t\t\t\t\t<gw:MaxSizeInBytes>1</gw:MaxSizeInBytes>\n\t\t\t\t\t</gw:ContentItem>\n\t\t\t\t\t<gw:ContentItem>\n\t\t\t\t\t\t<gw:TechnicalDescription>BOOLEAN</gw:TechnicalDescription>\n\t\t\t\t\t\t<gw:InstanceCount>2</gw:InstanceCount>\n\t\t\t\t\t\t<gw:TotalSizeInBytes>8</gw:TotalSizeInBytes>\n\t\t\t\t\t\t<gw:AverageSizeInBytes>4</gw:AverageSizeInBytes>\n\t\t\t\t\t\t<gw:MinSizeInBytes>4</gw:MinSizeInBytes>\n\t\t\t\t\t\t<gw:MaxSizeInBytes>4</gw:MaxSizeInBytes>\n\t\t\t\t\t</gw:ContentItem>\n\t\t\t\t\t<gw:ContentItem>\n\t\t\t\t\t\t<gw:TechnicalDescription>DICTIONARY</gw:TechnicalDescription>\n\t\t\t\t\t\t<gw:InstanceCount>27</gw:InstanceCount>\n\t\t\t\t\t\t<gw:TotalSizeInBytes>54</gw:TotalSizeInBytes>\n\t\t\t\t\t\t<gw:AverageSizeInBytes>2</gw:AverageSizeInBytes>\n\t\t\t\t\t\t<gw:MinSizeInBytes>2</gw:MinSizeInBytes>\n\t\t\t\t\t\t<gw:MaxSizeInBytes>2</gw:MaxSizeInBytes>\n\t\t\t\t\t</gw:ContentItem>\n\t\t\t\t\t<gw:ContentItem>\n\t\t\t\t\t\t<gw:TechnicalDescription>DICTIONARY_end</gw:TechnicalDescription>\n\t\t\t\t\t\t<gw:InstanceCount>27</gw:InstanceCount>\n\t\t\t\t\t\t<gw:TotalSizeInBytes>54</gw:TotalSizeInBytes>\n\t\t\t\t\t\t<gw:AverageSizeInBytes>2</gw:AverageSizeInBytes>\n\t\t\t\t\t\t<gw:MinSizeInBytes>2</gw:MinSizeInBytes>\n\t\t\t\t\t\t<gw:MaxSizeInBytes>2</gw:MaxSizeInBytes>\n\t\t\t\t\t</gw:ContentItem>\n\t\t\t\t\t<gw:ContentItem>\n\t\t\t\t\t\t<gw:TechnicalDescription>NAME</gw:TechnicalDescription>\n\t\t\t\t\t\t<gw:InstanceCount>184</gw:InstanceCount>\n\t\t\t\t\t\t<gw:TotalSizeInBytes>1302</gw:TotalSizeInBytes>\n\t\t\t\t\t\t<gw:AverageSizeInBytes>7</gw:AverageSizeInBytes>\n\t\t\t\t\t\t<gw:MinSizeInBytes>2</gw:MinSizeInBytes>\n\t\t\t\t\t\t<gw:MaxSizeInBytes>18</gw:MaxSizeInBytes>\n\t\t\t\t\t</gw:ContentItem>\n\t\t\t\t\t<gw:ContentItem>\n\t\t\t\t\t\t<gw:TechnicalDescription>NUMERIC_INTEGER</gw:TechnicalDescription>\n\t\t\t\t\t\t<gw:InstanceCount>168</gw:InstanceCount>\n\t\t\t\t\t\t<gw:TotalSizeInBytes>271</gw:TotalSizeInBytes>\n\t\t\t\t\t\t<gw:AverageSizeInBytes>1</gw:AverageSizeInBytes>\n\t\t\t\t\t\t<gw:MinSizeInBytes>1</gw:MinSizeInBytes>\n\t\t\t\t\t\t<gw:MaxSizeInBytes>5</gw:MaxSizeInBytes>\n\t\t\t\t\t</gw:ContentItem>\n\t\t\t\t\t<gw:ContentItem>\n\t\t\t\t\t\t<gw:TechnicalDescription>NUMERIC_REAL</gw:TechnicalDescription>\n\t\t\t\t\t\t<gw:InstanceCount>17</gw:InstanceCount>\n\t\t\t\t\t\t<gw:TotalSizeInBytes>101</gw:TotalSizeInBytes>\n\t\t\t\t\t\t<gw:AverageSizeInBytes>5</gw:AverageSizeInBytes>\n\t\t\t\t\t\t<gw:MinSizeInBytes>4</gw:MinSizeInBytes>\n\t\t\t\t\t\t<gw:MaxSizeInBytes>11</gw:MaxSizeInBytes>\n\t\t\t\t\t</gw:ContentItem>\n\t\t\t\t\t<gw:ContentItem>\n\t\t\t\t\t\t<gw:TechnicalDescription>REFERENCE</gw:TechnicalDescription>\n\t\t\t\t\t\t<gw:InstanceCount>28</gw:InstanceCount>\n\t\t\t\t\t\t<gw:TotalSizeInBytes>153</gw:TotalSizeInBytes>\n\t\t\t\t\t\t<gw:AverageSizeInBytes>5</gw:AverageSizeInBytes>\n\t\t\t\t\t\t<gw:MinSizeInBytes>5</gw:MinSizeInBytes>\n\t\t\t\t\t\t<gw:MaxSizeInBytes>6</gw:MaxSizeInBytes>\n\t\t\t\t\t</gw:ContentItem>\n\t\t\t\t\t<gw:ContentItem>\n\t\t\t\t\t\t<gw:TechnicalDescription>STREAM</gw:TechnicalDescription>\n\t\t\t\t\t\t<gw:InstanceCount>5</gw:InstanceCount>\n\t\t\t\t\t\t<gw:TotalSizeInBytes>25818</gw:TotalSizeInBytes>\n\t\t\t\t\t\t<gw:AverageSizeInBytes>5163</gw:AverageSizeInBytes>\n\t\t\t\t\t\t<gw:MinSizeInBytes>96</gw:MinSizeInBytes>\n\t\t\t\t\t\t<gw:MaxSizeInBytes>22132</gw:MaxSizeInBytes>\n\t\t\t\t\t</gw:ContentItem>\n\t\t\t\t\t<gw:ContentItem>\n\t\t\t\t\t\t<gw:TechnicalDescription>STREAM_GRAPHICS_CMD</gw:TechnicalDescription>\n\t\t\t\t\t\t<gw:InstanceCount>37</gw:InstanceCount>\n\t\t\t\t\t\t<gw:TotalSizeInBytes>63</gw:TotalSizeInBytes>\n\t\t\t\t\t\t<gw:AverageSizeInBytes>1</gw:AverageSizeInBytes>\n\t\t\t\t\t\t<gw:MinSizeInBytes>1</gw:MinSizeInBytes>\n\t\t\t\t\t\t<gw:MaxSizeInBytes>2</gw:MaxSizeInBytes>\n\t\t\t\t\t</gw:ContentItem>\n\t\t\t\t\t<gw:ContentItem>\n\t\t\t\t\t\t<gw:TechnicalDescription>STREAM_end</gw:TechnicalDescription>\n\t\t\t\t\t\t<gw:InstanceCount>5</gw:InstanceCount>\n\t\t\t\t\t\t<gw:TotalSizeInBytes>45</gw:TotalSizeInBytes>\n\t\t\t\t\t\t<gw:AverageSizeInBytes>9</gw:AverageSizeInBytes>\n\t\t\t\t\t\t<gw:MinSizeInBytes>9</gw:MinSizeInBytes>\n\t\t\t\t\t\t<gw:MaxSizeInBytes>9</gw:MaxSizeInBytes>\n\t\t\t\t\t</gw:ContentItem>\n\t\t\t\t\t<gw:ContentItem>\n\t\t\t\t\t\t<gw:TechnicalDescription>STRING_HEX</gw:TechnicalDescription>\n\t\t\t\t\t\t<gw:InstanceCount>6</gw:InstanceCount>\n\t\t\t\t\t\t<gw:TotalSizeInBytes>204</gw:TotalSizeInBytes>\n\t\t\t\t\t\t<gw:AverageSizeInBytes>34</gw:AverageSizeInBytes>\n\t\t\t\t\t\t<gw:MinSizeInBytes>34</gw:MinSizeInBytes>\n\t\t\t\t\t\t<gw:MaxSizeInBytes>34</gw:MaxSizeInBytes>\n\t\t\t\t\t</gw:ContentItem>\n\t\t\t\t\t<gw:ContentItem>\n\t\t\t\t\t\t<gw:TechnicalDescription>STRING_LITERAL</gw:TechnicalDescription>\n\t\t\t\t\t\t<gw:InstanceCount>16</gw:InstanceCount>\n\t\t\t\t\t\t<gw:TotalSizeInBytes>230</gw:TotalSizeInBytes>\n\t\t\t\t\t\t<gw:AverageSizeInBytes>14</gw:AverageSizeInBytes>\n\t\t\t\t\t\t<gw:MinSizeInBytes>2</gw:MinSizeInBytes>\n\t\t\t\t\t\t<gw:MaxSizeInBytes>64</gw:MaxSizeInBytes>\n\t\t\t\t\t</gw:ContentItem>\n\t\t\t\t</gw:ContentItems>\n\t\t\t\t<gw:SanitisationItems itemCount=\"0\" />\n\t\t\t\t<gw:RemedyItems itemCount=\"2\">\n\t\t\t\t\t<gw:RemedyItem>\n\t\t\t\t\t\t<gw:TechnicalDescription>Token tree instances removed.</gw:TechnicalDescription>\n\t\t\t\t\t\t<gw:InstanceCount>2</gw:InstanceCount>\n\t\t\t\t\t</gw:RemedyItem>\n\t\t\t\t\t<gw:RemedyItem>\n\t\t\t\t\t\t<gw:TechnicalDescription>Unreferenced Data Instances Removed</gw:TechnicalDescription>\n\t\t\t\t\t\t<gw:InstanceCount>2</gw:InstanceCount>\n\t\t\t\t\t</gw:RemedyItem>\n\t\t\t\t</gw:RemedyItems>\n\t\t\t\t<gw:IssueItems itemCount=\"0\" />\n\t\t\t</gw:ContentGroup>\n\t\t\t<gw:ContentGroup>\n\t\t\t\t<gw:BriefDescription>PDF document has Compressed Cross Reference Table instances</gw:BriefDescription>\n\t\t\t\t<gw:ContentItems itemCount=\"1\">\n\t\t\t\t\t<gw:ContentItem>\n\t\t\t\t\t\t<gw:TechnicalDescription>Compressed Cross Reference Table</gw:TechnicalDescription>\n\t\t\t\t\t\t<gw:InstanceCount>2</gw:InstanceCount>\n\t\t\t\t\t\t<gw:TotalSizeInBytes>554</gw:TotalSizeInBytes>\n\t\t\t\t\t\t<gw:AverageSizeInBytes>277</gw:AverageSizeInBytes>\n\t\t\t\t\t\t<gw:MinSizeInBytes>277</gw:MinSizeInBytes>\n\t\t\t\t\t\t<gw:MaxSizeInBytes>277</gw:MaxSizeInBytes>\n\t\t\t\t\t</gw:ContentItem>\n\t\t\t\t</gw:ContentItems>\n\t\t\t\t<gw:SanitisationItems itemCount=\"0\" />\n\t\t\t\t<gw:RemedyItems itemCount=\"0\" />\n\t\t\t\t<gw:IssueItems itemCount=\"0\" />\n\t\t\t</gw:ContentGroup>\n\t\t\t<gw:ContentGroup>\n\t\t\t\t<gw:BriefDescription>PDF document has Content Stream Structure instances</gw:BriefDescription>\n\t\t\t\t<gw:ContentItems itemCount=\"1\">\n\t\t\t\t\t<gw:ContentItem>\n\t\t\t\t\t\t<gw:TechnicalDescription>Content Stream Structure</gw:TechnicalDescription>\n\t\t\t\t\t\t<gw:InstanceCount>4</gw:InstanceCount>\n\t\t\t\t\t\t<gw:TotalSizeInBytes>480</gw:TotalSizeInBytes>\n\t\t\t\t\t\t<gw:AverageSizeInBytes>120</gw:AverageSizeInBytes>\n\t\t\t\t\t\t<gw:MinSizeInBytes>56</gw:MinSizeInBytes>\n\t\t\t\t\t\t<gw:MaxSizeInBytes>185</gw:MaxSizeInBytes>\n\t\t\t\t\t</gw:ContentItem>\n\t\t\t\t</gw:ContentItems>\n\t\t\t\t<gw:SanitisationItems itemCount=\"0\" />\n\t\t\t\t<gw:RemedyItems itemCount=\"1\">\n\t\t\t\t\t<gw:RemedyItem>\n\t\t\t\t\t\t<gw:TechnicalDescription>Marked content tag /P not supported.</gw:TechnicalDescription>\n\t\t\t\t\t\t<gw:InstanceCount>1</gw:InstanceCount>\n\t\t\t\t\t</gw:RemedyItem>\n\t\t\t\t</gw:RemedyItems>\n\t\t\t\t<gw:IssueItems itemCount=\"0\" />\n\t\t\t</gw:ContentGroup>\n\t\t\t<gw:ContentGroup>\n\t\t\t\t<gw:BriefDescription>PDF document has Object Stream Structure instances</gw:BriefDescription>\n\t\t\t\t<gw:ContentItems itemCount=\"1\">\n\t\t\t\t\t<gw:ContentItem>\n\t\t\t\t\t\t<gw:TechnicalDescription>Object Stream Structure</gw:TechnicalDescription>\n\t\t\t\t\t\t<gw:InstanceCount>2</gw:InstanceCount>\n\t\t\t\t\t\t<gw:TotalSizeInBytes>592</gw:TotalSizeInBytes>\n\t\t\t\t\t\t<gw:AverageSizeInBytes>296</gw:AverageSizeInBytes>\n\t\t\t\t\t\t<gw:MinSizeInBytes>296</gw:MinSizeInBytes>\n\t\t\t\t\t\t<gw:MaxSizeInBytes>296</gw:MaxSizeInBytes>\n\t\t\t\t\t</gw:ContentItem>\n\t\t\t\t</gw:ContentItems>\n\t\t\t\t<gw:SanitisationItems itemCount=\"0\" />\n\t\t\t\t<gw:RemedyItems itemCount=\"0\" />\n\t\t\t\t<gw:IssueItems itemCount=\"0\" />\n\t\t\t</gw:ContentGroup>\n\t\t\t<gw:ContentGroup>\n\t\t\t\t<gw:BriefDescription>PDF document has Indirect Object Structure instances</gw:BriefDescription>\n\t\t\t\t<gw:ContentItems itemCount=\"1\">\n\t\t\t\t\t<gw:ContentItem>\n\t\t\t\t\t\t<gw:TechnicalDescription>Indirect Object</gw:TechnicalDescription>\n\t\t\t\t\t\t<gw:InstanceCount>68</gw:InstanceCount>\n\t\t\t\t\t\t<gw:TotalSizeInBytes>0</gw:TotalSizeInBytes>\n\t\t\t\t\t\t<gw:AverageSizeInBytes>0</gw:AverageSizeInBytes>\n\t\t\t\t\t\t<gw:MinSizeInBytes>0</gw:MinSizeInBytes>\n\t\t\t\t\t\t<gw:MaxSizeInBytes>0</gw:MaxSizeInBytes>\n\t\t\t\t\t</gw:ContentItem>\n\t\t\t\t</gw:ContentItems>\n\t\t\t\t<gw:SanitisationItems itemCount=\"0\" />\n\t\t\t\t<gw:RemedyItems itemCount=\"0\" />\n\t\t\t\t<gw:IssueItems itemCount=\"0\" />\n\t\t\t</gw:ContentGroup>\n\t\t\t<gw:ContentGroup>\n\t\t\t\t<gw:BriefDescription>PDF document has embedded Huffman Filter Stream instances</gw:BriefDescription>\n\t\t\t\t<gw:ContentItems itemCount=\"1\">\n\t\t\t\t\t<gw:ContentItem>\n\t\t\t\t\t\t<gw:TechnicalDescription>Embedded Huffman Filter Stream</gw:TechnicalDescription>\n\t\t\t\t\t\t<gw:InstanceCount>8</gw:InstanceCount>\n\t\t\t\t\t\t<gw:TotalSizeInBytes>23439</gw:TotalSizeInBytes>\n\t\t\t\t\t\t<gw:AverageSizeInBytes>2929</gw:AverageSizeInBytes>\n\t\t\t\t\t\t<gw:MinSizeInBytes>86</gw:MinSizeInBytes>\n\t\t\t\t\t\t<gw:MaxSizeInBytes>22122</gw:MaxSizeInBytes>\n\t\t\t\t\t</gw:ContentItem>\n\t\t\t\t</gw:ContentItems>\n\t\t\t\t<gw:SanitisationItems itemCount=\"0\" />\n\t\t\t\t<gw:RemedyItems itemCount=\"0\" />\n\t\t\t\t<gw:IssueItems itemCount=\"0\" />\n\t\t\t</gw:ContentGroup>\n\t\t\t<gw:ContentGroup>\n\t\t\t\t<gw:BriefDescription>PDF document has Standard Font Data Instances</gw:BriefDescription>\n\t\t\t\t<gw:ContentItems itemCount=\"4\">\n\t\t\t\t\t<gw:ContentItem>\n\t\t\t\t\t\t<gw:TechnicalDescription>/Helvetica</gw:TechnicalDescription>\n\t\t\t\t\t\t<gw:InstanceCount>1</gw:InstanceCount>\n\t\t\t\t\t\t<gw:TotalSizeInBytes>380</gw:TotalSizeInBytes>\n\t\t\t\t\t\t<gw:AverageSizeInBytes>380</gw:AverageSizeInBytes>\n\t\t\t\t\t\t<gw:MinSizeInBytes>380</gw:MinSizeInBytes>\n\t\t\t\t\t\t<gw:MaxSizeInBytes>380</gw:MaxSizeInBytes>\n\t\t\t\t\t</gw:ContentItem>\n\t\t\t\t\t<gw:ContentItem>\n\t\t\t\t\t\t<gw:TechnicalDescription>Direct Font Instances</gw:TechnicalDescription>\n\t\t\t\t\t\t<gw:InstanceCount>2</gw:InstanceCount>\n\t\t\t\t\t\t<gw:TotalSizeInBytes>541</gw:TotalSizeInBytes>\n\t\t\t\t\t\t<gw:AverageSizeInBytes>270</gw:AverageSizeInBytes>\n\t\t\t\t\t\t<gw:MinSizeInBytes>161</gw:MinSizeInBytes>\n\t\t\t\t\t\t<gw:MaxSizeInBytes>380</gw:MaxSizeInBytes>\n\t\t\t\t\t</gw:ContentItem>\n\t\t\t\t\t<gw:ContentItem>\n\t\t\t\t\t\t<gw:TechnicalDescription>Type 1 Font Instances</gw:TechnicalDescription>\n\t\t\t\t\t\t<gw:InstanceCount>2</gw:InstanceCount>\n\t\t\t\t\t\t<gw:TotalSizeInBytes>541</gw:TotalSizeInBytes>\n\t\t\t\t\t\t<gw:AverageSizeInBytes>270</gw:AverageSizeInBytes>\n\t\t\t\t\t\t<gw:MinSizeInBytes>161</gw:MinSizeInBytes>\n\t\t\t\t\t\t<gw:MaxSizeInBytes>380</gw:MaxSizeInBytes>\n\t\t\t\t\t</gw:ContentItem>\n\t\t\t\t\t<gw:ContentItem>\n\t\t\t\t\t\t<gw:TechnicalDescription>Unspecified Font Face Instances</gw:TechnicalDescription>\n\t\t\t\t\t\t<gw:InstanceCount>1</gw:InstanceCount>\n\t\t\t\t\t\t<gw:TotalSizeInBytes>161</gw:TotalSizeInBytes>\n\t\t\t\t\t\t<gw:AverageSizeInBytes>161</gw:AverageSizeInBytes>\n\t\t\t\t\t\t<gw:MinSizeInBytes>161</gw:MinSizeInBytes>\n\t\t\t\t\t\t<gw:MaxSizeInBytes>161</gw:MaxSizeInBytes>\n\t\t\t\t\t</gw:ContentItem>\n\t\t\t\t</gw:ContentItems>\n\t\t\t\t<gw:SanitisationItems itemCount=\"0\" />\n\t\t\t\t<gw:RemedyItems itemCount=\"0\" />\n\t\t\t\t<gw:IssueItems itemCount=\"0\" />\n\t\t\t</gw:ContentGroup>\n\t\t\t<gw:ContentGroup>\n\t\t\t\t<gw:BriefDescription>PDF document has Resource Data Instances</gw:BriefDescription>\n\t\t\t\t<gw:ContentItems itemCount=\"3\">\n\t\t\t\t\t<gw:ContentItem>\n\t\t\t\t\t\t<gw:TechnicalDescription>Inheritable Resource Instances</gw:TechnicalDescription>\n\t\t\t\t\t\t<gw:InstanceCount>3</gw:InstanceCount>\n\t\t\t\t\t\t<gw:TotalSizeInBytes>691</gw:TotalSizeInBytes>\n\t\t\t\t\t\t<gw:AverageSizeInBytes>230</gw:AverageSizeInBytes>\n\t\t\t\t\t\t<gw:MinSizeInBytes>49</gw:MinSizeInBytes>\n\t\t\t\t\t\t<gw:MaxSizeInBytes>380</gw:MaxSizeInBytes>\n\t\t\t\t\t</gw:ContentItem>\n\t\t\t\t\t<gw:ContentItem>\n\t\t\t\t\t\t<gw:TechnicalDescription>Inherited Resource Array Element Instances</gw:TechnicalDescription>\n\t\t\t\t\t\t<gw:InstanceCount>9</gw:InstanceCount>\n\t\t\t\t\t\t<gw:TotalSizeInBytes>2594</gw:TotalSizeInBytes>\n\t\t\t\t\t\t<gw:AverageSizeInBytes>288</gw:AverageSizeInBytes>\n\t\t\t\t\t\t<gw:MinSizeInBytes>262</gw:MinSizeInBytes>\n\t\t\t\t\t\t<gw:MaxSizeInBytes>380</gw:MaxSizeInBytes>\n\t\t\t\t\t</gw:ContentItem>\n\t\t\t\t\t<gw:ContentItem>\n\t\t\t\t\t\t<gw:TechnicalDescription>Resource Dictionary Instances</gw:TechnicalDescription>\n\t\t\t\t\t\t<gw:InstanceCount>2</gw:InstanceCount>\n\t\t\t\t\t\t<gw:TotalSizeInBytes>642</gw:TotalSizeInBytes>\n\t\t\t\t\t\t<gw:AverageSizeInBytes>321</gw:AverageSizeInBytes>\n\t\t\t\t\t\t<gw:MinSizeInBytes>262</gw:MinSizeInBytes>\n\t\t\t\t\t\t<gw:MaxSizeInBytes>380</gw:MaxSizeInBytes>\n\t\t\t\t\t</gw:ContentItem>\n\t\t\t\t</gw:ContentItems>\n\t\t\t\t<gw:SanitisationItems itemCount=\"0\" />\n\t\t\t\t<gw:RemedyItems itemCount=\"0\" />\n\t\t\t\t<gw:IssueItems itemCount=\"0\" />\n\t\t\t</gw:ContentGroup>\n\t\t\t<gw:ContentGroup>\n\t\t\t\t<gw:BriefDescription>PDF document has Graphic Content Stream Instances</gw:BriefDescription>\n\t\t\t\t<gw:ContentItems itemCount=\"3\">\n\t\t\t\t\t<gw:ContentItem>\n\t\t\t\t\t\t<gw:TechnicalDescription>Content Page or Form XObject Instances</gw:TechnicalDescription>\n\t\t\t\t\t\t<gw:InstanceCount>1</gw:InstanceCount>\n\t\t\t\t\t\t<gw:TotalSizeInBytes>262</gw:TotalSizeInBytes>\n\t\t\t\t\t\t<gw:AverageSizeInBytes>262</gw:AverageSizeInBytes>\n\t\t\t\t\t\t<gw:MinSizeInBytes>262</gw:MinSizeInBytes>\n\t\t\t\t\t\t<gw:MaxSizeInBytes>262</gw:MaxSizeInBytes>\n\t\t\t\t\t</gw:ContentItem>\n\t\t\t\t\t<gw:ContentItem>\n\t\t\t\t\t\t<gw:TechnicalDescription>Content Stream Instances</gw:TechnicalDescription>\n\t\t\t\t\t\t<gw:InstanceCount>2</gw:InstanceCount>\n\t\t\t\t\t\t<gw:TotalSizeInBytes>630</gw:TotalSizeInBytes>\n\t\t\t\t\t\t<gw:AverageSizeInBytes>315</gw:AverageSizeInBytes>\n\t\t\t\t\t\t<gw:MinSizeInBytes>250</gw:MinSizeInBytes>\n\t\t\t\t\t\t<gw:MaxSizeInBytes>380</gw:MaxSizeInBytes>\n\t\t\t\t\t</gw:ContentItem>\n\t\t\t\t\t<gw:ContentItem>\n\t\t\t\t\t\t<gw:TechnicalDescription>Content Stream Operator Instances</gw:TechnicalDescription>\n\t\t\t\t\t\t<gw:InstanceCount>39</gw:InstanceCount>\n\t\t\t\t\t\t<gw:TotalSizeInBytes>69</gw:TotalSizeInBytes>\n\t\t\t\t\t\t<gw:AverageSizeInBytes>1</gw:AverageSizeInBytes>\n\t\t\t\t\t\t<gw:MinSizeInBytes>1</gw:MinSizeInBytes>\n\t\t\t\t\t\t<gw:MaxSizeInBytes>3</gw:MaxSizeInBytes>\n\t\t\t\t\t</gw:ContentItem>\n\t\t\t\t</gw:ContentItems>\n\t\t\t\t<gw:SanitisationItems itemCount=\"0\" />\n\t\t\t\t<gw:RemedyItems itemCount=\"1\">\n\t\t\t\t\t<gw:RemedyItem>\n\t\t\t\t\t\t<gw:TechnicalDescription>Content stream operator BDC has at least one invalid operand.</gw:TechnicalDescription>\n\t\t\t\t\t\t<gw:InstanceCount>2</gw:InstanceCount>\n\t\t\t\t\t</gw:RemedyItem>\n\t\t\t\t</gw:RemedyItems>\n\t\t\t\t<gw:IssueItems itemCount=\"0\" />\n\t\t\t</gw:ContentGroup>\n\t\t\t<gw:ContentGroup>\n\t\t\t\t<gw:BriefDescription>PDF document has Page Tree Data Instances</gw:BriefDescription>\n\t\t\t\t<gw:ContentItems itemCount=\"4\">\n\t\t\t\t\t<gw:ContentItem>\n\t\t\t\t\t\t<gw:TechnicalDescription>Page Object Parent Instances</gw:TechnicalDescription>\n\t\t\t\t\t\t<gw:InstanceCount>1</gw:InstanceCount>\n\t\t\t\t\t\t<gw:TotalSizeInBytes>5</gw:TotalSizeInBytes>\n\t\t\t\t\t\t<gw:AverageSizeInBytes>5</gw:AverageSizeInBytes>\n\t\t\t\t\t\t<gw:MinSizeInBytes>5</gw:MinSizeInBytes>\n\t\t\t\t\t\t<gw:MaxSizeInBytes>5</gw:MaxSizeInBytes>\n\t\t\t\t\t</gw:ContentItem>\n\t\t\t\t\t<gw:ContentItem>\n\t\t\t\t\t\t<gw:TechnicalDescription>Page Tree Instances</gw:TechnicalDescription>\n\t\t\t\t\t\t<gw:InstanceCount>2</gw:InstanceCount>\n\t\t\t\t\t\t<gw:TotalSizeInBytes>4</gw:TotalSizeInBytes>\n\t\t\t\t\t\t<gw:AverageSizeInBytes>2</gw:AverageSizeInBytes>\n\t\t\t\t\t\t<gw:MinSizeInBytes>2</gw:MinSizeInBytes>\n\t\t\t\t\t\t<gw:MaxSizeInBytes>2</gw:MaxSizeInBytes>\n\t\t\t\t\t</gw:ContentItem>\n\t\t\t\t\t<gw:ContentItem>\n\t\t\t\t\t\t<gw:TechnicalDescription>Page Tree Kids Array Instances</gw:TechnicalDescription>\n\t\t\t\t\t\t<gw:InstanceCount>1</gw:InstanceCount>\n\t\t\t\t\t\t<gw:TotalSizeInBytes>49</gw:TotalSizeInBytes>\n\t\t\t\t\t\t<gw:AverageSizeInBytes>49</gw:AverageSizeInBytes>\n\t\t\t\t\t\t<gw:MinSizeInBytes>49</gw:MinSizeInBytes>\n\t\t\t\t\t\t<gw:MaxSizeInBytes>49</gw:MaxSizeInBytes>\n\t\t\t\t\t</gw:ContentItem>\n\t\t\t\t\t<gw:ContentItem>\n\t\t\t\t\t\t<gw:TechnicalDescription>Page Tree Node Instances</gw:TechnicalDescription>\n\t\t\t\t\t\t<gw:InstanceCount>1</gw:InstanceCount>\n\t\t\t\t\t\t<gw:TotalSizeInBytes>49</gw:TotalSizeInBytes>\n\t\t\t\t\t\t<gw:AverageSizeInBytes>49</gw:AverageSizeInBytes>\n\t\t\t\t\t\t<gw:MinSizeInBytes>49</gw:MinSizeInBytes>\n\t\t\t\t\t\t<gw:MaxSizeInBytes>49</gw:MaxSizeInBytes>\n\t\t\t\t\t</gw:ContentItem>\n\t\t\t\t</gw:ContentItems>\n\t\t\t\t<gw:SanitisationItems itemCount=\"0\" />\n\t\t\t\t<gw:RemedyItems itemCount=\"0\" />\n\t\t\t\t<gw:IssueItems itemCount=\"0\" />\n\t\t\t</gw:ContentGroup>\n\t\t\t<gw:ContentGroup>\n\t\t\t\t<gw:BriefDescription>PDF document has Colour Space Data Instances</gw:BriefDescription>\n\t\t\t\t<gw:ContentItems itemCount=\"2\">\n\t\t\t\t\t<gw:ContentItem>\n\t\t\t\t\t\t<gw:TechnicalDescription>Colour Space Instances</gw:TechnicalDescription>\n\t\t\t\t\t\t<gw:InstanceCount>1</gw:InstanceCount>\n\t\t\t\t\t\t<gw:TotalSizeInBytes>262</gw:TotalSizeInBytes>\n\t\t\t\t\t\t<gw:AverageSizeInBytes>262</gw:AverageSizeInBytes>\n\t\t\t\t\t\t<gw:MinSizeInBytes>262</gw:MinSizeInBytes>\n\t\t\t\t\t\t<gw:MaxSizeInBytes>262</gw:MaxSizeInBytes>\n\t\t\t\t\t</gw:ContentItem>\n\t\t\t\t\t<gw:ContentItem>\n\t\t\t\t\t\t<gw:TechnicalDescription>Direct Colour Space Instances</gw:TechnicalDescription>\n\t\t\t\t\t\t<gw:InstanceCount>1</gw:InstanceCount>\n\t\t\t\t\t\t<gw:TotalSizeInBytes>262</gw:TotalSizeInBytes>\n\t\t\t\t\t\t<gw:AverageSizeInBytes>262</gw:AverageSizeInBytes>\n\t\t\t\t\t\t<gw:MinSizeInBytes>262</gw:MinSizeInBytes>\n\t\t\t\t\t\t<gw:MaxSizeInBytes>262</gw:MaxSizeInBytes>\n\t\t\t\t\t</gw:ContentItem>\n\t\t\t\t</gw:ContentItems>\n\t\t\t\t<gw:SanitisationItems itemCount=\"0\" />\n\t\t\t\t<gw:RemedyItems itemCount=\"0\" />\n\t\t\t\t<gw:IssueItems itemCount=\"0\" />\n\t\t\t</gw:ContentGroup>\n\t\t\t<gw:ContentGroup>\n\t\t\t\t<gw:BriefDescription>PDF document has Graphic State Data Instances</gw:BriefDescription>\n\t\t\t\t<gw:ContentItems itemCount=\"3\">\n\t\t\t\t\t<gw:ContentItem>\n\t\t\t\t\t\t<gw:TechnicalDescription>Blend Mode Element Instances</gw:TechnicalDescription>\n\t\t\t\t\t\t<gw:InstanceCount>2</gw:InstanceCount>\n\t\t\t\t\t\t<gw:TotalSizeInBytes>92</gw:TotalSizeInBytes>\n\t\t\t\t\t\t<gw:AverageSizeInBytes>46</gw:AverageSizeInBytes>\n\t\t\t\t\t\t<gw:MinSizeInBytes>46</gw:MinSizeInBytes>\n\t\t\t\t\t\t<gw:MaxSizeInBytes>46</gw:MaxSizeInBytes>\n\t\t\t\t\t</gw:ContentItem>\n\t\t\t\t\t<gw:ContentItem>\n\t\t\t\t\t\t<gw:TechnicalDescription>Blend Mode Instances</gw:TechnicalDescription>\n\t\t\t\t\t\t<gw:InstanceCount>2</gw:InstanceCount>\n\t\t\t\t\t\t<gw:TotalSizeInBytes>92</gw:TotalSizeInBytes>\n\t\t\t\t\t\t<gw:AverageSizeInBytes>46</gw:AverageSizeInBytes>\n\t\t\t\t\t\t<gw:MinSizeInBytes>46</gw:MinSizeInBytes>\n\t\t\t\t\t\t<gw:MaxSizeInBytes>46</gw:MaxSizeInBytes>\n\t\t\t\t\t</gw:ContentItem>\n\t\t\t\t\t<gw:ContentItem>\n\t\t\t\t\t\t<gw:TechnicalDescription>Graphic State Parameter Dictionary Instances</gw:TechnicalDescription>\n\t\t\t\t\t\t<gw:InstanceCount>2</gw:InstanceCount>\n\t\t\t\t\t\t<gw:TotalSizeInBytes>92</gw:TotalSizeInBytes>\n\t\t\t\t\t\t<gw:AverageSizeInBytes>46</gw:AverageSizeInBytes>\n\t\t\t\t\t\t<gw:MinSizeInBytes>46</gw:MinSizeInBytes>\n\t\t\t\t\t\t<gw:MaxSizeInBytes>46</gw:MaxSizeInBytes>\n\t\t\t\t\t</gw:ContentItem>\n\t\t\t\t</gw:ContentItems>\n\t\t\t\t<gw:SanitisationItems itemCount=\"0\" />\n\t\t\t\t<gw:RemedyItems itemCount=\"0\" />\n\t\t\t\t<gw:IssueItems itemCount=\"0\" />\n\t\t\t</gw:ContentGroup>\n\t\t\t<gw:ContentGroup>\n\t\t\t\t<gw:BriefDescription>PDF document has Common Supporting Data Instances</gw:BriefDescription>\n\t\t\t\t<gw:ContentItems itemCount=\"11\">\n\t\t\t\t\t<gw:ContentItem>\n\t\t\t\t\t\t<gw:TechnicalDescription>BBOX Rectangle Instances</gw:TechnicalDescription>\n\t\t\t\t\t\t<gw:InstanceCount>1</gw:InstanceCount>\n\t\t\t\t\t\t<gw:TotalSizeInBytes>380</gw:TotalSizeInBytes>\n\t\t\t\t\t\t<gw:AverageSizeInBytes>380</gw:AverageSizeInBytes>\n\t\t\t\t\t\t<gw:MinSizeInBytes>380</gw:MinSizeInBytes>\n\t\t\t\t\t\t<gw:MaxSizeInBytes>380</gw:MaxSizeInBytes>\n\t\t\t\t\t</gw:ContentItem>\n\t\t\t\t\t<gw:ContentItem>\n\t\t\t\t\t\t<gw:TechnicalDescription>Check Viewer Instances</gw:TechnicalDescription>\n\t\t\t\t\t\t<gw:InstanceCount>1</gw:InstanceCount>\n\t\t\t\t\t\t<gw:TotalSizeInBytes>37</gw:TotalSizeInBytes>\n\t\t\t\t\t\t<gw:AverageSizeInBytes>37</gw:AverageSizeInBytes>\n\t\t\t\t\t\t<gw:MinSizeInBytes>37</gw:MinSizeInBytes>\n\t\t\t\t\t\t<gw:MaxSizeInBytes>37</gw:MaxSizeInBytes>\n\t\t\t\t\t</gw:ContentItem>\n\t\t\t\t\t<gw:ContentItem>\n\t\t\t\t\t\t<gw:TechnicalDescription>Direct Dictionary Value</gw:TechnicalDescription>\n\t\t\t\t\t\t<gw:InstanceCount>112</gw:InstanceCount>\n\t\t\t\t\t\t<gw:TotalSizeInBytes>766</gw:TotalSizeInBytes>\n\t\t\t\t\t\t<gw:AverageSizeInBytes>6</gw:AverageSizeInBytes>\n\t\t\t\t\t\t<gw:MinSizeInBytes>1</gw:MinSizeInBytes>\n\t\t\t\t\t\t<gw:MaxSizeInBytes>64</gw:MaxSizeInBytes>\n\t\t\t\t\t</gw:ContentItem>\n\t\t\t\t\t<gw:ContentItem>\n\t\t\t\t\t\t<gw:TechnicalDescription>Glyph Rectangle Instances</gw:TechnicalDescription>\n\t\t\t\t\t\t<gw:InstanceCount>1</gw:InstanceCount>\n\t\t\t\t\t\t<gw:TotalSizeInBytes>232</gw:TotalSizeInBytes>\n\t\t\t\t\t\t<gw:AverageSizeInBytes>232</gw:AverageSizeInBytes>\n\t\t\t\t\t\t<gw:MinSizeInBytes>232</gw:MinSizeInBytes>\n\t\t\t\t\t\t<gw:MaxSizeInBytes>232</gw:MaxSizeInBytes>\n\t\t\t\t\t</gw:ContentItem>\n\t\t\t\t\t<gw:ContentItem>\n\t\t\t\t\t\t<gw:TechnicalDescription>Group Attributes Dictionary Instances</gw:TechnicalDescription>\n\t\t\t\t\t\t<gw:InstanceCount>2</gw:InstanceCount>\n\t\t\t\t\t\t<gw:TotalSizeInBytes>642</gw:TotalSizeInBytes>\n\t\t\t\t\t\t<gw:AverageSizeInBytes>321</gw:AverageSizeInBytes>\n\t\t\t\t\t\t<gw:MinSizeInBytes>262</gw:MinSizeInBytes>\n\t\t\t\t\t\t<gw:MaxSizeInBytes>380</gw:MaxSizeInBytes>\n\t\t\t\t\t</gw:ContentItem>\n\t\t\t\t\t<gw:ContentItem>\n\t\t\t\t\t\t<gw:TechnicalDescription>Known Dictionary</gw:TechnicalDescription>\n\t\t\t\t\t\t<gw:InstanceCount>22</gw:InstanceCount>\n\t\t\t\t\t\t<gw:TotalSizeInBytes>32519</gw:TotalSizeInBytes>\n\t\t\t\t\t\t<gw:AverageSizeInBytes>1478</gw:AverageSizeInBytes>\n\t\t\t\t\t\t<gw:MinSizeInBytes>0</gw:MinSizeInBytes>\n\t\t\t\t\t\t<gw:MaxSizeInBytes>22205</gw:MaxSizeInBytes>\n\t\t\t\t\t</gw:ContentItem>\n\t\t\t\t\t<gw:ContentItem>\n\t\t\t\t\t\t<gw:TechnicalDescription>Mark Info Instances</gw:TechnicalDescription>\n\t\t\t\t\t\t<gw:InstanceCount>1</gw:InstanceCount>\n\t\t\t\t\t\t<gw:TotalSizeInBytes>119</gw:TotalSizeInBytes>\n\t\t\t\t\t\t<gw:AverageSizeInBytes>119</gw:AverageSizeInBytes>\n\t\t\t\t\t\t<gw:MinSizeInBytes>119</gw:MinSizeInBytes>\n\t\t\t\t\t\t<gw:MaxSizeInBytes>119</gw:MaxSizeInBytes>\n\t\t\t\t\t</gw:ContentItem>\n\t\t\t\t\t<gw:ContentItem>\n\t\t\t\t\t\t<gw:TechnicalDescription>Metadata Stream Object</gw:TechnicalDescription>\n\t\t\t\t\t\t<gw:InstanceCount>1</gw:InstanceCount>\n\t\t\t\t\t\t<gw:TotalSizeInBytes>3156</gw:TotalSizeInBytes>\n\t\t\t\t\t\t<gw:AverageSizeInBytes>3156</gw:AverageSizeInBytes>\n\t\t\t\t\t\t<gw:MinSizeInBytes>3156</gw:MinSizeInBytes>\n\t\t\t\t\t\t<gw:MaxSizeInBytes>3156</gw:MaxSizeInBytes>\n\t\t\t\t\t</gw:ContentItem>\n\t\t\t\t\t<gw:ContentItem>\n\t\t\t\t\t\t<gw:TechnicalDescription>Numeric Array Instances</gw:TechnicalDescription>\n\t\t\t\t\t\t<gw:InstanceCount>2</gw:InstanceCount>\n\t\t\t\t\t\t<gw:TotalSizeInBytes>576</gw:TotalSizeInBytes>\n\t\t\t\t\t\t<gw:AverageSizeInBytes>288</gw:AverageSizeInBytes>\n\t\t\t\t\t\t<gw:MinSizeInBytes>196</gw:MinSizeInBytes>\n\t\t\t\t\t\t<gw:MaxSizeInBytes>380</gw:MaxSizeInBytes>\n\t\t\t\t\t</gw:ContentItem>\n\t\t\t\t\t<gw:ContentItem>\n\t\t\t\t\t\t<gw:TechnicalDescription>Page Rectangle Instances</gw:TechnicalDescription>\n\t\t\t\t\t\t<gw:InstanceCount>1</gw:InstanceCount>\n\t\t\t\t\t\t<gw:TotalSizeInBytes>262</gw:TotalSizeInBytes>\n\t\t\t\t\t\t<gw:AverageSizeInBytes>262</gw:AverageSizeInBytes>\n\t\t\t\t\t\t<gw:MinSizeInBytes>262</gw:MinSizeInBytes>\n\t\t\t\t\t\t<gw:MaxSizeInBytes>262</gw:MaxSizeInBytes>\n\t\t\t\t\t</gw:ContentItem>\n\t\t\t\t\t<gw:ContentItem>\n\t\t\t\t\t\t<gw:TechnicalDescription>Rectangle Instances</gw:TechnicalDescription>\n\t\t\t\t\t\t<gw:InstanceCount>3</gw:InstanceCount>\n\t\t\t\t\t\t<gw:TotalSizeInBytes>874</gw:TotalSizeInBytes>\n\t\t\t\t\t\t<gw:AverageSizeInBytes>291</gw:AverageSizeInBytes>\n\t\t\t\t\t\t<gw:MinSizeInBytes>232</gw:MinSizeInBytes>\n\t\t\t\t\t\t<gw:MaxSizeInBytes>380</gw:MaxSizeInBytes>\n\t\t\t\t\t</gw:ContentItem>\n\t\t\t\t</gw:ContentItems>\n\t\t\t\t<gw:SanitisationItems itemCount=\"0\" />\n\t\t\t\t<gw:RemedyItems itemCount=\"1\">\n\t\t\t\t\t<gw:RemedyItem>\n\t\t\t\t\t\t<gw:TechnicalDescription>/Group dictionary contained an unexpected key (/Type).</gw:TechnicalDescription>\n\t\t\t\t\t\t<gw:InstanceCount>1</gw:InstanceCount>\n\t\t\t\t\t</gw:RemedyItem>\n\t\t\t\t</gw:RemedyItems>\n\t\t\t\t<gw:IssueItems itemCount=\"0\" />\n\t\t\t</gw:ContentGroup>\n\t\t\t<gw:ContentGroup>\n\t\t\t\t<gw:BriefDescription>PDF document has Trailer Data Instances</gw:BriefDescription>\n\t\t\t\t<gw:ContentItems itemCount=\"4\">\n\t\t\t\t\t<gw:ContentItem>\n\t\t\t\t\t\t<gw:TechnicalDescription>Document Information dictionary Instances</gw:TechnicalDescription>\n\t\t\t\t\t\t<gw:InstanceCount>1</gw:InstanceCount>\n\t\t\t\t\t\t<gw:TotalSizeInBytes>0</gw:TotalSizeInBytes>\n\t\t\t\t\t\t<gw:AverageSizeInBytes>0</gw:AverageSizeInBytes>\n\t\t\t\t\t\t<gw:MinSizeInBytes>0</gw:MinSizeInBytes>\n\t\t\t\t\t\t<gw:MaxSizeInBytes>0</gw:MaxSizeInBytes>\n\t\t\t\t\t</gw:ContentItem>\n\t\t\t\t\t<gw:ContentItem>\n\t\t\t\t\t\t<gw:TechnicalDescription>PDF Document trailer ID Array Instances</gw:TechnicalDescription>\n\t\t\t\t\t\t<gw:InstanceCount>1</gw:InstanceCount>\n\t\t\t\t\t\t<gw:TotalSizeInBytes>0</gw:TotalSizeInBytes>\n\t\t\t\t\t\t<gw:AverageSizeInBytes>0</gw:AverageSizeInBytes>\n\t\t\t\t\t\t<gw:MinSizeInBytes>0</gw:MinSizeInBytes>\n\t\t\t\t\t\t<gw:MaxSizeInBytes>0</gw:MaxSizeInBytes>\n\t\t\t\t\t</gw:ContentItem>\n\t\t\t\t\t<gw:ContentItem>\n\t\t\t\t\t\t<gw:TechnicalDescription>PDF Document trailer Instances</gw:TechnicalDescription>\n\t\t\t\t\t\t<gw:InstanceCount>1</gw:InstanceCount>\n\t\t\t\t\t\t<gw:TotalSizeInBytes>0</gw:TotalSizeInBytes>\n\t\t\t\t\t\t<gw:AverageSizeInBytes>0</gw:AverageSizeInBytes>\n\t\t\t\t\t\t<gw:MinSizeInBytes>0</gw:MinSizeInBytes>\n\t\t\t\t\t\t<gw:MaxSizeInBytes>0</gw:MaxSizeInBytes>\n\t\t\t\t\t</gw:ContentItem>\n\t\t\t\t\t<gw:ContentItem>\n\t\t\t\t\t\t<gw:TechnicalDescription>PDF Document trailer Size Instances</gw:TechnicalDescription>\n\t\t\t\t\t\t<gw:InstanceCount>1</gw:InstanceCount>\n\t\t\t\t\t\t<gw:TotalSizeInBytes>0</gw:TotalSizeInBytes>\n\t\t\t\t\t\t<gw:AverageSizeInBytes>0</gw:AverageSizeInBytes>\n\t\t\t\t\t\t<gw:MinSizeInBytes>0</gw:MinSizeInBytes>\n\t\t\t\t\t\t<gw:MaxSizeInBytes>0</gw:MaxSizeInBytes>\n\t\t\t\t\t</gw:ContentItem>\n\t\t\t\t</gw:ContentItems>\n\t\t\t\t<gw:SanitisationItems itemCount=\"1\">\n\t\t\t\t\t<gw:SanitisationItem>\n\t\t\t\t\t\t<gw:TechnicalDescription>Document contains metadata: Document information dictionary detected in a document trailer dictionary.</gw:TechnicalDescription>\n\t\t\t\t\t\t<gw:SanitisationId>198115357</gw:SanitisationId>\n\t\t\t\t\t\t<gw:InstanceCount>1</gw:InstanceCount>\n\t\t\t\t\t\t<gw:TotalSizeInBytes>0</gw:TotalSizeInBytes>\n\t\t\t\t\t\t<gw:AverageSizeInBytes>0</gw:AverageSizeInBytes>\n\t\t\t\t\t\t<gw:MinSizeInBytes>0</gw:MinSizeInBytes>\n\t\t\t\t\t\t<gw:MaxSizeInBytes>0</gw:MaxSizeInBytes>\n\t\t\t\t\t</gw:SanitisationItem>\n\t\t\t\t</gw:SanitisationItems>\n\t\t\t\t<gw:RemedyItems itemCount=\"1\">\n\t\t\t\t\t<gw:RemedyItem>\n\t\t\t\t\t\t<gw:TechnicalDescription>Trailer attribute /Size (23) should be the same as the Cross Reference Table maximum object number plus one (22).</gw:TechnicalDescription>\n\t\t\t\t\t\t<gw:InstanceCount>1</gw:InstanceCount>\n\t\t\t\t\t</gw:RemedyItem>\n\t\t\t\t</gw:RemedyItems>\n\t\t\t\t<gw:IssueItems itemCount=\"0\" />\n\t\t\t</gw:ContentGroup>\n\t\t\t<gw:ContentGroup>\n\t\t\t\t<gw:BriefDescription>PDF document has Catalog Data Instances</gw:BriefDescription>\n\t\t\t\t<gw:ContentItems itemCount=\"2\">\n\t\t\t\t\t<gw:ContentItem>\n\t\t\t\t\t\t<gw:TechnicalDescription>Catalog Data</gw:TechnicalDescription>\n\t\t\t\t\t\t<gw:InstanceCount>1</gw:InstanceCount>\n\t\t\t\t\t\t<gw:TotalSizeInBytes>119</gw:TotalSizeInBytes>\n\t\t\t\t\t\t<gw:AverageSizeInBytes>119</gw:AverageSizeInBytes>\n\t\t\t\t\t\t<gw:MinSizeInBytes>119</gw:MinSizeInBytes>\n\t\t\t\t\t\t<gw:MaxSizeInBytes>119</gw:MaxSizeInBytes>\n\t\t\t\t\t</gw:ContentItem>\n\t\t\t\t\t<gw:ContentItem>\n\t\t\t\t\t\t<gw:TechnicalDescription>Catalog XML Metadata Instances</gw:TechnicalDescription>\n\t\t\t\t\t\t<gw:InstanceCount>1</gw:InstanceCount>\n\t\t\t\t\t\t<gw:TotalSizeInBytes>119</gw:TotalSizeInBytes>\n\t\t\t\t\t\t<gw:AverageSizeInBytes>119</gw:AverageSizeInBytes>\n\t\t\t\t\t\t<gw:MinSizeInBytes>119</gw:MinSizeInBytes>\n\t\t\t\t\t\t<gw:MaxSizeInBytes>119</gw:MaxSizeInBytes>\n\t\t\t\t\t</gw:ContentItem>\n\t\t\t\t</gw:ContentItems>\n\t\t\t\t<gw:SanitisationItems itemCount=\"1\">\n\t\t\t\t\t<gw:SanitisationItem>\n\t\t\t\t\t\t<gw:TechnicalDescription>Document contains metadata: XML Metadata detected in a document catalog dictionary.</gw:TechnicalDescription>\n\t\t\t\t\t\t<gw:SanitisationId>198115351</gw:SanitisationId>\n\t\t\t\t\t\t<gw:InstanceCount>1</gw:InstanceCount>\n\t\t\t\t\t\t<gw:TotalSizeInBytes>119</gw:TotalSizeInBytes>\n\t\t\t\t\t\t<gw:AverageSizeInBytes>119</gw:AverageSizeInBytes>\n\t\t\t\t\t\t<gw:MinSizeInBytes>119</gw:MinSizeInBytes>\n\t\t\t\t\t\t<gw:MaxSizeInBytes>119</gw:MaxSizeInBytes>\n\t\t\t\t\t</gw:SanitisationItem>\n\t\t\t\t</gw:SanitisationItems>\n\t\t\t\t<gw:RemedyItems itemCount=\"0\" />\n\t\t\t\t<gw:IssueItems itemCount=\"0\" />\n\t\t\t</gw:ContentGroup>\n\t\t\t<gw:ContentGroup>\n\t\t\t\t<gw:BriefDescription>PDF document has XObject Data Instances</gw:BriefDescription>\n\t\t\t\t<gw:ContentItems itemCount=\"2\">\n\t\t\t\t\t<gw:ContentItem>\n\t\t\t\t\t\t<gw:TechnicalDescription>Form Xobject Instances</gw:TechnicalDescription>\n\t\t\t\t\t\t<gw:InstanceCount>1</gw:InstanceCount>\n\t\t\t\t\t\t<gw:TotalSizeInBytes>380</gw:TotalSizeInBytes>\n\t\t\t\t\t\t<gw:AverageSizeInBytes>380</gw:AverageSizeInBytes>\n\t\t\t\t\t\t<gw:MinSizeInBytes>380</gw:MinSizeInBytes>\n\t\t\t\t\t\t<gw:MaxSizeInBytes>380</gw:MaxSizeInBytes>\n\t\t\t\t\t</gw:ContentItem>\n\t\t\t\t\t<gw:ContentItem>\n\t\t\t\t\t\t<gw:TechnicalDescription>Xobject Instances</gw:TechnicalDescription>\n\t\t\t\t\t\t<gw:InstanceCount>1</gw:InstanceCount>\n\t\t\t\t\t\t<gw:TotalSizeInBytes>262</gw:TotalSizeInBytes>\n\t\t\t\t\t\t<gw:AverageSizeInBytes>262</gw:AverageSizeInBytes>\n\t\t\t\t\t\t<gw:MinSizeInBytes>262</gw:MinSizeInBytes>\n\t\t\t\t\t\t<gw:MaxSizeInBytes>262</gw:MaxSizeInBytes>\n\t\t\t\t\t</gw:ContentItem>\n\t\t\t\t</gw:ContentItems>\n\t\t\t\t<gw:SanitisationItems itemCount=\"0\" />\n\t\t\t\t<gw:RemedyItems itemCount=\"0\" />\n\t\t\t\t<gw:IssueItems itemCount=\"0\" />\n\t\t\t</gw:ContentGroup>\n\t\t</gw:ContentGroups>\n\t\t<gw:ExtractedItems itemCount=\"0\" />\n\t</gw:DocumentStatistics>\n</gw:GWallInfo>\n"