"<?xml version=\"1.0\" encoding=\"utf-8\"?>\n<gw:GWallInfo xsi:schemaLocation=\"http://glasswall.com/namespace/gwallInfo.xsd\" xmlns:xsi=\"http://www.w3.org/2001/XMLSchema-instance\" xmlns:gw=\"http://glasswall.com/namespace\">\n\t<gw:DocumentStatistics>\n\t\t<gw:DocumentSummary>\n\t\t\t<gw:TotalSizeInBytes>0</gw:TotalSizeInBytes>\n\t\t\t<gw:FileType>jpeg</gw:FileType>\n\t\t\t<gw:Version>Not Applicable</gw:Version>\n\t\t</gw:DocumentSummary>\n\t\t<gw:ContentManagementPolicy>\n\t\t\t<gw:Camera cameraName=\"pdfConfig\">\n\t\t\t\t<gw:ContentSwitch>\n\t\t\t\t\t<gw:ContentName>metadata</gw:ContentName>\n\t\t\t\t\t<gw:ContentValue>sanitise</gw:ContentValue>\n\t\t\t\t</gw:ContentSwitch>\n\t\t\t\t<gw:ContentSwitch>\n\t\t\t\t\t<gw:ContentName>javascript</gw:ContentName>\n\t\t\t\t\t<gw:ContentValue>sanitise</gw:ContentValue>\n\t\t\t\t</gw:ContentSwitch>\n\t\t\t\t<gw:ContentSwitch>\n\t\t\t\t\t<gw:ContentName>acroform</gw:ContentName>\n\t\t\t\t\t<gw:ContentValue>sanitise</gw:ContentValue>\n\t\t\t\t</gw:ContentSwitch>\n\t\t\t\t<gw:ContentSwitch>\n\t\t\t\t\t<gw:ContentName>actions_all</gw:ContentName>\n\t\t\t\t\t<gw:ContentValue>sanitise</gw:ContentValue>\n\t\t\t\t</gw:ContentSwitch>\n\t\t\t\t<gw:ContentSwitch>\n\t\t\t\t\t<gw:ContentName>embedded_files</gw:ContentName>\n\t\t\t\t\t<gw:ContentValue>sanitise</gw:ContentValue>\n\t\t\t\t</gw:ContentSwitch>\n\t\t\t\t<gw:ContentSwitch>\n\t\t\t\t\t<gw:ContentName>external_hyperlinks</gw:ContentName>\n\t\t\t\t\t<gw:ContentValue>sanitise</gw:ContentValue>\n\t\t\t\t</gw:ContentSwitch>\n\t\t\t\t<gw:ContentSwitch>\n\t\t\t\t\t<gw:ContentName>internal_hyperlinks</gw:ContentName>\n\t\t\t\t\t<gw:ContentValue>sanitise</gw:ContentValue>\n\t\t\t\t</gw:ContentSwitch>\n\t\t\t\t<gw:ContentSwitch>\n\t\t\t\t\t<gw:ContentName>embedded_images</gw:ContentName>\n\t\t\t\t\t<gw:ContentValue>sanitise</gw:ContentValue>\n\t\t\t\t</gw:ContentSwitch>\n\t\t\t</gw:Camera>\n\t\t\t<gw:Camera cameraName=\"wordConfig\">\n\t\t\t\t<gw:ContentSwitch>\n\t\t\t\t\t<gw:ContentName>metadata</gw:ContentName>\n\t\t\t\t\t<gw:ContentValue>sanitise</gw:ContentValue>\n\t\t\t\t</gw:ContentSwitch>\n\t\t\t\t<gw:ContentSwitch>\n\t\t\t\t\t<gw:ContentName>macros</gw:ContentName>\n\t\t\t\t\t<gw:ContentValue>sanitise</gw:ContentValue>\n\t\t\t\t</gw:ContentSwitch>\n\t\t\t\t<gw:ContentSwitch>\n\t\t\t\t\t<gw:ContentName>embedded_files</gw:ContentName>\n\t\t\t\t\t<gw:ContentValue>sanitise</gw:ContentValue>\n\t\t\t\t</gw:ContentSwitch>\n\t\t\t\t<gw:ContentSwitch>\n\t\t\t\t\t<gw:ContentName>review_comments</gw:ContentName>\n\t\t\t\t\t<gw:ContentValue>sanitise</gw:ContentValue>\n\t\t\t\t</gw:ContentSwitch>\n\t\t\t\t<gw:ContentSwitch>\n\t\t\t\t\t<gw:ContentName>internal_hyperlinks</gw:ContentName>\n\t\t\t\t\t<gw:ContentValue>sanitise</gw:ContentValue>\n\t\t\t\t</gw:ContentSwitch>\n\t\t\t\t<gw:ContentSwitch>\n\t\t\t\t\t<gw:ContentName>external_hyperlinks</gw:ContentName>\n\t\t\t\t\t<gw:ContentValue>sanitise</gw:ContentValue>\n\t\t\t\t</gw:ContentSwitch>\n\t\t\t\t<gw:ContentSwitch>\n\t\t\t\t\t<gw:ContentName>dynamic_data_exchange</gw:ContentName>\n\t\t\t\t\t<gw:ContentValue>sanitise</gw:ContentValue>\n\t\t\t\t</gw:ContentSwitch>\n\t\t\t\t<gw:ContentSwitch>\n\t\t\t\t\t<gw:ContentName>embedded_images</gw:ContentName>\n\t\t\t\t\t<gw:ContentValue>sanitise</gw:ContentValue>\n\t\t\t\t</gw:ContentSwitch>\n\t\t\t</gw:Camera>\n\t\t\t<gw:Camera cameraName=\"pptConfig\">\n\t\t\t\t<gw:ContentSwitch>\n\t\t\t\t\t<gw:ContentName>metadata</gw:ContentName>\n\t\t\t\t\t<gw:ContentValue>sanitise</gw:ContentValue>\n\t\t\t\t</gw:ContentSwitch>\n\t\t\t\t<gw:ContentSwitch>\n\t\t\t\t\t<gw:ContentName>macros</gw:ContentName>\n\t\t\t\t\t<gw:ContentValue>sanitise</gw:ContentValue>\n\t\t\t\t</gw:ContentSwitch>\n\t\t\t\t<gw:ContentSwitch>\n\t\t\t\t\t<gw:ContentName>embedded_files</gw:ContentName>\n\t\t\t\t\t<gw:ContentValue>sanitise</gw:ContentValue>\n\t\t\t\t</gw:ContentSwitch>\n\t\t\t\t<gw:ContentSwitch>\n\t\t\t\t\t<gw:ContentName>review_comments</gw:ContentName>\n\t\t\t\t\t<gw:ContentValue>sanitise</gw:ContentValue>\n\t\t\t\t</gw:ContentSwitch>\n\t\t\t\t<gw:ContentSwitch>\n\t\t\t\t\t<gw:ContentName>internal_hyperlinks</gw:ContentName>\n\t\t\t\t\t<gw:ContentValue>sanitise</gw:ContentValue>\n\t\t\t\t</gw:ContentSwitch>\n\t\t\t\t<gw:ContentSwitch>\n\t\t\t\t\t<gw:ContentName>external_hyperlinks</gw:ContentName>\n\t\t\t\t\t<gw:ContentValue>sanitise</gw:ContentValue>\n\t\t\t\t</gw:ContentSwitch>\n\t\t\t\t<gw:ContentSwitch>\n\t\t\t\t\t<gw:ContentName>embedded_images</gw:ContentName>\n\t\t\t\t\t<gw:ContentValue>sanitise</gw:ContentValue>\n\t\t\t\t</gw:ContentSwitch>\n\t\t\t</gw:Camera>\n\t\t\t<gw:Camera cameraName=\"xlsConfig\">\n\t\t\t\t<gw:ContentSwitch>\n\t\t\t\t\t<gw:ContentName>metadata</gw:ContentName>\n\t\t\t\t\t<gw:ContentValue>sanitise</gw:ContentValue>\n\t\t\t\t</gw:ContentSwitch>\n\t\t\t\t<gw:ContentSwitch>\n\t\t\t\t\t<gw:ContentName>macros</gw:ContentName>\n\t\t\t\t\t<gw:ContentValue>sanitise</gw:ContentValue>\n\t\t\t\t</gw:ContentSwitch>\n\t\t\t\t<gw:ContentSwitch>\n\t\t\t\t\t<gw:ContentName>embedded_files</gw:ContentName>\n\t\t\t\t\t<gw:ContentValue>sanitise</gw:ContentValue>\n\t\t\t\t</gw:ContentSwitch>\n\t\t\t\t<gw:ContentSwitch>\n\t\t\t\t\t<gw:ContentName>internal_hyperlinks</gw:ContentName>\n\t\t\t\t\t<gw:ContentValue>sanitise</gw:ContentValue>\n\t\t\t\t</gw:ContentSwitch>\n\t\t\t\t<gw:ContentSwitch>\n\t\t\t\t\t<gw:ContentName>external_hyperlinks</gw:ContentName>\n\t\t\t\t\t<gw:ContentValue>sanitise</gw:ContentValue>\n\t\t\t\t</gw:ContentSwitch>\n\t\t\t\t<gw:ContentSwitch>\n\t\t\t\t\t<gw:ContentName>review_comments</gw:ContentName>\n\t\t\t\t\t<gw:ContentValue>sanitise</gw:ContentValue>\n\t\t\t\t</gw:ContentSwitch>\n\t\t\t\t<gw:ContentSwitch>\n\t\t\t\t\t<gw:ContentName>dynamic_data_exchange</gw:ContentName>\n\t\t\t\t\t<gw:ContentValue>sanitise</gw:ContentValue>\n\t\t\t\t</gw:ContentSwitch>\n\t\t\t\t<gw:ContentSwitch>\n\t\t\t\t\t<gw:ContentName>embedded_images</gw:ContentName>\n\t\t\t\t\t<gw:ContentValue>sanitise</gw:ContentValue>\n\t\t\t\t</gw:ContentSwitch>\n\t\t\t</gw:Camera>\n\t\t</gw:ContentManagementPolicy>\n\t\t<gw:ContentGroups groupCount=\"3\">\n\t\t\t<gw:ContentGroup>\n\t\t\t\t<gw:BriefDescription>JPEG document has Marker Data Instances</gw:BriefDescription>\n\t\t\t\t<gw:ContentItems itemCount=\"5\">\n\t\t\t\t\t<gw:ContentItem>\n\t\t\t\t\t\t<gw:TechnicalDescription>APP0_Reserved_for_application_segments</gw:TechnicalDescription>\n\t\t\t\t\t\t<gw:InstanceCount>1</gw:InstanceCount>\n\t\t\t\t\t\t<gw:TotalSizeInBytes>18</gw:TotalSizeInBytes>\n\t\t\t\t\t\t<gw:AverageSizeInBytes>18</gw:AverageSizeInBytes>\n\t\t\t\t\t\t<gw:MinSizeInBytes>18</gw:MinSizeInBytes>\n\t\t\t\t\t\t<gw:MaxSizeInBytes>18</gw:MaxSizeInBytes>\n\t\t\t\t\t</gw:ContentItem>\n\t\t\t\t\t<gw:ContentItem>\n\t\t\t\t\t\t<gw:TechnicalDescription>DHT_Define_Huffman_tables</gw:TechnicalDescription>\n\t\t\t\t\t\t<gw:InstanceCount>4</gw:InstanceCount>\n\t\t\t\t\t\t<gw:TotalSizeInBytes>432</gw:TotalSizeInBytes>\n\t\t\t\t\t\t<gw:AverageSizeInBytes>108</gw:AverageSizeInBytes>\n\t\t\t\t\t\t<gw:MinSizeInBytes>33</gw:MinSizeInBytes>\n\t\t\t\t\t\t<gw:MaxSizeInBytes>183</gw:MaxSizeInBytes>\n\t\t\t\t\t</gw:ContentItem>\n\t\t\t\t\t<gw:ContentItem>\n\t\t\t\t\t\t<gw:TechnicalDescription>DQT_Define_quantization_tables</gw:TechnicalDescription>\n\t\t\t\t\t\t<gw:InstanceCount>2</gw:InstanceCount>\n\t\t\t\t\t\t<gw:TotalSizeInBytes>138</gw:TotalSizeInBytes>\n\t\t\t\t\t\t<gw:AverageSizeInBytes>69</gw:AverageSizeInBytes>\n\t\t\t\t\t\t<gw:MinSizeInBytes>69</gw:MinSizeInBytes>\n\t\t\t\t\t\t<gw:MaxSizeInBytes>69</gw:MaxSizeInBytes>\n\t\t\t\t\t</gw:ContentItem>\n\t\t\t\t\t<gw:ContentItem>\n\t\t\t\t\t\t<gw:TechnicalDescription>EOI_End_of_image</gw:TechnicalDescription>\n\t\t\t\t\t\t<gw:InstanceCount>1</gw:InstanceCount>\n\t\t\t\t\t\t<gw:TotalSizeInBytes>2</gw:TotalSizeInBytes>\n\t\t\t\t\t\t<gw:AverageSizeInBytes>2</gw:AverageSizeInBytes>\n\t\t\t\t\t\t<gw:MinSizeInBytes>2</gw:MinSizeInBytes>\n\t\t\t\t\t\t<gw:MaxSizeInBytes>2</gw:MaxSizeInBytes>\n\t\t\t\t\t</gw:ContentItem>\n\t\t\t\t\t<gw:ContentItem>\n\t\t\t\t\t\t<gw:TechnicalDescription>SOI_Start_of_image</gw:TechnicalDescription>\n\t\t\t\t\t\t<gw:InstanceCount>1</gw:InstanceCount>\n\t\t\t\t\t\t<gw:TotalSizeInBytes>2</gw:TotalSizeInBytes>\n\t\t\t\t\t\t<gw:AverageSizeInBytes>2</gw:AverageSizeInBytes>\n\t\t\t\t\t\t<gw:MinSizeInBytes>2</gw:MinSizeInBytes>\n\t\t\t\t\t\t<gw:MaxSizeInBytes>2</gw:MaxSizeInBytes>\n\t\t\t\t\t</gw:ContentItem>\n\t\t\t\t</gw:ContentItems>\n\t\t\t\t<gw:SanitisationItems itemCount=\"0\" />\n\t\t\t\t<gw:RemedyItems itemCount=\"2\">\n\t\t\t\t\t<gw:RemedyItem>\n\t\t\t\t\t\t<gw:TechnicalDescription>APP segment removed</gw:TechnicalDescription>\n\t\t\t\t\t\t<gw:InstanceCount>1</gw:InstanceCount>\n\t\t\t\t\t</gw:RemedyItem>\n\t\t\t\t\t<gw:RemedyItem>\n\t\t\t\t\t\t<gw:TechnicalDescription>Remediated 18 bytes of padding at end of file.</gw:TechnicalDescription>\n\t\t\t\t\t\t<gw:InstanceCount>1</gw:InstanceCount>\n\t\t\t\t\t</gw:RemedyItem>\n\t\t\t\t</gw:RemedyItems>\n\t\t\t\t<gw:IssueItems itemCount=\"0\" />\n\t\t\t</gw:ContentGroup>\n\t\t\t<gw:ContentGroup>\n\t\t\t\t<gw:BriefDescription>JPEG document has Scan Data Instances</gw:BriefDescription>\n\t\t\t\t<gw:ContentItems itemCount=\"4\">\n\t\t\t\t\t<gw:ContentItem>\n\t\t\t\t\t\t<gw:TechnicalDescription>ECS Section Instances</gw:TechnicalDescription>\n\t\t\t\t\t\t<gw:InstanceCount>1</gw:InstanceCount>\n\t\t\t\t\t\t<gw:TotalSizeInBytes>11776203</gw:TotalSizeInBytes>\n\t\t\t\t\t\t<gw:AverageSizeInBytes>11776203</gw:AverageSizeInBytes>\n\t\t\t\t\t\t<gw:MinSizeInBytes>11776203</gw:MinSizeInBytes>\n\t\t\t\t\t\t<gw:MaxSizeInBytes>11776203</gw:MaxSizeInBytes>\n\t\t\t\t\t</gw:ContentItem>\n\t\t\t\t\t<gw:ContentItem>\n\t\t\t\t\t\t<gw:TechnicalDescription>Scan Data Instances</gw:TechnicalDescription>\n\t\t\t\t\t\t<gw:InstanceCount>1</gw:InstanceCount>\n\t\t\t\t\t\t<gw:TotalSizeInBytes>0</gw:TotalSizeInBytes>\n\t\t\t\t\t\t<gw:AverageSizeInBytes>0</gw:AverageSizeInBytes>\n\t\t\t\t\t\t<gw:MinSizeInBytes>0</gw:MinSizeInBytes>\n\t\t\t\t\t\t<gw:MaxSizeInBytes>0</gw:MaxSizeInBytes>\n\t\t\t\t\t</gw:ContentItem>\n\t\t\t\t\t<gw:ContentItem>\n\t\t\t\t\t\t<gw:TechnicalDescription>Sequential Ecs Section Instances</gw:TechnicalDescription>\n\t\t\t\t\t\t<gw:InstanceCount>1</gw:InstanceCount>\n\t\t\t\t\t\t<gw:TotalSizeInBytes>11776203</gw:TotalSizeInBytes>\n\t\t\t\t\t\t<gw:AverageSizeInBytes>11776203</gw:AverageSizeInBytes>\n\t\t\t\t\t\t<gw:MinSizeInBytes>11776203</gw:MinSizeInBytes>\n\t\t\t\t\t\t<gw:MaxSizeInBytes>11776203</gw:MaxSizeInBytes>\n\t\t\t\t\t</gw:ContentItem>\n\t\t\t\t\t<gw:ContentItem>\n\t\t\t\t\t\t<gw:TechnicalDescription>Start Of Scan Instances</gw:TechnicalDescription>\n\t\t\t\t\t\t<gw:InstanceCount>1</gw:InstanceCount>\n\t\t\t\t\t\t<gw:TotalSizeInBytes>4</gw:TotalSizeInBytes>\n\t\t\t\t\t\t<gw:AverageSizeInBytes>4</gw:AverageSizeInBytes>\n\t\t\t\t\t\t<gw:MinSizeInBytes>4</gw:MinSizeInBytes>\n\t\t\t\t\t\t<gw:MaxSizeInBytes>4</gw:MaxSizeInBytes>\n\t\t\t\t\t</gw:ContentItem>\n\t\t\t\t</gw:ContentItems>\n\t\t\t\t<gw:SanitisationItems itemCount=\"0\" />\n\t\t\t\t<gw:RemedyItems itemCount=\"0\" />\n\t\t\t\t<gw:IssueItems itemCount=\"0\" />\n\t\t\t</gw:ContentGroup>\n\t\t\t<gw:ContentGroup>\n\t\t\t\t<gw:BriefDescription>JPEG document has Frame Data Instances</gw:BriefDescription>\n\t\t\t\t<gw:ContentItems itemCount=\"4\">\n\t\t\t\t\t<gw:ContentItem>\n\t\t\t\t\t\t<gw:TechnicalDescription>Define Huffman Table Instances</gw:TechnicalDescription>\n\t\t\t\t\t\t<gw:InstanceCount>4</gw:InstanceCount>\n\t\t\t\t\t\t<gw:TotalSizeInBytes>432</gw:TotalSizeInBytes>\n\t\t\t\t\t\t<gw:AverageSizeInBytes>108</gw:AverageSizeInBytes>\n\t\t\t\t\t\t<gw:MinSizeInBytes>33</gw:MinSizeInBytes>\n\t\t\t\t\t\t<gw:MaxSizeInBytes>183</gw:MaxSizeInBytes>\n\t\t\t\t\t</gw:ContentItem>\n\t\t\t\t\t<gw:ContentItem>\n\t\t\t\t\t\t<gw:TechnicalDescription>Define Quantization Table Instances</gw:TechnicalDescription>\n\t\t\t\t\t\t<gw:InstanceCount>2</gw:InstanceCount>\n\t\t\t\t\t\t<gw:TotalSizeInBytes>138</gw:TotalSizeInBytes>\n\t\t\t\t\t\t<gw:AverageSizeInBytes>69</gw:AverageSizeInBytes>\n\t\t\t\t\t\t<gw:MinSizeInBytes>69</gw:MinSizeInBytes>\n\t\t\t\t\t\t<gw:MaxSizeInBytes>69</gw:MaxSizeInBytes>\n\t\t\t\t\t</gw:ContentItem>\n\t\t\t\t\t<gw:ContentItem>\n\t\t\t\t\t\t<gw:TechnicalDescription>Frame Data Instances</gw:TechnicalDescription>\n\t\t\t\t\t\t<gw:InstanceCount>1</gw:InstanceCount>\n\t\t\t\t\t\t<gw:TotalSizeInBytes>0</gw:TotalSizeInBytes>\n\t\t\t\t\t\t<gw:AverageSizeInBytes>0</gw:AverageSizeInBytes>\n\t\t\t\t\t\t<gw:MinSizeInBytes>0</gw:MinSizeInBytes>\n\t\t\t\t\t\t<gw:MaxSizeInBytes>0</gw:MaxSizeInBytes>\n\t\t\t\t\t</gw:ContentItem>\n\t\t\t\t\t<gw:ContentItem>\n\t\t\t\t\t\t<gw:TechnicalDescription>Frame Header Instances</gw:TechnicalDescription>\n\t\t\t\t\t\t<gw:InstanceCount>1</gw:InstanceCount>\n\t\t\t\t\t\t<gw:TotalSizeInBytes>19</gw:TotalSizeInBytes>\n\t\t\t\t\t\t<gw:AverageSizeInBytes>19</gw:AverageSizeInBytes>\n\t\t\t\t\t\t<gw:MinSizeInBytes>19</gw:MinSizeInBytes>\n\t\t\t\t\t\t<gw:MaxSizeInBytes>19</gw:MaxSizeInBytes>\n\t\t\t\t\t</gw:ContentItem>\n\t\t\t\t</gw:ContentItems>\n\t\t\t\t<gw:SanitisationItems itemCount=\"0\" />\n\t\t\t\t<gw:RemedyItems itemCount=\"0\" />\n\t\t\t\t<gw:IssueItems itemCount=\"0\" />\n\t\t\t</gw:ContentGroup>\n\t\t</gw:ContentGroups>\n\t\t<gw:ExtractedItems itemCount=\"0\" />\n\t</gw:DocumentStatistics>\n</gw:GWallInfo>\n"